TITCK_ID,TITCK_Ilac_Adi,ATC_Barkod,ATC_Kodu,ATC_Durumu,Match Score
2,% 10 DEKSTROZ BIOSEL SUDAKI HIPERTONIK SOLÜSYONU,8699788695045,B05BA03,Aktif,77.73
3,% 10 DEKSTROZ BIOSEL SUDAKI HIPERTONIK SOLÜSYONU,8699788695045,B05BA03,Aktif,77.73
4,% 10 DEKSTROZ BIOSEL SUDAKI HIPERTONIK SOLÜSYONU,8699788695045,B05BA03,Aktif,77.73
5,"% 17,5 DEKSTROZ BIOSEL SUDAKI HIPERTONIK SOLÜSYONU",8699788695038,B05BA03,Aktif,80.12
6,"% 17,5 DEKSTROZ BIOSEL SUDAKI HIPERTONIK SOLÜSYONU",8699788695038,B05BA03,Aktif,80.12
7,% 20 DEKSTROZ BIOSEL SUDAKI HIPERTONIK SOLÜSYONU,8699788695045,B05BA03,Aktif,78.72
12,% 50 DEKSTROZ BİOSEL SUDAKİ HİPERTONİK SOLÜSYONU,8699788695069,B05BA03,Aktif,70.02
13,%0.9 İZOTONİK SODYUM KLORÜR SOLÜSYONU,8699788690453,B05XA03,Pasif,70.05
14,%0.9 İZOTONİK SODYUM KLORÜR SOLÜSYONU,8699788690453,B05XA03,Pasif,70.05
25,"%5 DEKSTROZ , %0.45 SODYUM KLORÜR, %0.3 POTASYUM KLORÜR BIOSEL ENJEKTABL SOLÜSYONU",8699788690132,B05BB02,Aktif,77.09
28,%5 DEKSTROZ %0.45 SODYUM KLORÜR BİOSEL SOLÜSYONU,8699788690132,B05BB02,Aktif,71.35
31,%5 DEKSTROZ BIOSEL SUDAKI SOLÜSYONU,8699788690903,B05BA03,Aktif,73.17
43,5-FLUOROURACIL 1000 MG/20 ML ENJEKTABL ÇÖZELTI IÇEREN FLAKON,8699510770125,L01BC02,Pasif,90.28
44,5-FLUOROURACIL 500 MG/10 ML ENJEKTABL ÇÖZELTI IÇEREN FLAKON,8699510770125,L01BC02,Pasif,84.19
45,5-FLUOROURACIL BIOSYN 1000 MG/20 ML AMPUL,8699205770034,L01BC02,Pasif,89.09
46,5-FLUOROURACIL BIOSYN 250 MG/5 ML AMPUL,8699205770034,L01BC02,Pasif,86.59
47,5-FLUOROURACIL BIOSYN 500 MG/10 ML AMPUL,8699643750056,L01BC02,Pasif,86.59
48,5-Frotu 1000 mg/20 ml Enjeksiyonluk Çözelti İçeren Flakon,8699650772331,L01BC02,Pasif,83.54
49,5-FROTU 500 MG/10 ML ENJEKSİYONLUK ÇÖZELTİ,8699650772331,L01BC02,Pasif,82.6
50,5-Frotu 5000 mg/100 ml Enjeksiyonluk Çözelti İçeren Flakon,8699650772331,L01BC02,Pasif,84.2
58,A-FERİN ZERO 120 MG/5 ML PEDİATRİK ŞURUP,8699570570246,N02BE01,Aktif,82.35
59,A-FERİN ZERO 6 PLUS 250 MG/5 ML ORAL SüSPANSIYON,8699570700094,N02BE01,Aktif,89.03
64,"ABALEVO 1,5 MG TABLET",8681725054770,G03AD01,Aktif,98.87
69,ABETYL 250 MG TABLET,8699514011606,L02BX03,Aktif,75.98
70,ABETYL 500 MG FILM KAPLı TABLET,8699514096641,L02BX03,Aktif,86.77
75,ABİLİFY 10 MG TABLET,8680683010149,N05AX12,Aktif,72.88
76,ABİLİFY 15 MG TABLET,8680683010156,N05AX12,Aktif,73.31
77,ABİLİFY 30 MG TABLET,8680683010163,N05AX12,Aktif,72.95
78,ABİLİFY 5 MG TABLET,8680683010132,N05AX12,Aktif,72.68
79,ABILIFY 7.5MG/ML IM ENJEKSIYONLUK ÇÖZELTI İÇEREN FLAKON,8680683010132,N05AX12,Aktif,78.36
80,ABİLİFY MAİNTENA 300 MG UZUN SALIMLI İM ENJEKSIYONLUK FLAKON,8680683780028,N05AX12,Aktif,74.07
81,ABİLİFY MAİNTENA 400 MG UZUN SALIMLI İM ENJEKSIYONLUK FLAKON,8680683780028,N05AX12,Aktif,76.04
82,ABIRATEX 250 MG TABLET,8699541015349,L02BX03,Pasif,88.28
83,ABITIGA 250 MG TABLET,8685025010016,L02BX03,Aktif,81.38
85,ABIZOL 10 MG TABLET,8699540016668,N05AX12,Aktif,94.84
86,ABIZOL 15 MG TABLET,8699540016712,N05AX12,Aktif,94.96
87,ABIZOL 20 MG TABLET,8699540016767,N05AX12,Aktif,94.86
88,ABIZOL 30 MG TABLET,8699540016811,N05AX12,Aktif,94.85
89,ABIZOL 5 MG TABLET,8699540016613,N05AX12,Aktif,94.78
90,ABIZOL EASYTAB 10MG AĞIZDA DAĞILAN TABLET,8699262070030,N05AX12,Pasif,90.25
91,ABIZOL EASYTAB 10MG AĞIZDA DAĞILAN TABLET,8699540070097,N05AX12,Aktif,91.15
92,ABIZOL EASYTAB 15MG AĞIZDA DAĞILAN TABLET,8699540070110,N05AX12,Aktif,92.19
93,ABİZOL EASYTAB 5 MG AĞIZDA DAĞILAN TABLET,8699540070080,N05AX12,Aktif,82.31
100,ABYGA  500  MG  FİLM  KAPLI TABLET,8699525099532,L02BX03,Aktif,80.69
101,ABYGA 250 MG TABLET,8699525019776,L02BX03,Aktif,78.95
112,ACEPER 2 MG TABLET,8699293010043,C09AA04,Pasif,79.83
113,ACEPER 2MG TABLET,8699293010043,C09AA04,Pasif,76.17
114,ACEPER 4 MG TABLET,8699293010043,C09AA04,Pasif,81.38
115,ACEPER 4MG TABLET,8699293010043,C09AA04,Pasif,76.35
116,ACEPER 8 MG TABLET,8699293010050,C09AA04,Pasif,81.47
117,ACEPER 8MG TABLET,8699293010050,C09AA04,Pasif,75.83
119,ACEPER PLUS 4MG/1.25MG TABLET,8699293010043,C09AA04,Pasif,71.11
126,ACETUDİL  FORTE 60 MG KAPSÜL,8699527151016,M01AB11,Aktif,71.63
127,ACETUDIL 90 MG UZATILMIŞ SALIMLI SERT KAPSÜL,8699527150132,M01AB11,Aktif,82.02
131,ACLABON 5MG/100ML İNFÜZYON ÇÖZELTİSİ İÇEREN FLAKON,8699828690191,M05BA08,Pasif,80.55
133,ACLASTA 5MG/100 ML İNFÜZYON ÇÖZELTISI İÇEREN FLAKON,8699504690019,M05BA08,Pasif,72.4
134,"ACLOREM %0,05 KREM",8681728350053,D07AB10,Pasif,72.36
138,ACNEFFERIN %0.1 JEL,8699789380070,D10AD03,Aktif,82.39
139,ACNEGEN 10 MG YUMUŞAK JELATIN KAPSÜL,8699821190100,D10BA01,Aktif,85.56
140,ACNEGEN 20 MG YUMUŞAK JELATIN KAPSÜL,8699821190094,D10BA01,Aktif,85.58
141,ACNELYSE      %0.025    KREM,8699514350170,D10AD01,Aktif,80.64
142,ACNELYSE  % 0.05 KREM,8699514350118,D10AD01,Aktif,86.18
143,ACNELYSE  % 0.1 KREM,8699514355908,D10AD01,Aktif,91.48
146,ACNEWELL  %  7.5  JEL,8699680340029,D10AX05,Aktif,93.85
147,ACNEWELL %5 JEL,8699680340029,D10AX05,Aktif,95.26
153,ACSONAT 35MG FILM TABLET,8699369070032,M05BA07,Pasif,84.11
161,ACTEMRA  200  MG/10  ML  INFüZYONLUK  KONSANTRE ÇÖZELTİ,8699505762296,L04AC07,Aktif,89.06
162,ACTEMRA  400  MG/20  ML  INFüZYONLUK  KONSANTRE ÇÖZELTİ,8699505762319,L04AC07,Aktif,89.16
163,ACTEMRA  80  MG/4  ML  INFüZYONLUK  KONSANTRE  çöZELTI,8699505762272,L04AC07,Aktif,89.16
164,ACTEMRA 162 MG/0.9 ML SC ENJEKSİYONLUK ÇÖZELTİ İÇEREN KULLANIMA HAZIR ENJEKTÖR,8699505952840,L04AC07,Aktif,86.68
168,ACTILYSE 20 MG FLAKON,8699693790040,B01AD02,Aktif,93.39
171,ACTIQ 200MCG OROMUKOZAL APLIKATÖRLÜ PASTIL,8699804060109,N02AB03,Pasif,90.23
172,ACTIQ 400MCG OROMUKOZAL APLIKATÖRLÜ PASTIL,8699804060123,N02AB03,Pasif,90.08
173,ACTIQ 800MCG OROMUKOZAL APLIKATÖRLÜ PASTIL,8699804060147,N02AB03,Pasif,90.7
175,ACTIVELLE FILM TABLET,8699676090617,G03FA01,Aktif,72.22
178,ACTOS 15 MG TABLET,8682758010016,A10BG03,Aktif,89.32
179,ACTOS 30 MG TABLET,8682758010023,A10BG03,Aktif,88.62
182,ACUFİX %0.4 GÖZ DAMLASI,8699525610157,S01BC05,Aktif,81.01
183,"ACULAR LS % 0.4 GÖZ DAMLASI, ÇÖZELTİ",8699490561010,S01BC05,Pasif,77.14
185,ACYL %5 KREM,8680381900193,D06BB03,Aktif,72.0
186,ACYL TABLET 200 MG,8681023010010,J05AB01,Pasif,74.9
191,"ADADERM %0,1 JEL",8699512008790,D10AD03,Aktif,95.3
192,ADALAT CRONO 30 MG KONTROLLÜ SALIM TABLETI,8699546031870,C08CA05,Aktif,98.31
193,ADALAT CRONO 60 MG KONTROLLÜ SALIM TABLETI,8699546032297,C08CA05,Pasif,98.32
194,ADAMAKS 200 MG/5 ML ORAL SÜSPANSİYON HAZIRLAMAK İÇİN TOZ,8683498330006,J01FA10,Pasif,71.34
195,ADAMAKS 500 MG FİLM KAPLI TABLET,8683498330013,J01FA10,Pasif,72.16
197,ADCETRİS 50 MG IV İNFÜZYONLUK ÇÖZELTİ KONSANTRESİ İÇİN TOZ İÇEREN FLAKON,8699456790058,L01FX05,Aktif,84.46
204,ADEMPAS®  1 MG FILM KAPLı TABLET,8699546090211,C02KX05,Aktif,88.65
205,"ADEMPAS® 0,5 MG FILM KAPLı TABLET",8699546090198,C02KX05,Aktif,88.73
206,"ADEMPAS® 1,5 MG FILM KAPLı TABLET",8699546090235,C02KX05,Aktif,88.71
207,ADEMPAS® 2 MG FILM KAPLı TABLET,8699546090297,C02KX05,Aktif,88.71
208,"ADEMPAS® 2,5 MG FILM KAPLı TABLET",8699546090273,C02KX05,Aktif,88.77
209,ADENOSIN - L.M. 5 MG/ML I.V. ENJEKSIYON/İNFÜZYON İÇIN ÇÖZELTI İÇEREN AMPUL ? 2 ML,8699220750011,C01EB10,Pasif,72.81
210,ADENOSIN - L.M. 5 MG/ML I.V. ENJEKSIYON/İNFÜZYON İÇIN ÇÖZELTI İÇEREN FLAKON ? -50 ML,8699220750035,C01EB10,Pasif,75.98
211,ADENOSIN - L.M. 5 MG/ML I.V. ENJEKSIYON/İNFÜZYON İÇIN ÇÖZELTI İÇEREN FLAKON ? 10 ML,8699220750028,C01EB10,Pasif,76.07
213,ADENURİC 120 MG FİLM KAPLI TABLET,8699832090604,M04AA03,Aktif,74.4
214,ADENURİC 80 MG FİLM KAPLI TABLET,8699832090598,M04AA03,Aktif,74.28
215,ADEPİRON  1 G/2 ML IM/IV ENJEKSIYONLUK çöZELTI,8699587751881,N02BB02,Pasif,73.21
216,ADEPİRON  2.5 G/5 ML IM/IV ENJEKSIYONLUK çöZELTI,8699587751898,N02BB02,Pasif,77.52
217,ADEPİRON  500 MG TABLET,8699587011862,N02BB02,Pasif,70.32
219,ADEPİRON 250 MG/5 ML ŞURUP,8699587571854,N02BB02,Pasif,79.72
223,"ADMIRAZ 0,25 MG FILM KAPLI TABLET",8699074090967,L04AE03,Aktif,86.8
224,ADMIRAZ 2 MG FILM KAPLI TABLET,8699074090998,L04AE03,Aktif,86.98
243,ADRENALIN BIOFARMA 0.5 MG/ 1 ML AMPUL,8699578750053,C01CA24,Pasif,78.56
244,ADRENALIN BIOFARMA 1 MG/ 1 ML AMPUL,8699578750060,C01CA24,Pasif,79.49
255,"ADVAGRAF 0,5 MG UZATILMIŞ SALIMLI SERT KAPSÜL",8699043890185,L04AD02,Aktif,83.78
256,ADVAGRAF 1 MG UZATILMIŞ SALIMLI SERT KAPSÜL,8699043890215,L04AD02,Aktif,83.66
257,ADVAGRAF 3 MG UZATILMIŞ SALIMLI SERT KAPSÜL,8699043890215,L04AD02,Aktif,79.07
258,ADVAGRAF 5 MG UZATILMIŞ SALIMLI SERT KAPSÜL,8699043890253,L04AD02,Aktif,83.67
259,"ADVANTAN % 0,1 KREM",8699514350255,D07AC14,Aktif,74.97
260,"ADVANTAN % 0,1 MERHEM",8699514380108,D07AC14,Aktif,76.45
261,ADVANTAN % 0.1 YAğLı MERHEM,8699514380092,D07AC14,Aktif,78.57
262,"ADVANTAN M % 0,1 EMüLSIYON",8699514480037,D07AC14,Aktif,77.58
263,ADVATE 1000 IU /5 ML IV ENJEKSIYON IÇIN LIYOFILIZE TOZ IÇEREN FLAKON,8681429550028,B02BD02,Aktif,73.48
264,ADVATE 1500 IU/5 ML IV ENJEKSIYON IÇIN LIYOFILIZE TOZ IÇEREN FLAKON,8681429550035,B02BD02,Aktif,73.85
266,ADVATE 250 IU/5 ML IV ENJEKSIYON IÇIN LIYOFILIZE TOZ IÇEREN FLAKON,8681429550004,B02BD02,Aktif,73.41
268,ADVATE 500 IU/5 ML IV ENJEKSIYON IÇIN LIYOFILIZE TOZ IÇEREN FLAKON,8681429550011,B02BD02,Aktif,73.29
275,"AERIUS 0,5 MG/ML ŞURUP",8683280337015,R06AX27,Pasif,94.12
276,AERİUS 5 MG FİLM KAPLI TABLET,8683280337022,R06AX27,Aktif,85.84
277,AERIUS REDITABS 2.5 MG AĞIZDA DAĞILAN TABLET,8699636080047,R06AX27,Pasif,85.92
278,AERIUS REDITABS 5 MG AĞIZDA DAĞILAN TABLET,8699636080047,R06AX27,Pasif,86.18
292,"AETHOXYSKLEROL % 0,5 I.V. ENJEKSİYONLUK ÇÖZELTİ İÇEREN AMPUL",8699708751745,C05BB02,Pasif,73.99
293,AETHOXYSKLEROL % 1 I.V. ENJEKSİYONLUK ÇÖZELTİ İÇEREN AMPUL,8699708751752,C05BB02,Pasif,73.81
295,AETHOXYSKLEROL % 2 I.V. ENJEKSİYONLUK ÇÖZELTİ İÇEREN AMPUL,8699708751769,C05BB02,Pasif,73.97
296,AETHOXYSKLEROL % 3 I.V. ENJEKSİYONLUK ÇÖZELTİ İÇEREN AMPUL,8699708751776,C05BB02,Pasif,73.91
299,AFILTA 20 MG FILM TABLET,8699502093218,G04BE08,Pasif,97.82
301,AFINITOR 10 MG TABLET,8699504011487,L01EG02,Aktif,93.04
302,AFINITOR 5 MG TABLET,8699504011456,L01EG02,Aktif,92.99
307,AFUNDAS-L 50 MG IV İNFUZYONLUK LİYOFİLİZE TOZ İÇEREN FLAKON,8699541794794,J02AX04,Pasif,74.37
308,AFUNDAS-L 70 MG IV İNFUZYONLUK LİYOFİLİZE TOZ İÇEREN FLAKON,8699541794800,J02AX04,Pasif,74.47
313,AGNUCASTON FILM KAPLI TABLET,8680952380911,G02CX03,Aktif,92.02
317,AGREDUR READY 50 MCG/ML I.V. İNFÜZYON İÇİN ÇÖZELTİ,8699606766070,B01AC17,Aktif,73.52
318,AGRİLOR 60 MG FİLM KAPLI TABLET,8699543092065,B01AC24,Aktif,74.16
319,AGRİLOR 90 MG FİLM KAPLI TABLET,8699543092065,B01AC24,Aktif,77.82
321,AIMAFIX 1000 IU/10 ML IV İNFÜZYONLUK ÇÖZELTİ HAZIRLAMAK İÇİN TOZ VE ÇÖZÜCÜ,8680972009007,B02BD04,Aktif,70.45
328,AIRFIBRO 300 MG/5 ML NEBüLIZASYON ÇöZELTISI,8699606657569,J01GB01,Aktif,87.68
329,AIRFIX 10 MG FILM KAPLI TABLET,8680881090608,R03DC03,Aktif,88.85
330,AIRFIX 4 MG GRANÜL İÇEREN SAŞE,8680881240560,R03DC03,Pasif,82.55
331,AIRFIX 4MG ÇIĞNEME TABLETI,8680881080579,R03DC03,Pasif,87.01
332,AIRFIX 5MG ÇIĞNEME TABLETI,8680881080579,R03DC03,Pasif,88.69
333,AIRLAST 10 MG FİLM TABLET,8699578090128,R03DC03,Pasif,88.91
334,AIRLAST 4 MG ÇIĞNEME TABLETI,8699578080013,R03DC03,Pasif,96.36
335,AIRLAST 5 MG ÇİĞNEME TABLETİ,8699578080020,R03DC03,Pasif,88.42
338,AIRLINE 5 MG ÇIĞNEME TABLETI,8699578080020,R03DC03,Pasif,71.39
341,AIRMOL 10MG FILM TABLET,8697927090096,R03DC03,Pasif,84.07
342,AIRMOL 4MG ÇIĞNEME TABLETI,8697927080080,R03DC03,Pasif,85.98
343,AIRMOL 4MG SAŞE,8697927240064,R03DC03,Pasif,83.55
344,AIRMOL 5MG ÇIĞNEME TABLETI,8697927080080,R03DC03,Pasif,87.77
345,AIRPACK 12/200 MCG INHALASYON IÇIN TOZ IÇEREN BLISTER,8699976550941,R03AK07,Pasif,74.7
346,AIRPACK 12/200 MCG INHALASYON IÇIN TOZ IÇEREN KAPSÜL,8699976550804,R03AK07,Pasif,72.81
347,AIRPACK 12/400 MCG INHALASYON IÇIN TOZ IÇEREN BLISTER,8699976550873,R03AK07,Pasif,74.92
348,AIRPACK 12/400 MCG INHALASYON IÇIN TOZ IÇEREN KAPSÜL,8699976550828,R03AK07,Pasif,73.05
355,AIRPLUS 50/100 MCG DISCAIR İNHALASYON İÇIN TOZ,8681094550323,R03AK06,Pasif,71.0
356,AIRPLUS DISCAIR 50/250MCG İNHALASYON IçIN TOZ (60 DOZ),8682758550017,R03AK06,Aktif,75.7
357,AIRPLUS DISCAIR 50/500MCG İNHALASYON IçIN TOZ (60 DOZ),8682758550024,R03AK06,Aktif,75.89
362,AIRPUFF DISCAIR 50 MCG/250 MCG İNHALASYON TOZU,8680741551157,R03AK06,Aktif,75.32
363,AIRPUFF DISCAIR 50 MCG/500 MCG İNHALASYON TOZU,8680741551164,R03AK06,Aktif,75.28
369,"AJOVY 225 MG/ 1,5 ML ENJEKSİYONLUK ÇÖZELTİ İÇEREN KULLANIMA  HAZIR ENJEKTÖR",8699638955701,N02CD03,Aktif,93.11
370,Akela %2 Jel,8699278340035,D10AF02,Pasif,77.63
371,Akela Forte %4 Jel,8699278340042,D10AF02,Aktif,76.78
372,AKINETON 2 MG TABLET,8699708011559,N04AA02,Aktif,74.11
373,AKINETON 5 MG/ML IM/IV ENJEKSIYONLUK/İNFÜZYONLUK ÇÖZELTİ,8699708011559,N04AA02,Aktif,75.89
378,AKLOFEN %3 JEL,8681911340014,D11AX18,Aktif,70.04
379,AKLOVIR %5 KREM,8699516355616,D06BB03,Aktif,77.14
380,AKLOVIR 200 MG TABLET,8699516015602,J05AB01,Aktif,82.65
382,AKLOVIR 800 MG FILM TABLET,8699516015633,J05AB01,Aktif,82.9
383,AKLOVIR 800 MG FILM TABLET,8699516015633,J05AB01,Aktif,72.72
385,AKNEFLOKS %1 KREM,8680150350112,D10AF05,Aktif,81.66
387,AKNETRENT 10 MG YUMUŞAK  KAPSÜL,8699559190038,D10BA01,Aktif,78.32
388,AKNETRENT 20 MG YUMUŞAK  KAPSÜL,8699559190045,D10BA01,Aktif,78.35
391,AKNILOX %2 JEL,8699708340031,D10AF02,Pasif,75.87
409,ALARİN 10 MG TABLET,8699578010034,R06AX13,Pasif,78.4
416,ALBIOMIN %20 100 ML IV INFÜZYONLUK ÇÖZELTİ,8682109319805,B05AA01,Pasif,84.14
417,ALBIOMIN %20 50 ML IV INFÜZYONLUK ÇÖZELTİ,8682109319805,B05AA01,Pasif,82.84
418,ALBIPAKSEL 100 MG İNFüZYONLUK DISPERSIYON HAZıRLAMADA KULLANıLACAK KONSANTRE İçIN TOZ,8699638795574,L01CD01,Aktif,72.05
419,ALBITROL 500 MG FILM KAPLı TABLET,8680760092044,P01AB03,Pasif,75.74
420,"ALBUMAN 200 MG/ML İNFüZYON IçIN ÇöZELTI İçEREN FLAKON, 100 ML",8699823980167,B05AA01,Pasif,85.39
421,"ALBUMAN 200 MG/ML İNFüZYON IçIN ÇöZELTI İçEREN FLAKON, 50 ML",8699823980167,B05AA01,Pasif,84.25
423,ALBUREX %20 IV İNFÜZYONLUK ÇÖZELTİ 100 ML,8681624980255,B05AA01,Aktif,86.84
424,ALBUREX %20 IV İNFÜZYONLUK ÇÖZELTİ 50 ML,8681624980248,B05AA01,Aktif,86.81
426,ALCEBA 10 MG FILM TABLET,8680008091006,N06DX01,Pasif,85.67
427,ALCEBA ORAL DAMLA,8680008590011,N06DX01,Pasif,87.4
430,ALDACTONE 100 MG TABLET,8699543010038,C03DA01,Aktif,86.73
431,ALDACTONE-A 25 MG TABLET,8699543010021,C03DA01,Aktif,81.85
435,ALDURAZYME 100 U/ML IV INFüZYON IçIN KONSANTRE çöZELTI,8699809779150,A16AB05,Aktif,75.53
436,ALECAST 10MG FILM KAPLI TABLET,8699680090252,R03DC03,Aktif,79.51
437,ALECAST 4MG ÇIĞNEME TABLETI,8699680080024,R03DC03,Aktif,70.42
438,ALECAST 5  MG  ÇIĞNEME TABLETI,8699680080017,R03DC03,Aktif,84.46
439,ALECENSA 150 MG SERT KAPSÜL,8699505153407,L01ED03,Aktif,79.89
464,ALFASID 375 MG FİLM TABLET,8699517090059,J01CR04,Pasif,70.33
482,ALFOXIL 500 MG TABLET,8699517012013,J01CA04,Pasif,70.34
486,ALFUTU 10 MG UZATıLMış SALıMLı TABLET,8699650032534,G04CA01,Aktif,87.72
493,ALGOPET 100MG FİLM KAPLI TABLET,8699680090467,M01AE09,Aktif,82.81
494,ALGOPET SR 200 MG MİKROPELLET KAPSÜL,8699680170053,M01AE09,Aktif,88.5
496,ALİENTO 10 MG FILM KAPLI TABLET,8699293090083,R03DC03,Pasif,78.04
497,ALİENTO 4 MG ÇİĞNEME TABLETİ,8699293080107,R03DC03,Pasif,75.21
498,ALİENTO 5 MG ÇİĞNEME TABLETİ,8699293080107,R03DC03,Pasif,76.19
507,ALKERAN 2 MG FILM TABLET,8699874080021,L01AA03,Aktif,87.14
508,ALLEGRA 120 MG FİLM KAPLI TABLET,8683060090147,R06AX26,Aktif,77.81
509,ALLEGRA 180 MG FİLM KAPLI TABLET,8683060090130,R06AX26,Aktif,78.27
519,ALLOPRE 5 G İNFüZYONLUK ÇöZELTI HAZıRLAMAK İçIN TOZ,8680952000062,L01AB02,Aktif,90.9
521,ALMENTA 10MG/G ORAL DAMLA,8699293590149,N06DX01,Pasif,82.56
525,ALOCORT M % 0.1 EMÜLSİYON,8699738480028,D07AC14,Aktif,73.0
528,ALOFİN 1 MG FİLM KAPLI TABLET,8699828090526,D11AX10,Pasif,70.6
529,"ALOMIDE % 0.1 STERIL GöZ DAMLASı, ÇöZELTI",8699504612011,S01GX05,Pasif,73.43
530,ALOND 150MG KAPSÜL,8697905158992,N02BF02,Pasif,92.96
531,ALOND 25MG KAPSÜL,8697905159012,N02BF02,Pasif,92.28
532,ALOND 300MG KAPSÜL,8697905159029,N02BF02,Pasif,93.33
533,ALOND 75MG KAPSÜL,8697905159036,N02BF02,Pasif,91.89
534,ALOPEXY T %5 DERİ SPREYİ,8681349103021,D11AX01,Aktif,79.5
535,ALORES 2.5MG/5ML ŞURUP,8699591570379,R06AX27,Aktif,84.5
536,ALOXİ 250 MIKROGRAM/5 ML İ.V. ENJEKSIYONLUK ÇÖZELTI İÇEREN FLAKON,8699650772065,A04AA05,Pasif,72.11
543,ALPROS 20 MCG/ML İNFÜZYON İÇİN KONSANTRE ÇÖZELTİ İÇEREN AMPUL,8699828750635,C01EA01,Pasif,79.19
544,ALPROS 500 MCG/ML İNFÜZYON İÇİN KONSANTRE ÇÖZELTİ İÇEREN AMPUL,8699828750635,C01EA01,Pasif,78.13
545,ALPROSTADİL 20 MCG/ML İNFÜZYON İÇİN KONSANTRE ÇÖZELTİ İÇEREN AMPUL,8699844750220,C01EA01,Pasif,71.78
546,ALPROSTADIL 20?CG/ML İNFÜZYON İÇİN KONSANTRE ÇÖZELTİ İÇEREN AMPUL,8699844750220,C01EA01,Pasif,78.68
547,ALPROSTADİL 500MCG/ML İNFÜZYON İÇİN KONSANTRE ÇÖZELTİ İÇEREN AMPUL,8699844750213,C01EA01,Pasif,70.72
548,ALPROSTASIL 500UG/ML INFÜZYON IÇIN KONSANTRE ÇÖZELTI IÇEREN AMPUL,8699844750213,C01EA01,Pasif,77.24
549,ALPROSTASIN 20 UG/ML INFÜZYON IÇIN KONSANTRE ÇÖZELTI IÇEREN AMPUL,8699844750220,C01EA01,Pasif,76.92
552,ALRİNAST 2.5MG/5ML ŞURUP,8699680570020,R06AX27,Pasif,75.28
553,ALRİNAST 5MG FİLM KAPLI TABLET,8699680090481,R06AX27,Pasif,75.71
554,ALTARGO %1 MERHEM,8699522387991,D06AX13,Pasif,82.62
561,ALTUZAN 100 MG/4 ML IV KONSANTRE İNFÜZYON ÇÖZELTİSİ,8699505762821,L01FG01,Aktif,76.36
562,ALTUZAN 400 MG/16 ML IV KONSANTRE İNFÜZYON ÇÖZELTİSİ,8699505762838,L01FG01,Aktif,70.05
563,ALUNBRIG 180 MG FILM KAPLı TABLET,8699456090165,L01ED04,Aktif,95.68
564,ALUNBRIG 30 MG FILM KAPLı TABLET,8699456090110,L01ED04,Aktif,95.44
565,ALUNBRIG 90 MG FILM KAPLı TABLET,8699456090141,L01ED04,Aktif,95.53
566,ALUNBRIG 90 MG VE 180 MG FILM KAPLı  TABLET  TEDAVIYE  BAşLANGıç  PAKETI,8699456090189,L01ED04,Aktif,86.34
570,ALVASTİN 10 MG FİLM KAPLI TABLET,8699543090542,C10AA05,Aktif,80.3
571,ALVASTİN 20 MG FİLM KAPLI TABLET,8699543090542,C10AA05,Aktif,80.0
572,ALVASTİN 40 MG FİLM KAPLI TABLET,8699543090085,C10AA05,Aktif,79.9
573,ALVASTIN 80 MG FILM KAPLI TABLET,8699543090542,C10AA05,Aktif,87.8
576,ALYSE 150 MG KAPSÜL,8699514150213,N02BF02,Aktif,94.06
577,ALYSE 25 MG KAPSüL,8699514150244,N02BF02,Aktif,93.94
578,ALYSE 300 MG KAPSüL,8699514150237,N02BF02,Aktif,94.04
579,ALYSE 75 MG KAPSÜL,8699514150183,N02BF02,Aktif,94.34
580,ALZAMED 10 MG FİLM TABLET,8680199090017,N06DA02,Pasif,78.49
581,ALZAMED 5 MG FILM TABLET,8680199090024,N06DA02,Aktif,71.67
582,ALZANCER 10 MG FİLM TABLET,8699540096462,N06DA02,Aktif,73.09
583,ALZANCER 5 MG FİLM TABLET,8699540096417,N06DA02,Aktif,72.89
584,ALZANCER EASYTAB 10MG AĞIZDA DAĞILAN TABLET,8699540070134,N06DA02,Aktif,86.46
585,ALZANCER EASYTAB 5MG AĞIZDA DAĞILAN TABLET,8699540070127,N06DA02,Aktif,86.99
587,ALZANT 10 MG/G ORAL DAMLA,8699569590040,N06DX01,Pasif,81.92
594,ALZİA 10 MG FİLM TABLET,8680638090226,N06DX01,Pasif,72.68
596,ALZIL 10 MG FILM TABLET,8699525094520,N06DA02,Pasif,74.14
597,ALZIL 5 MG FILM TABLET,8699525094520,N06DA02,Pasif,75.01
598,ALZMEX 10 MG FİLM KAPLI TABLET,8699828091202,N06DX01,Pasif,85.35
599,ALZMEX 10 MG/ML ORAL DAMLA,8699828590095,N06DX01,Pasif,88.29
601,AMARYL 1 MG TABLET,8699809010208,A10BB12,Aktif,95.82
602,AMARYL 2 MG TABLET,8699809010215,A10BB12,Aktif,79.16
603,AMARYL 3 MG TABLET,8699809010222,A10BB12,Aktif,95.88
604,AMARYL 4 MG TABLET,8699809010239,A10BB12,Aktif,95.86
606,AMBISOME 50 MG I.V. INFÜZYON IÇIN LIYOFILIZE TOZ IÇEREN FLAKON,8698760790075,J02AA01,Pasif,79.24
607,AMBREKS 15 MG/5 ML PEDIYATRIK ŞURUP,8699540570917,R05CB06,Pasif,78.16
608,AMBREKS 30 MG/5 ML ŞURUP,8699540570900,R05CB06,Pasif,81.59
609,"AMETIK 1,5 G/ 15 ML DAMLA, ÇöZELTI",8699512590011,R06AA10,Aktif,76.78
611,"AMGEVİTA 20 MG/0,4 ML ENJEKSİYONLUK ÇÖZELTİ İÇEREN KULLANIMA HAZIR ENJEKTÖR",8699862950190,L04AB04,Aktif,84.57
612,AMGEVİTA 40 MG/0.8 ML ENJEKSİYONLUK ÇÖZELTİ İÇEREN KULLANIMA HAZIR ENJEKTÖR,8699862950213,L04AB04,Aktif,84.66
613,AMGEVİTA 40 MG/0.8 ML ENJEKSİYONLUK ÇÖZELTİ İÇEREN KULLANIMA HAZIR KALEM,8699862950237,L04AB04,Aktif,83.46
614,AMIDOVIN 150 MG/3 ML IV ENJEKSİYONLUK ÇÖZELTİ,8699814750359,C01BD01,Aktif,71.39
626,AMIKOZIT 100MG/2 ML IM/IV ENJEKSİYONLUK ÇÖZELTİ,8681801771003,J01GB06,Aktif,75.91
627,AMIKOZIT 500MG/2 ML IM/IV ENJEKSİYONLUK ÇÖZELTİ,8681801771003,J01GB06,Aktif,74.88
636,AMLODIS 10 MG TABLET,8699502012875,C08CA01,Aktif,73.95
637,AMLODIS 5 MG TABLET,8699502012820,C08CA01,Aktif,73.74
641,AMLOHEX  5 MG TABLET,8699516018443,C08CA01,Pasif,70.61
642,AMLOHEX 10 MG TABLET,8699516018467,C08CA01,Pasif,70.86
643,AMLOHEX 10 MG TABLET,8699516018467,C08CA01,Pasif,73.19
644,AMLOHEX 5 MG TABLET,8699516018443,C08CA01,Pasif,72.97
645,AMLOKARD 10 MG TABLET,8699536010236,C08CA01,Aktif,86.2
646,AMLOKARD 5 MG TABLET,8699536010229,C08CA01,Aktif,86.09
663,AMLOVAS 10  MG TABLET,8699580010091,C08CA01,Pasif,86.99
664,AMLOVAS 5 MG TABLET,8699580010077,C08CA01,Pasif,86.89
695,AMPISINA 1G TABLET,8699541010108,J01CA01,Pasif,79.56
699,AMPISINA KAPSÜL 250MG,8699541150309,J01CA01,Pasif,79.16
700,AMPISINA KAPSÜL 500MG,8699541150309,J01CA01,Pasif,80.83
701,AMVASTAN 10 MG FILM KAPLı TABLET,8680199090338,C10AA05,Pasif,76.84
702,AMVASTAN 20 MG FILM KAPLı TABLET,8680199090338,C10AA05,Pasif,78.02
703,AMVASTAN 40 MG FİLM KAPLI TABLET,8680199090338,C10AA05,Pasif,74.82
704,AMVASTAN 80 MG FİLM KAPLI TABLET,8680199090338,C10AA05,Pasif,74.44
705,ANAFRANİL 10 MG DRAJE,8699525120010,N06AA04,Pasif,77.4
706,ANAFRANİL 25 MG DRAJE,8699525120010,N06AA04,Pasif,75.35
710,ANAZOL 1 MG FİLM KAPLI TABLET,8699828091226,L02BG03,Pasif,85.05
711,ANBINEX 1000IU İNFÜZYON İÇIN LIYOFILIZE TOZ İÇEREN FLAKON,8699769980085,B01AB02,Pasif,74.85
712,ANBINEX 500IU İNFÜZYON İÇIN LIYOFILIZE TOZ İÇEREN FLAKON,8699769980092,B01AB02,Pasif,74.59
717,ANDAZOL 200 MG FILM TABLET,8699578090029,P02CA03,Pasif,87.52
718,ANDAZOL 200 MG/10 ML SÜSPANSIYON,8699578700034,P02CA03,Aktif,96.38
719,ANDAZOL 400MG FILM KAPLI TABLET,8699578090098,P02CA03,Aktif,89.49
730,ANDROVİUM % 2 TOPİKAL KÖPÜK,8699708310027,D11AX01,Pasif,70.98
732,ANDROVİUM % 5 TOPİKAL KÖPÜK,8699708310041,D11AX01,Pasif,70.89
740,ANGETİN 10 MG FİLM KAPLI TABLET,8699565090285,N06DX01,Pasif,70.12
741,ANGETİN 20 MG FİLM KAPLI TABLET,8699565090292,N06DX01,Pasif,70.17
755,ANKEP 300 MG FİLM KAPLI TABLET,8699565090131,N05AH04,Aktif,72.06
756,ANKEP 400 MG FİLM KAPLI TABLET,8699565090131,N05AH04,Aktif,71.06
763,ANLEV  1000  MG  FILM  KAPLı  TABLET,8699565090278,N03AX14,Pasif,85.03
765,ANLEV 250 MG FILM KAPLı TABLET,8699565090247,N03AX14,Pasif,85.61
766,ANLEV 500 MG FILM KAPLı TABLET,8699565090254,N03AX14,Pasif,85.5
767,ANLEV 750 MG FILM KAPLı TABLET,8699565090261,N03AX14,Pasif,85.52
768,"ANORO ELLİPTA 62,5 MCG + 25 MCG KULLANIMA HAZIR İNHALASYON TOZU",8699522557660,R03AL03,Aktif,73.88
771,ANSİOX 0.5 MG TABLET,8699033010326,N05BA12,Aktif,84.95
772,ANSİOX 1 MG TABLET,8699033010333,N05BA12,Aktif,84.78
773,ANTABUS 500 MG TABLET,8699540010208,N07BB01,Aktif,90.79
784,ANTEPSIN SÜSPANSIYON,8699569700081,A02BX02,Aktif,72.69
786,ANTHIX 10 MG TABLET,8699527010955,R06AX28,Aktif,81.32
790,ANTI-D IMMUNGLOBULIN GRIFOLS 1500 IU (300 MCG)/2 ML IM ENJEKSIYON IÇIN ÇÖZELTI IÇEREN KULLANIMA HAZIR ENJEKTÖR,8699769980139,J06BB01,Pasif,90.4
793,ANTI-FOSFAT CA 700MG FILM TABLET,8699708090103,V03AE07,Pasif,75.73
795,ANTI-FOSFAT CC 500 MG FİLM KAPLI TABLET,8699708090097,A12AA04,Aktif,77.99
796,ANTI-FOSFAT CC 500MG FILM KAPLI TABLET,8699708090097,A12AA04,Aktif,76.03
799,ANTI-POTASIUM GRANÜL,8699708240218,V03AE01,Pasif,71.92
801,ANTİ-SKAB %5 DERI KREMI,8681801350512,P03AC04,Aktif,75.94
802,ANTİ-SKAB %5 LOSYON,8681801480523,P03AC04,Aktif,83.02
814,ANTOKSİ-C 500 MG/5 ML I.V. ENJEKSIYON İçIN ÇöZELTI,8699606756927,A11GA01,Aktif,72.5
829,"APACLOT 2,5 MG FİLM KAPLI TABLET",8699525090911,B01AF02,Aktif,72.99
830,APACLOT 5 MG FİLM KAPLI TABLET,8699525090928,B01AF02,Aktif,72.73
831,"APELTO 2,5 MG FILM KAPLı TABLET",8699717090989,B01AF02,Aktif,70.0
833,"APFECTO % 0,3 GÖZ DAMLASI, SÜSPANSİYON",8680199718416,S01BC10,Aktif,89.64
834,"APFECTO %0.1 GöZ DAMLASı, SüSPANSIYON",8680199718416,S01BC10,Aktif,93.11
835,APIDRA 100 UML SOLOSTAR ENJEKSIYONLUK ÇöZELTI İçEREN KULLANıMA HAZıR KALEM,8699809950665,A10AB06,Aktif,78.82
839,APILEP 150 MG FILM TABLET,8699536091587,N03AF02,Pasif,78.23
840,APILEP 300 MG FILM TABLET,8699536091617,N03AF02,Pasif,78.04
841,APILEP 600 MG FILM TABLET,8699536091648,N03AF02,Pasif,78.4
842,APİREKS 100MG/5ML PEDIATRIK SÜSPANSIYON,8699569700173,M01AE01,Aktif,77.15
847,APIXENTA  5  MG  FILM  KAPLı  TABLET,8699514095507,B01AF02,Aktif,73.18
848,APIXENTA 2.5 MG FILM KAPLı TABLET,8699514095491,B01AF02,Aktif,73.43
850,APO-ALPRAZ 1MG TABLET,8698792011223,N05BA12,Pasif,80.17
851,APO-GO 20MG/2ML ENJEKSIYONLUK VEYA İNFÜZYONLUK ÇÖZELTI IÇEREN AMPUL,8699514750161,N04BC07,Pasif,76.09
852,APO-GO 50MG/5ML ENJEKSIYONLUK VEYA İNFÜZYONLUK ÇÖZELTI IÇEREN AMPUL,8699514750178,N04BC07,Pasif,76.31
855,APRALJİN FORTE 550 MG FILM KAPLı TABLET,8699525092199,M01AE02,Aktif,70.04
856,APRALJIN FORTE 550MG FILM TABLET,8699525092199,M01AE02,Aktif,71.39
857,APRANAX 275 MG FILM KAPLI TABLET,8699514091509,M01AE02,Aktif,79.43
858,APRANAX FORT 550 MG FILM KAPLI TABLET,8699514091523,M01AE02,Aktif,77.45
863,APRAZOL 30 MG MİKROPELLET KAPSÜL,8699570160034,A02BC03,Pasif,87.83
870,APROKAM 50MG İNTRAKAMERAL ENJEKSIYONLUK ÇöZELTI TOZU,8680177220108,S01AA27,Pasif,77.04
873,APROMED 275 MG FILM KAPLı TABLET,8699828090120,M01AE02,Pasif,73.31
874,APROMED FORT 550 MG FILM KAPLı TABLET,8699828090106,M01AE02,Pasif,76.08
875,APROWELL 275 MG TABLET,8699543010267,M01AE02,Pasif,77.89
876,APROWELL FORT 550 MG TABLET,8699543010274,M01AE02,Aktif,75.69
879,ARAMİD 10 MG FİLM KAPLI TABLET,8699828091257,L04AK01,Aktif,78.62
880,ARAMID 100 MG FILM TABLET,8699828091257,L04AK01,Aktif,94.64
881,ARAMİD 20 MG FİLM KAPLI TABLET,8699828091264,L04AK01,Aktif,78.66
882,ARANESP 10 MCG KULLANIMA HAZIR DOLU ENJEKTÖR IÇINDE ENJEKSIYONLUK ÇÖZELTI,8699862950015,B03XA02,Aktif,90.33
883,ARANESP 100 MCG KULLANIMA HAZIR DOLU ENJEKTÖR IÇINDE ENJEKSIYONLUK ÇÖZELTI,8699862950084,B03XA02,Aktif,90.36
884,ARANESP 150 MCG KULLANIMA HAZIR DOLU ENJEKTÖR IÇINDE ENJEKSIYONLUK ÇÖZELTI,8699862950091,B03XA02,Aktif,90.46
885,ARANESP 20 MCG KULLANIMA HAZIR DOLU ENJEKTÖR IÇINDE ENJEKSIYONLUK ÇÖZELTI,8699862950022,B03XA02,Aktif,90.34
886,ARANESP 30 MCG KULLANIMA HAZIR DOLU ENJEKTÖR IÇINDE ENJEKSIYONLUK ÇÖZELTI,8699862950039,B03XA02,Aktif,90.34
887,ARANESP 40 MCG KULLANIMA HAZIR DOLU ENJEKTÖR IÇINDE ENJEKSIYONLUK ÇÖZELTI,8699862950046,B03XA02,Aktif,90.43
888,ARANESP 50 MCG KULLANIMA HAZIR DOLU ENJEKTÖR IÇINDE ENJEKSIYONLUK ÇÖZELTI,8699862950053,B03XA02,Aktif,90.34
889,ARANESP 60 MCG KULLANIMA HAZIR DOLU ENJEKTÖR IÇINDE ENJEKSIYONLUK ÇÖZELTI,8699862950060,B03XA02,Aktif,90.41
890,ARANESP 80 MCG KULLANIMA HAZIR DOLU ENJEKTÖR IÇINDE ENJEKSIYONLUK ÇÖZELTI,8699862950077,B03XA02,Aktif,90.49
891,ARAVA 10 MG FILM KAPLI TABLET,8699809090460,L04AK01,Pasif,93.78
892,ARAVA 100 MG FİLM KAPLI TABLET,8699809090484,L04AK01,Pasif,90.28
893,ARAVA 20 MG FİLM KAPLI TABLET,8699809090477,L04AK01,Aktif,90.24
896,ARBESTA 150 MG FİLM KAPLI TABLET,8699543091075,C09CA04,Aktif,87.47
897,ARBESTA 300 MG FİLM KAPLI TABLET,8699543091099,C09CA04,Aktif,87.42
898,"ARBESTA PLUS 150/12,5 FILM TABLET",8699543091075,C09CA04,Aktif,73.13
899,"ARBESTA PLUS 300/12,5 MG FILM TABLET",8699543091099,C09CA04,Aktif,72.88
903,ARCALION 200MG DRAJE,8699552120315,A11DA02,Aktif,87.69
904,ARCAPTA 150 MCG İNHALER KAPSÜL,8699074550126,R03AC18,Pasif,78.56
909,AREX 25 MG FILM KAPLı TABLET,8681911090049,M01AE17,Aktif,79.05
913,ARFELIP 267 MG SERT KAPSüL,8699543150314,C10AB05,Aktif,94.59
917,ARİA-DES 5 MG FİLM TABLET,8680760091047,R06AX27,Aktif,75.58
918,ARICEPT 10 MG FILM KAPLı TABLET,8699532095183,N06DA02,Pasif,75.48
919,ARICEPT 5 MG FILM KAPLı TABLET,8699532095183,N06DA02,Pasif,74.37
920,ARICEPT EVESS 10 MG AğıZDA DAğıLAN TABLET,8699532075727,N06DA02,Pasif,82.62
921,ARIFAY 10 MG AĞIZDA DAĞILAN TABLET,8699502050075,N05AX12,Aktif,95.93
922,ARIFAY 15 MG AĞIZDA DAĞILAN TABLET,8699502050082,N05AX12,Pasif,95.98
923,ARIFAY 30 MG  AĞIZDA DAĞILAN TABLET,8699502050099,N05AX12,Pasif,95.93
924,ARIFAY 5 MG TABLET,8699502013858,N05AX12,Aktif,93.72
926,ARİMİDEX 1 MG FILM KAPLI TABLET,8699586094163,L02BG03,Aktif,84.94
929,ARİPA 1 MG/ML ORAL ÇÖZELTİ,8699543590080,N05AX12,Aktif,86.72
930,ARIPA 10 MG TABLET,8699543010991,N05AX12,Aktif,95.4
931,ARIPA 15 MG TABLET,8699543011011,N05AX12,Aktif,79.68
932,ARİPA 2 MG TABLET,8699543011318,N05AX12,Aktif,85.35
934,ARIPA 30 MG TABLET,8699543011035,N05AX12,Aktif,95.42
935,ARIPA 5 MG TABLET,8699543010977,N05AX12,Aktif,95.36
941,ARİSTU 1 MG FİLM KAPLI TABLET,8699650982020,L02BG03,Aktif,76.35
946,ARIXTRA 10 MG/0.8 ML ENJEKSIYONLUK ÇÖZELTI IÇEREN KULLANIMA HAZIR ŞIRINGA,8699522957682,B01AX05,Pasif,74.24
947,"ARİXTRA 2,5 MG /0,5 ML ENJEKSİYONLUK ÇÖZELTİ",8699874080250,B01AX05,Aktif,75.08
948,ARIXTRA 5 MG/0.4 ML ENJEKSIYONLUK ÇÖZELTI IÇEREN KULLANIMA HAZIR ŞIRINGA,8699522957682,B01AX05,Pasif,74.4
949,ARIXTRA 7.5 MG/0.6 ML ENJEKSIYONLUK ÇÖZELTI IÇEREN KULLANIMA HAZIR ŞIRINGA,8699522957859,B01AX05,Pasif,73.08
954,"ARLEC 12,5 MG TABLET",8699543010649,C07AG02,Aktif,90.35
955,ARLEC 25 MG TABLET,8699543010656,C07AG02,Aktif,90.16
956,"ARLEC 3,125 MG TABLET",8699543010625,C07AG02,Aktif,80.23
957,"ARLEC 6,25 MG TABLET",8699543010632,C07AG02,Aktif,79.75
968,ARMEC 3 MG TABLET,8699543011295,P02CF01,Aktif,78.95
970,ARMIPIN 80/5 MG TABLET,8680881012884,C09DB04,Aktif,70.06
971,ARMIRO 100 MG SERT KAPSüL,8680186490370,G04BX15,Aktif,70.39
1003,ARTOXAN 20 MG FİLM KAPLI TABLET,8680199093636,M01AC02,Pasif,70.21
1005,ARTRİL 600 MG FİLM TABLET,8699502092303,M01AE01,Pasif,76.03
1006,"ARTROCOL % 2,5 JEL  (üRETIM YERI: WORLD MEDICINE İLAç SAN. VE TIC. A.Ş. BAğCıLAR / İSTANBUL)",8680199342079,M02AA10,Aktif,74.57
1007,"ARTROCOL % 2,5 JEL  (üRETIM YERI: WORLD MEDICINE İLAç SAN. VE TIC. A.Ş. ÇERKEZKöY/ TEKIRDAğ)",8680199342079,M02AA10,Aktif,73.47
1010,ARTRODAR 50 MG KAPSÜL,8699821151545,M01AX21,Pasif,83.16
1013,ARTROJECT 10 MG/ML S.C. ENJEKSİYONLUK ÇÖZELTİ İÇEREN KULLANIMA HAZIR ŞIRINGA,8699525950017,L04AX03,Pasif,74.45
1014,"ARTROJECT 15 MG/1,5 ML S.C. ENJEKSİYONLUK ÇÖZELTİ İÇEREN KULLANIMA HAZIR ŞIRINGA",8699525950031,L04AX03,Pasif,75.5
1015,ARTROJECT 20 MG/2 ML S.C. ENJEKSİYONLUK ÇÖZELTİ İÇEREN KULLANIMA HAZIR ŞIRINGA,8699525950048,L04AX03,Pasif,75.14
1016,"ARTROJECT 25 MG/2,5 ML S.C. ENJEKSİYONLUK ÇÖZELTİ İÇEREN KULLANIMA HAZIR ŞIRINGA",8699525950048,L04AX03,Pasif,73.98
1017,"ARTROJECT 7,5 MG/0,75 ML S.C. ENJEKSİYONLUK ÇÖZELTİ İÇEREN KULLANIMA HAZIR ŞIRINGA",8699525950024,L04AX03,Pasif,76.13
1018,ARTROPAN 20 MG/ML ENJEKSIYONLUK SüSPANSIYON,8699828750345,H02AB08,Aktif,75.22
1030,ARVİLA 250 MG TABLET,8699586013331,L02BX03,Aktif,73.37
1032,ARYPEZ 10 MG FİLM TABLET,8699578090067,N06DA02,Pasif,74.71
1033,ARYPEZ 5 MG FİLM TABLET,8699578090067,N06DA02,Pasif,75.41
1037,AS-ATENS 100MG TABLET,8698792011162,C07AB03,Pasif,93.18
1038,AS-ATOKS 10MG FILM KAPLI TABLET,8698792090686,C10AA05,Pasif,87.02
1039,AS-ATOKS 20MG FILM KAPLI TABLET,8698792090693,C10AA05,Pasif,87.01
1040,AS-ATOKS 40MG FILM KAPLI TABLET,8698792090709,C10AA05,Pasif,86.05
1041,AS-ATOKS 80MG FILM KAPLI TABLET,8698792090716,C10AA05,Pasif,85.51
1042,AS-CILOG 20MG FILM KAPLI,8698792090020,N06AB04,Pasif,74.47
1044,AS-CLODIP 75 MG FILM TABLET,8698792090136,B01AC04,Pasif,85.46
1045,AS-GABAPEN 600MG FILM KAPLI TABLET,8698792090488,N02BF01,Pasif,93.93
1046,AS-GABAPEN 800MG FILM KAPLI TABLET,8698792090495,N02BF01,Pasif,94.83
1052,AS-LUNEX10MG TABLET,8698792010288,L04AK01,Pasif,92.23
1053,AS-LUNEX20MG TABLET,8698792010295,L04AK01,Pasif,92.3
1056,AS-PINEKS 10 MG AĞIZDA DAĞILABILIR TABLET,8698792050932,N05AH03,Pasif,98.17
1057,AS-PINEKS 15 MG AĞIZDA DAĞILABILIR TABLET,8698792050925,N05AH03,Pasif,97.06
1058,AS-PINEKS 20 MG AĞIZDA DAĞILABILIR TABLET,8698792050925,N05AH03,Pasif,82.83
1059,AS-PINEKS 5 MG AĞIZDA DAĞILABILIR TABLET,8698792050925,N05AH03,Pasif,98.16
1060,AS-RİSPER 1MG/ML ORAL ÇÖZELTİ,8698792570164,N05AX08,Pasif,87.74
1061,AS-SETRAL 50MG FİLM TAB.,8698792090457,N06AB06,Pasif,75.69
1062,AS-TOPIRAM 100MG FILM TABLET,8698792090426,N03AX11,Pasif,92.58
1063,AS-TOPIRAM 200MG FILM TABLET,8698792090419,N03AX11,Pasif,91.39
1064,AS-TOPIRAM 25MG FILM TABLET,8698792090402,N03AX11,Pasif,91.45
1065,AS-TOPIRAM 50MG FILM TABLET,8698792090419,N03AX11,Pasif,92.13
1067,ASACOL 500 MG SUPOZİTUVAR,8699586892035,A07EC02,Aktif,81.24
1068,ASACOL 800 MG ENTERİK KAPLI TABLET,8699586042058,A07EC02,Aktif,90.76
1070,ASAZIN 4 G/60 G REKTAL SüSPANSIYON,8699293925972,A07EC02,Pasif,98.36
1080,ASEKET 25 MG / 500 MG FİLM KAPLI TABLET,8699591090426,M01AE17,Pasif,72.01
1088,ASEMAX 125MG/5ML ORAL SÜSPANSİYON HAZIRLAMAK İÇİN KURU TOZ,8699570280022,J01DD15,Pasif,76.14
1089,ASEMAX 250 MG/5 ML ORAL SÜSPANSIYON HAZIRLAMAK İÇIN KURU TOZ,8699570280022,J01DD15,Pasif,84.44
1090,ASEMAX 300 MG FİLM KAPLI TABLET,8699570090249,J01DD15,Pasif,87.24
1091,ASEMAX 600 MG FİLM KAPLI TABLET,8699570090249,J01DD15,Pasif,73.11
1112,ASIST 400 MG ORAL ÇöZELTI HAZıRLAMAK İçIN  GRANüL,8699570240255,R05CB01,Aktif,77.7
1123,ASIVIRAL %5 KREM,8699792351135,D06BB03,Aktif,80.54
1124,ASIVIRAL 200 MG TABLET,8699792011145,J05AB01,Aktif,80.7
1125,ASIVIRAL 400 MG TABLET,8699792011152,J05AB01,Aktif,81.02
1127,ASMANEX TWISTHALER 400 MCG TOZ INHALER,8699636550076,R03BA07,Pasif,78.94
1137,ASTEIN 600 MG EFERVESAN TABLET,8698890020011,R05CB01,Pasif,77.06
1142,ASTONIN-H  0.1 MG TABLET,8699808010155,H02AA02,Aktif,75.17
1143,"ASTOSAL 2,5 MG/2,5 ML NEBüLIZASYON İçIN İNHALASYON ÇöZELTISI",8699651521303,R03AC02,Aktif,90.5
1148,ATACAND 16 MG TABLET,8682340179138,C09CA06,Aktif,85.98
1149,ATACAND 4 MG TABLET,8699786010024,C09CA06,Aktif,79.34
1150,ATACAND 8 MG TABLET,8682340179121,C09CA06,Aktif,85.74
1151,ATACAND PLUS 16 MG/12.5 MG TABLET,8682340179138,C09CA06,Aktif,74.27
1178,ATEROZ 10 MG FİLM TABLET,8699569090601,C10AA05,Aktif,74.03
1179,ATEROZ 20 MG FİLM TABLET,8699569090618,C10AA05,Aktif,74.1
1180,ATEROZ 40 MG FİLM TABLET,8699569090625,C10AA05,Aktif,74.6
1181,ATEROZ 80 MG FİLM TABLET,8699569090632,C10AA05,Pasif,75.12
1185,ATIVAN EXPIDET 1 MG TABLET,8681308011114,N05BA06,Aktif,94.86
1186,ATIVAN EXPIDET 2.5 MG TABLET,8681308011121,N05BA06,Pasif,94.91
1194,ATOKSILIN 500 MG TABLET,8699717010024,J01CA04,Aktif,70.21
1197,ATOMINEX 18 MG KAPSÜL,8699502151840,N06BA09,Aktif,71.55
1198,ATOMINEX 25 MG KAPSüL,8699502151857,N06BA09,Aktif,70.22
1199,ATOMINEX 40 MG KAPSÜL,8699502151864,N06BA09,Aktif,70.33
1200,ATOMINEX 60 MG KAPSüL,8699502151871,N06BA09,Aktif,70.33
1201,ATOMINEX 80 MG KAPSüL,8699502151888,N06BA09,Aktif,70.8
1208,ATOR 10 MG FİLM TABLET,8699536090153,C10AA05,Aktif,78.65
1209,ATOR 20  MG FİLM TABLET,8699536090160,C10AA05,Aktif,78.7
1210,ATOR 40 MG FILM TABLET,8699536090177,C10AA05,Aktif,85.85
1211,ATOR 80  MG FİLM TABLET,8699536090962,C10AA05,Aktif,79.48
1212,ATOR40  MG FİLM TABLET,8699536090177,C10AA05,Aktif,76.37
1213,"ATRASYL 25 MG/2,5 ML IV ENJEKSIYON VE İNFÜZYON İÇIN ÇÖZELTI İÇEREN AMPUL",8681697750007,M03AC04,Pasif,73.87
1214,ATRASYL 50 MG/5 ML IV ENJEKSIYON VE İNFÜZYON İÇIN ÇÖZELTI İÇEREN AMPUL,8681697750014,M03AC04,Pasif,73.04
1215,ATRIVO STERI-NEB 250 MCG /1 ML NEBÜLIZASYON IÇIN INHALASYON ÇÖZELTISI IÇEREN TEK DOZLUK AMPUL,8699638523832,R03BB01,Pasif,88.27
1216,ATRİVO STERİ-NEB 250 MCG/1 ML NEBÜLIZASYON İÇIN İNHALASYON ÇÖZELTISI İÇEREN TEK DOZLUK AMPUL,8699638523832,R03BB01,Pasif,78.96
1217,ATRIVO STERI-NEB 500MCG/2ML NEBULIZASYON İÇIN İNHALASYON ÇÖZELTISI İÇEREN TEK DOZLUK AMPUL,8699638523832,R03BB01,Pasif,82.72
1220,ATROPİN SÜLFAT 0.25 MG/1 ML BIOSEL AMPUL,8699788750225,A03BA01,Pasif,78.83
1223,ATROPIN SÜLFAT BIOFARMA 0.25 MG/ 1 ML AMPUL,8699578750077,A03BA01,Pasif,95.26
1224,ATROPIN SÜLFAT BIOFARMA 0.5 MG/ 1 ML AMPUL,8699578750091,A03BA01,Pasif,94.52
1225,ATROPIN SÜLFAT BIOFARMA 1 MG/ 1 ML AMPUL,8699578750091,A03BA01,Pasif,94.08
1226,"ATROPİN SÜLFAT DROGSAN 0,25 MG/ 1 ML AMPUL",8699580750058,A03BA01,Pasif,81.04
1227,"ATROPİN SÜLFAT DROGSAN 0,5 MG/ 1 ML AMPUL",8699580750058,A03BA01,Pasif,81.4
1228,ATROPİN SÜLFAT DROGSAN 1 MG/ 1 ML AMPUL,8699580750058,A03BA01,Pasif,82.29
1229,ATROPİN SÜLFAT GALEN 1 MG/ 1 ML IV/IM/SC ENJEKSIYONLUK  ÇöZELTI,8699607751013,A03BA01,Pasif,70.76
1230,"ATROPİN SÜLFAT ONFARMA 0,5 mg/1 ml Enjeksiyonluk Çözelti",8680202600226,A03BA01,Aktif,92.36
1240,AUBAGİO 14 MG FİLM KAPLI TABLET,8699809098541,L04AK02,Aktif,80.88
1256,AVALCEPT 450 MG FİLM TABLET,8699543091662,J05AB14,Aktif,80.25
1258,AVAMYS 27.5 MCG BURUN SPREYI,8699522541379,R01AD12,Aktif,83.0
1259,"AVAMYS 27.5 MIKROGRAM BURUN SPREYI, SÜSPANSİYON",8699522541379,R01AD12,Aktif,71.72
1270,AVERTYN 10 MG FILM TABLET,8699523090524,N06AB10,Pasif,80.4
1271,AVERTYN 20 MG FILM TABLET,8699523090531,N06AB10,Pasif,80.45
1292,AVİTOREL 10 MG FİLM TABLET,8699523090166,C10AA05,Pasif,85.74
1293,AVİTOREL 10 MG FİLM TABLET,8698778090037,C10AA05,Pasif,71.5
1294,AVİTOREL 20 MG FİLM TABLET,8699523090173,C10AA05,Pasif,85.78
1295,AVİTOREL 20 MG FİLM TABLET,8698778090051,C10AA05,Pasif,71.55
1296,AVİTOREL 40 MG FİLM TABLET,8699523090180,C10AA05,Pasif,77.3
1297,AVİTOREL 40 MG FİLM TABLET,8699523090180,C10AA05,Pasif,77.3
1298,AVİTOREL 40 MG FİLM TABLET,8699523090166,C10AA05,Pasif,83.51
1302,"AVODART 0,5 MG YUMUŞAK KAPSÜL",8699522196906,G04CB02,Aktif,97.35
1303,"AVONEX 30 MCG/0,5 ML KULLANIMA HAZIR DOLU ENJEKSİYON KALEMİ İÇİNDE ENJEKSİYONLUK ÇÖZELTİ",8699783950033,L03AB07,Aktif,76.6
1305,AVORAN 14 MG FILM KAPLı TABLET,8699536093765,L04AK02,Aktif,90.71
1308,"AXEPARİN  8000  ANTİ-XA  IU/0,8  ML ENJEKSİYONLUK  ÇÖZELTİ İÇEREN  KULLANIMA HAZIR  ENJEKTÖR",8699844951122,B01AB05,Aktif,72.18
1309,AXEPARİN 10000 ANTİ-XA IU/1 ML ENJEKSİYONLUK ÇÖZELTİ İÇEREN KULLANIMA HAZIR ENJEKTÖR,8699844951122,B01AB05,Aktif,73.1
1310,"AXEPARİN 2000 ANTİ-XA IU/0,2 ML ENJEKSİYONLUK ÇÖZELTİ İÇEREN KULLANIMA HAZIR ENJEKTÖR",8699844951122,B01AB05,Aktif,73.93
1311,"AXEPARİN 4000 ANTİ-XA IU/0,4 ML ENJEKSİYONLUK ÇÖZELTİ İÇEREN KULLANIMA HAZIR ENJEKTÖR",8699844951122,B01AB05,Aktif,72.84
1312,"AXEPARİN 6000 ANTİ-XA IU/0,6 ML ENJEKSİYONLUK ÇÖZELTİ İÇEREN KULLANIMA HAZIR ENJEKTÖR",8699844951122,B01AB05,Aktif,76.63
1318,AXIVOL 2.5MG/5ML ŞURUP,8699514570035,R06AX27,Pasif,89.71
1322,AYRA 16 MG TABLET,8699536011400,C09CA06,Aktif,78.15
1323,AYRA 16/12.5 MG TABLET,8699536011400,C09CA06,Aktif,76.36
1324,AYRA 4 MG TABLET,8699536011424,C09CA06,Aktif,74.72
1325,AYRA 8  MG TABLET,8699536011424,C09CA06,Aktif,77.96
1327,AZADİN 100 MG SC ENJEKSIYONLUK SüSPANSIYON  IçIN TOZ IçEREN FLAKON,8699828770435,L01BC07,Pasif,84.11
1330,AZATHIOPRINE PCH 50 MG TABLET,8699638012046,L04AX01,Pasif,85.03
1331,AZATU 100 MG SC ENJEKSIYONLUK SüSPANSIYON HAZıRLAMAK İçIN TOZ,8699650271223,L01BC07,Aktif,86.23
1338,Azelderm 30 g Krem,8699561350123,D10AX03,Aktif,82.19
1342,"AZENOSE 0,14 MG/PüSKüRTME BURUN SPREYI, ÇöZELTI",8699293545965,R01AC03,Aktif,84.89
1354,AZINEX 30MG/5ML ŞURUP,8699844570750,R05DB27,Aktif,79.98
1376,B LAKTAM 1G IM/IV ENJEKTABL TOZ İÇEREN FLAKON,8699541274005,J01CG01,Pasif,81.57
1386,BACLOFEN SİNTETİCA İNTRATEKAL 0.05 MG/1 ML İNFÜZYONLUK ÇÖZELTİ,8680885575262,M03BX01,Aktif,74.74
1387,BACLOFEN SİNTETİCA İNTRATEKAL 10 MG/20 ML İNFÜZYONLUK ÇÖZELTİ,8680885575262,M03BX01,Aktif,76.25
1388,BACLOFEN SİNTETİCA İNTRATEKAL 10 MG/5 ML İNFÜZYONLUK ÇÖZELTİ,8680885575262,M03BX01,Aktif,76.77
1389,BACLOFEN SİNTETİCA İNTRATEKAL 40 MG/20 ML İNFÜZYONLUK ÇÖZELTİ,8680885575262,M03BX01,Aktif,75.15
1390,BACLOREX 0.05 MG/ML İNTRATEKAL ENJEKSİYONLUK ÇÖZELTİ,8699844752767,M03BX01,Pasif,77.83
1391,BACLOREX 10 MG/20 ML INTRATEKAL INFüZYONLUK çöZELTI,8699844771522,M03BX01,Pasif,74.83
1392,BACLOREX 10 MG/5 ML INTRATEKAL INFüZYONLUK çöZELTI,8699844771515,M03BX01,Aktif,74.65
1393,BACMIRPI %2 MERHEM,8699511380200,D06AX09,Aktif,88.45
1394,BACODERM % 2 POMAD,8699569380061,D06AX09,Aktif,84.56
1395,BACODERM %2 KREM,8699569350132,D06AX09,Aktif,83.76
1403,BACTROBAN %2 KREM,8699522355426,D06AX09,Aktif,84.16
1406,BAGEDA 10 MG FİLM TABLET,8680199094114,L04AK01,Pasif,90.98
1407,BAGEDA 20 MG FİLM TABLET,8680199094121,L04AK01,Aktif,91.77
1409,BAKAMSILIN FORT 800 MG FİLM KAPLI TABLET,8699828090434,J01CA06,Pasif,75.73
1410,BAKSİL 1 G I.M./I.V. ENJEKSİYONLUK ÇÖZELTİ HAZIRLAMAK İÇİN TOZ,8699828270263,J01CG01,Aktif,73.59
1426,BALVERSA 3 MG FİLM KAPLI TABLET,8699593095627,L01EN01,Aktif,90.55
1427,BALVERSA 4 MG FİLM KAPLI TABLET,8699593095634,L01EN01,Aktif,89.88
1428,BALVERSA 5 MG FİLM KAPLI TABLET,8699593095627,L01EN01,Aktif,90.13
1430,"BARACLUDE  0,5 MG FILM KAPLı TABLET",8699726093100,J05AF10,Aktif,86.75
1431,BARACLUDE  1 MG FILM KAPLı TABLET,8699726093308,J05AF10,Aktif,86.69
1432,BARACLUDE 0.05 MG/ML ORAL SOLÜSYON,8699726093100,J05AF10,Aktif,86.5
1435,BARCA 500 MG FİLM TABLET,8699514030034,M01AB08,Aktif,79.3
1436,BARCA SR 600MG UZATILMIŞ SALIMLI FILM TABLET,8699514030034,M01AB08,Aktif,77.99
1448,BASAGLAR KWIKPEN 100 U/ML SC KULLANıM İçIN ENJEKSIYONLUK ÇöZELTI İçEREN KULLANıMA HAZıR KALEM,8699673954424,A10AE04,Aktif,75.29
1450,BATTICON %10 TOPIKAL ÇöZELTİ,8699587653628,D08AG02,Aktif,83.84
1452,BAUDA 14 MG FILM KAPLı TABLET,8699514095569,L04AK02,Aktif,95.37
1453,BAVENCIO 200 MG/10 ML IV İNFÜZYONLUK ÇÖZELTİ HAZIRLAMAK İÇİN KONSANTRE,8699808770134,L01FF04,Aktif,92.28
1463,BAYMELA 3 MG TABLET,8682615184133,N05CH01,Aktif,86.43
1474,"BECLOSP 100 MCG BURUN SPREYI, SüSPANSIYON",8699525546241,R01AD01,Pasif,74.29
1484,"BECRİTEN 100 MCG BURUN SPREYİ, SÜSPANSİYON",8681986160555,R01AD01,Aktif,71.27
1485,BEFAZOL 1000 MG IM ENJEKSIYONLUK ÇöZELTI HAZıRLAMAK İçIN  TOZ VE ÇöZüCü,8680712270223,J01DB04,Aktif,92.57
1486,BEFAZOL 1000 MG IM/IV ENJEKSIYONLUK ÇÖZELTİ HAZIRLAMAK İÇİN TOZ VE ÇÖZÜCÜ,8680712270230,J01DB04,Aktif,91.89
1487,BEFAZOL 500 MG IM ENJEKSIYONLUK ÇöZELTI HAZıRLAMAK İçIN  TOZ VE ÇöZüCü,8680712270247,J01DB04,Aktif,91.62
1488,BEFAZOL 500 MG IM/IV ENJEKSIYONLUK ÇÖZELTI HAZIRLAMAK İÇİN TOZ  VE  ÇÖZÜCÜ,8680712270254,J01DB04,Aktif,91.83
1491,BEFULL 250 MG/250 MG/1 MG ENTERIK KAPLI TABLET,8697929041034,A11DB,Pasif,79.42
1492,BEGAMIR  25  MG  UZATıLMış  SALıMLı  FILM  KAPLı   TABLET,8699525099150,G04BD12,Aktif,93.35
1493,BEGAMIR  50  MG  UZATıLMış  SALıMLı  FILM  KAPLı   TABLET,8699525099150,G04BD12,Aktif,94.71
1494,BEKEMV 300 MG/30 ML İNFÜZYONLUK ÇÖZELTİ HAZIRLAMAK İÇİN KONSANTRE,8699862760058,L04AJ01,Aktif,89.05
1497,BEKLAMEN 4 MG EFERVESAN TABLET,8697936021296,N06DA04,Pasif,70.1
1498,BEKLAMEN 8 MG EFERVESAN TABLET,8697936021326,N06DA04,Pasif,70.96
1500,"BEKLAZON %0,025 KREM",8699569350019,D07AC15,Aktif,71.46
1501,"BEKLAZON %0,025 LOSYON",8699569480013,D07AC15,Aktif,73.64
1505,"BEKLOMİL 100 MCG BURUN SPREYİ, SÜSPANSİYON",8680199544091,R01AD01,Aktif,71.35
1511,BEKSAR %1 JEL,8699540021075,L01XF03,Aktif,76.68
1513,"BELHALER 50 MCG/250 MCG İNHALASYON TOZU, SERT KAPSÜL",8699540043770,R03AK06,Aktif,87.79
1514,"BELHALER 50 MCG/500 MCG İNHALASYON TOZU, SERT KAPSÜL",8699540043787,R03AK06,Aktif,87.73
1515,BELOC 5 MG/5 ML I.V. ENJEKSIYONLUK ÇÖZELTİ,8699786751408,C07AB02,Pasif,76.06
1516,BELOC DURULES 200 MG KONTROLLÜ SALIMLI TABLET,8699786030107,C07AB02,Pasif,86.36
1517,BELOC ZOK 100 MG KONTROLLÜ SALIMLI FİLM KAPLI TABLET,8699786030374,C07AB02,Aktif,74.99
1518,BELOC ZOK 25 MG KONTROLLÜ SALIMLI FİLM KAPLI TABLET,8699786030114,C07AB02,Aktif,71.21
1519,BELOC ZOK 50 MG KONTROLLÜ SALIMLI FİLM KAPLI TABLET,8699786030367,C07AB02,Aktif,74.9
1522,BEMATORİN % 0.03 GÖZ DAMLASI,8699525610089,S01EE03,Pasif,89.64
1523,"BEMATORİN %0.01 GÖZ DAMLASI, ÇÖZELTİ",8699525619273,S01EE03,Pasif,89.25
1524,"BEMATORIN-T 0.3 MG + 5 MG / 1 ML GöZ DAMLASı,ÇöZELTI",8699525619273,S01EE03,Pasif,87.2
1528,BEMUSTU 100 MG IV İNFüZYONLUK ÇöZELTI HAZıRLAMADA KULLANıLACAK KONSANTRE  İçIN TOZ,8699650772706,L01AA09,Aktif,86.01
1533,BENDAMUS 100 MG IV İNFÜZYON İÇIN LIYOFILIZE TOZ İÇEREN FLAKON,8699828790310,L01AA09,Aktif,86.17
1534,BENDAMUS 25 MG IV INFÜZYON IÇIN LIYOFILIZE TOZ IÇEREN FLAKON,8699828790303,L01AA09,Aktif,90.47
1547,BENEXOL B12  250 MG/250 MG/1 MG FILM KAPLI TABLET,8699546095100,A11DB,Aktif,81.56
1559,BENLYSTA 120 MG IV İNFÜZYONLUK ÇÖZELTİ HAZIRLAMAK İÇİN TOZ İÇEREN FLAKON,8699522279906,L04AG04,Pasif,72.01
1560,BENLYSTA 120 MG IV İNFÜZYONLUK ÇÖZELTİ HAZIRLAMAK İÇİN TOZ İÇEREN FLAKON,8699522279906,L04AG04,Pasif,89.62
1561,BENLYSTA 400 MG IV İNFÜZYONLUK ÇÖZELTİ HAZIRLAMAK İÇİN TOZ İÇEREN FLAKON,8699522279906,L04AG04,Pasif,85.61
1562,BENOL 250 MG/250 MG/1 MG FILM KAPLı TABLET,8699774010111,A11DB,Pasif,77.25
1563,BENORAL FILM TABLET,8699527093866,A11DB,Pasif,70.58
1565,"BENPAIN 1,5 MG/ML GARGARA",8681801640750,A01AD02,Aktif,83.19
1566,"BENPAIN 1,5 MG/ML ORAL MUKOZAYA UYGULANACAK SPREY, ÇÖZELTİ",8681801640767,A01AD02,Aktif,88.46
1583,BENZOGALE %25 EMüLSIYON,8699788460018,P03AX01,Pasif,86.82
1585,"BENZYDEX % 0,15 ORAL SPREY, ÇÖZELTİ",8681911510011,A01AD02,Aktif,72.19
1586,BENZYDEX % 0.15 GARGARA,8699591640027,A01AD02,Pasif,82.97
1589,BEPANTHEN PASTİL,8699546115198,A11HA30,Aktif,77.8
1591,"BEPROS 0,5 MG YUMUŞAK KAPSÜL",8684071000170,G04CB02,Aktif,88.38
1595,BERAXIN 750 MG FILM TABLET,8699591090037,J01MA12,Pasif,70.54
1596,BERAZINC 15 MG/5 ML ŞURUP,8680150570039,A12CB01,Aktif,75.92
1597,BERAZINC 220 KAPSÜL,8680150150026,A12CB01,Aktif,80.99
1598,BERAZINC 25 MG/5 ML ŞURUP,8680150570046,A12CB01,Aktif,75.93
1599,BERAZINC 30 MG/5 ML FORT ŞURUP,8680150570046,A12CB01,Aktif,79.01
1600,BERAZINC 50 MG SERT KAPSüL,8680150150026,A12CB01,Aktif,73.9
1601,BERDOLIT 175 MG/5 ML ORAL SüSPANSIYON  HAZıRLAMAK İçIN TOZ,8699569280538,R05CB15,Aktif,73.03
1603,BERIATE 1000 IU IV ENJEKSIYONLUK/İNFÜZYONLUK  LİYOFİLİZE TOZ VE ÇÖZÜCÜ,8681624980026,B02BD02,Aktif,74.05
1604,BERIATE 500 IU IV ENJEKSIYONLUK/İNFÜZYONLUK  LİYOFİLİZE TOZ VE ÇÖZÜCÜ,8681624980019,B02BD02,Aktif,75.79
1605,BERINERT  500 IU/10 ML IV ENJEKSIYONLUK ÇöZELTI İçIN TOZ VE ÇöZüCü,8681624980378,B06AC01,Aktif,74.86
1606,BERINERT P 500 IU/10 ML IV ENJEKSIYONLUK  ÇöZELTI İçIN TOZ VE ÇöZüCü,8681624980378,B06AC01,Aktif,80.15
1607,BERIPLAST P COMBI SET 3 ML TROMBIN ÇÖZELTISI VE 3 ML FIBRINOJEN ÇÖZELTISI IÇEREN FIBRIN YAPIŞTIRICI,8699738980511,B02BC30,Pasif,75.08
1613,BERKO-SETAMOL PLUS 250 MG/5 ML PEDİYATRİK SÜSPANSİYON,8699591700301,N02BE01,Pasif,80.69
1614,BERKOFEN 400 MG TOZ IÇEREN SAŞE,8699591250035,M01AE01,Pasif,95.62
1616,BERODEX 25 MG FILM KAPLı TABLET,8680150090209,M01AE17,Aktif,83.06
1617,BERODEX 50 MG FILM KAPLı TABLET,8680150090247,M01AE17,Aktif,81.49
1619,"BESIVANCE 6 MG/ML GöZ DAMLASı, SüSPANSIYON",8699856712278,S01AE08,Aktif,72.64
1620,BESPONSA 1 MG İNFÜZYONLUK ÇÖZELTİ HAZIRLAMADA  KULLANILACAK KONSANTRE İÇİN TOZ,8681308279194,L01FB01,Aktif,93.14
1624,BETABLOK SDK 100 MG KONTROLLÜ SALIMLI FİLM KAPLI TABLET,8699680030074,C07AB02,Aktif,87.19
1625,BETABLOK SDK 25 MG KONTROLLÜ SALIMLI FİLM KAPLI TABLET,8699680030050,C07AB02,Aktif,87.23
1626,BETABLOK SDK 50 MG KONTROLLÜ SALIMLI FİLM KAPLI TABLET,8699680030067,C07AB02,Aktif,87.15
1633,BETANORM 80 MG TABLET,8699543010137,A10BB09,Aktif,73.87
1634,BETANORM MR 60 MG TABLET,8699543030111,A10BB09,Aktif,78.1
1635,BETANORM® MR 30 MG TABLET,8699543030012,A10BB09,Aktif,77.98
1636,BETARIS 24 MG TABLET,8699543590042,N07CA01,Pasif,75.1
1637,BETARIS 8MG/ML ORAL DAMLA,8699543010953,N07CA01,Pasif,72.67
1640,BETASERC 16 MG TABLET,8699820010126,N07CA01,Aktif,85.71
1641,BETASERC 24 MG TABLET,8699820010324,N07CA01,Aktif,84.89
1642,BETASERC 8 MG TABLET,8699820010058,N07CA01,Aktif,85.47
1643,BETMİGA 25 MG UZATILMIŞ SALIMLI FİLM TABLET,8699043890031,G04BD12,Aktif,82.82
1644,BETMİGA 50 MG UZATILMIŞ SALIMLI FİLM TABLET,8699043890031,G04BD12,Aktif,84.15
1646,BETNOVATE %0.1 KREM,8699522356317,D07AC01,Aktif,73.6
1647,BETNOVATE %0.1 LOSYON,8699522480432,D07AC01,Aktif,79.23
1649,BETNOVATE %0.1 MERHEM,8699522386321,D07AC01,Aktif,73.51
1650,BETNOVATE KREM,8699522356317,D07AC01,Aktif,77.46
1651,BETNOVATE MERHEM,8699522386321,D07AC01,Aktif,78.67
1652,BETNOVATE SAÇ LOSYONU,8699522490462,D07AC01,Aktif,81.27
1653,"BETNOVATE-C %0,1 + %3 KREM",8699522356317,D07AC01,Aktif,71.15
1654,"BETNOVATE-C %0,1 + %3 MERHEM",8699522386321,D07AC01,Aktif,72.45
1658,BEVAX 100 MG/4 ML IV INFüZYONLUK çöZELTI HAZıRLAMAK IçIN KONSANTRE,8699514760023,L01FG01,Aktif,96.98
1659,BEVAX 400 MG / 16 ML IV INFüZYONLUK çöZELTI HAZıRLAMAK IçIN KONSANTRE,8699514760030,L01FG01,Aktif,97.08
1665,BEVİTRON IM ENJEKSİYONLUK ÇÖZELTİ,8680199007428,A11DB,Aktif,76.79
1670,BEXGRATİN 75 MG YUMUŞAK KAPSÜL,8699828190509,L01XF03,Aktif,81.22
1672,BEYFORTUS 100 MG ENJEKSIYONLUK ÇöZELTI İçEREN KULLANıMA HAZıR ENJEKTöR,8699625950023,J06BD08,Aktif,97.35
1673,BEYFORTUS 50 MG ENJEKSIYONLUK ÇÖZELTI İÇEREN  KULLANIMA HAZIR ENJEKTÖR,8699625950023,J06BD08,Aktif,98.34
1674,Bİ-PROFENİD 100 MG UZATILMIŞ SALIMLI ÇENTİKLİ TABLET,8699809018631,M01AE03,Aktif,79.2
1675,BI-PROFENID TABLET 150 MG,8699582010044,M01AE03,Pasif,81.98
1679,BİCNU 100 MG ENJEKSİYONLUK ÇÖZELTİ İÇİN TOZ,8680952000260,L01AD01,Aktif,74.52
1684,"BİEMEXOL 350 MG I /ML IA, IV ENJEKSIYON IçIN çöZELTI IçEREN FLAKON",8699702774030,V08AB02,Aktif,70.43
1686,"BİEMPARİN 25000 IU/5 ML I.V., S.C.  ENJEKSİYONLUK ÇÖZELTİ",8699702775105,B01AB01,Aktif,72.82
1690,BİKTARVY 50 MG/200 MG/25 MG FİLM KAPLI TABLET,8698760090250,J05AR20,Aktif,80.41
1691,BILAXTEN 20 MG TABLET,8699832010046,R06AX29,Aktif,80.99
1697,"BİMAGAN 0.3 MG/ML GöZ DAMLASı, ÇöZELTI",8680199619836,S01EE03,Pasif,90.06
1699,"Bimapress 0,3 mg/ml göz damlası",8681176314003,S01EE03,Pasif,89.37
1700,"BİMAPRESS DUO 0,3 mg/ml + 5 mg/ml göz damlası, çözelti",8681176314003,S01EE03,Pasif,75.19
1702,"BİMATOCARE % 0.01 GÖZ DAMLASI, ÇÖZELTİ",8699511610055,S01EE03,Aktif,72.9
1704,BIMIERE 100 MG FİLM KAPLI TABLET,8699673098715,N02CC08,Aktif,71.7
1705,BIMIERE 50 MG FİLM KAPLI TABLET,8699673098715,N02CC08,Aktif,70.58
1706,BIMZELX 160 MG/ML SC ENJEKSIYONLUK ÇöZELTI İçEREN KULLANıMA HAZıR KALEM,8699624950024,L04AC21,Aktif,97.28
1707,BIMZELX 160 MG/ML SC ENJEKSIYONLUK ÇöZELTI İçEREN KULLANıMA HAZıR KALEM,8699624950024,L04AC21,Aktif,97.28
1718,BİOAK 5MG TABLET,8680265010000,A11HA05,Aktif,78.48
1723,BİOFENAC 100 MG FİLM KAPLI TABLET,8699586092398,M01AB16,Aktif,75.4
1727,BIOFLEKS % 3 HIPERTONIK SODYUM KLORÜR SOLÜSYONU,8699788691559,B05XA03,Aktif,73.36
1730,"BİOFLEKS %10 DEKSTRAN 40 % 0,9 İZOTONİK SODYUM KLORÜR ÇÖZELTİSİ",8699788695267,B05AA05,Aktif,72.56
1732,BIOFLEKS %20 MANNITOL ENJEKSIYONLUK ÇöZELTI,8699788699074,B05BC01,Aktif,74.37
1733,BIOFLEKS %3 HIPERTONIK SODYUM KLORüR ÇöZELTISI,8699788691559,B05XA03,Aktif,73.81
1738,BİOFLEKS DEKSTRAN-40 %5 DEKSTROZ SOLÜSYONU,8699788694178,B05AA05,Aktif,72.32
1744,"BİOFLEKS METROSEL %0,5  İ .V.  PERFÜZYON ÇÖZELTİSİ",8699788699050,J01XD01,Aktif,75.55
1750,BİOKADİN 200 MG VAJİNAL SUPOZİTUVAR,8699535890068,G01AX11,Aktif,78.17
1760,BIOXININ %2 DERI SPREYI,8697432094909,D11AX01,Pasif,87.02
1761,BIOXININ %5 FORTE DERI SPREYI,8697432094978,D11AX01,Aktif,90.09
1763,"BIRIGLO %0,15 GöZ DAMLASı, ÇöZELTI",8699511612325,S01EA05,Aktif,85.72
1768,BITERAL 250 MG FILM KAPLI TABLET,8699525094667,P01AB03,Aktif,83.19
1769,BİTERAL 500 MG FİLM KAPLI TABLET,8699525094667,P01AB03,Aktif,70.54
1770,BITERAL 500 MG VAJINAL TABLET,8699525105790,G01AF06,Aktif,90.87
1771,BITERAL 500 MG VAJINAL TABLET - Ü.Y.:GEBZE,8699525105790,G01AF06,Aktif,83.02
1789,BLEMISIN 30 MG LIYOFILIZE TOZ İÇEREN FLAKON,8699828790280,L01DC01,Aktif,84.08
1790,BLEMISIN15MGLIYOFILIZETOZİÇERENFLAKON,8699828790280,L01DC01,Aktif,74.0
1791,BLEOCIN-S 15 MG LIYOFILIZE TOZ IÇEREN FLAKON,8699650791257,L01DC01,Pasif,72.34
1792,BLEOMİTU 15 MG ENJEKSIYONLUK/İNFüZYONLUK ÇöZELTI HAZıRLAMAK İçIN TOZ,8699715791345,L01DC01,Aktif,81.55
1794,BLİSSEL 50 MİKROGRAM/G VAJİNAL JEL,8699324340026,G03CA04,Aktif,71.99
1800,BLOKACE 10 MG TABLET,8699517011634,C09AA05,Pasif,73.1
1801,"BLOKACE 2,5 MG TABLET",8699517011610,C09AA05,Pasif,73.21
1802,BLOKACE 5 MG TABLET,8699517011627,C09AA05,Pasif,72.8
1805,BLOXER  5 MG TABLET,8699525010100,C07AB12,Aktif,75.53
1813,BONDREX 4MG/5 ML IV İNFÜZYON İÇİN KONSANTRE ÇÖZELTİ,8681639760019,M05BA08,Pasif,77.19
1814,BONDRONAT 50 MG FİLM KAPLI TABLET,8699543091815,M05BA06,Aktif,84.54
1815,BONDRONAT 6 MG/6 ML IV İNFÜZYONLUK KONSANTRE ÇÖZELTİ,8699543760032,M05BA06,Aktif,77.26
1817,BONEDRO 4MG/5ML İ.V. INFüZYON IçIN KONSANTRE çöZELTI  IçEREN FLAKON,8699844760809,M05BA08,Aktif,79.52
1820,BONEMAX 70 MG TABLET,8699819010038,M05BA04,Pasif,75.4
1822,BONEPLUS 150 MG EFERVESAN TABLET,8680881024160,M05BA07,Aktif,83.2
1823,BONEPLUS 30 MG EFERVESAN TABLET,8680881024160,M05BA07,Aktif,80.35
1827,BONEPLUS 75 MG EFERVESAN TABLET,8680881024177,M05BA07,Pasif,83.1
1828,BONEPLUS D3 150 MG/2800 IU EFERVESAN TABLET,8680881024184,M05BB07,Aktif,73.87
1830,BONEPLUS D3 75 MG/2800 IU EFERVESAN TABLET,8680881024191,M05BB07,Pasif,73.23
1838,BONVİVA 150 MG FİLM KAPLI TABLET,8699543091808,M05BA06,Aktif,73.35
1839,BONVİVA 3MG/3ML ENJEKSİYONLUK ÇÖZELTİ,8699543950013,M05BA06,Aktif,79.57
1840,BONVIVA ROCHE 150 MG FILM KAPLI TABLET,8699505092478,M05BA06,Pasif,86.79
1841,BONVIVA ROCHE 150 MG FILM KAPLI TABLET,8699505092478,M05BA06,Pasif,86.79
1842,BONVIVA ROCHE 150 MG FILM KAPLI TABLET,8699505092478,M05BA06,Pasif,75.24
1843,BONVIVA ROCHE 150 MG FILM KAPLI TABLET,8699505092478,M05BA06,Pasif,87.7
1844,BONVIVA ROCHE 3 MG/3 ML ENJEKSIYONLUK ÇÖZELTI IÇEREN KULLANIMA HAZIR ŞIRINGA,8699505950570,M05BA06,Pasif,82.35
1848,BONZOLEN 4 MG / 5 ML I.V. INFüZYON IçIN KONSANTRE çöZELTI IçEREN FLAKON,8697943690133,M05BA08,Pasif,84.28
1852,"BORCADE 3,5 MG IV / SC ENJEKSIYONLUK ÇöZELTI HAZıRLAMAK İçIN  LIYOFILIZE TOZ",8699828790419,L01XG01,Aktif,97.24
1853,BOREA 160 MG TABLET,8699650012031,L02AB01,Aktif,90.41
1860,BOSULIF 100 MG FILM KAPLI TABLET,8681308097446,L01EA04,Aktif,82.42
1861,BOSULIF 400 MG FILM KAPLı TABLET,8681308097446,L01EA04,Aktif,84.61
1866,BRADİKANT 30 MG /3 ML S.C. ENJEKSIYONLUK ÇÖZELTI İÇEREN KULLANIMA HAZIR ENJEKTÖR,8699606526650,B06AC02,Aktif,70.8
1867,BRAFTOVI 75 MG SERT KAPSüL,8699749000055,L01EC03,Aktif,78.23
1869,BRAVEX LIQUI-GELS 200 MG YUMUŞAK KAPSÜL,8680080000545,M01AE01,Aktif,74.03
1870,BRAVEX LIQUI-GELS 400 MG YUMUŞAK KAPSÜL,8680080000545,M01AE01,Aktif,71.32
1871,BRECUR 100 MCG ÖLÇÜLÜ DOZLU İNHALASYON AEROSOL SÜSPANSİYONU,8680741520269,R03AC02,Aktif,87.11
1872,BRECUR 2.5 MG/2.5 ML  NEBÜLİZASYON İÇİN İNHALASYON ÇÖZELTİSİ,8680741521181,R03AC02,Aktif,84.78
1873,"BRELAX 1,5 MG+66,5 MG/5 ML ŞURUP",8699569570295,R03CC53,Aktif,70.64
1874,"BREMON %0,1 GÖZ DAMLASI, ÇÖZELTİ",8699525619334,S01EA05,Pasif,74.96
1875,"BREMON %0,15 GÖZ DAMLASI, ÇÖZELTİ",8699525619334,S01EA05,Pasif,76.79
1876,"BREMON %0,2 GÖZ DAMLASI",8699525619334,S01EA05,Pasif,71.43
1877,BREQUAL 50 MCG/100 MCG İNHALASYON İçIN TOZ İçEREN KAPSüL,8699514550143,R03AK06,Aktif,75.95
1878,BREQUAL 50 MCG/250 MCG İNHALASYON İçIN TOZ İçEREN KAPSüL,8699514550174,R03AK06,Aktif,76.3
1879,BREQUAL 50 MCG/500 MCG İNHALASYON İçIN TOZ İçEREN KAPSüL,8699514550204,R03AK06,Aktif,76.2
1887,BREVIBLOC PREMIKS 20MG/ML İNFÜZYON İÇIN ÇÖZELTI,8699556520210,C07AB09,Pasif,74.17
1890,BRICANYL 2.5 MG TABLET,8699786010406,R03CC03,Pasif,92.18
1891,BRICANYL DUO 1.5 MG/5ML + 66.5 MG/5 ML  ŞURUP,8699786570214,R03CC53,Aktif,79.86
1892,BRICANYL DURULES 5 MG KONTROLLÜ SALINMLI TABLET,8699786030305,R03CC03,Pasif,79.44
1893,BRICANYL TURBUHALER TOZ INHALATÖR 0.5 MG/DOZ,8699786550131,R03AC03,Pasif,88.38
1894,BRİDİON 200 MG/2ML IV ENJEKSIYONLUK ÇÖZELTİ,8699636771020,V03AB35,Pasif,80.46
1895,BRİDİON 500 MG/5ML IV ENJEKSIYONLUK ÇÖZELTİ,8699636771020,V03AB35,Pasif,79.1
1897,BRILINTA 60 MG FILM KAPLı TABLET,8699786092785,B01AC24,Aktif,88.83
1898,BRILINTA 90 MG FILM KAPLI TABLET,8699786090286,B01AC24,Aktif,88.98
1899,BRIMADEKS 200 MG/2 ML I.V. ENJEKSIYONLUK ÇöZELTI,8699606776192,V03AB35,Aktif,81.35
1900,BRIMADEKS 500 MG/5 ML I.V. ENJEKSIYONLUK ÇöZELTI,8699606776192,V03AB35,Aktif,79.5
1902,"BRİMO-TİM 2 MG+5 MG/ML STERIL GöZ DAMLASı, çöZELTI",8699844611880,S01ED51,Aktif,73.45
1904,"BRIMOGUT  % 0,15 GÖZ DAMLASI, ÇÖZELTİ",8699569610304,S01EA05,Aktif,78.23
1905,"BRİMOGUT %0,2 GöZ DAMLASı",8699569610304,S01EA05,Aktif,76.99
1906,"BRİMOLİX %0.15 GöZ DAMLASı, çöZELTI",8699844611811,S01EA05,Aktif,73.83
1909,Brinzopt 10 mg/ml Göz Damlası Süspansiyonu,8681176314027,S01EC04,Pasif,94.51
1910,"BRIOP % 0.15 GöZ DAMLASı, ÇöZELTI",8680030190999,S01EA05,Pasif,85.01
1911,"BRITIL-T 10 MG/ML + 5 MG/ML GöZ DAMLASı, SüSPANSIYON",8680199615708,S01EC04,Aktif,77.25
1935,BRONKOLIN 200 MG  DEğIşTIRILMIş SALıMLı TABLET,8699587033802,R03DA04,Aktif,80.47
1936,BRONKOLİN 300 MG DEğIşTIRILMIş SALıMLı TABLET,8699587031341,R03DA04,Aktif,78.62
1937,BRONOLAC 15 MG/ 5 ML PEDIATRIK şURUP,8680199571486,R05CB06,Aktif,77.43
1940,BRONPAX 900 MG EFERVESAN TABLET,8699976020451,R05CB01,Pasif,71.24
1944,BRUFEN 400 MG FILM KAPLI TABLET,8699548094408,M01AE01,Aktif,95.18
1945,BRUFEN 600 MG FİLM KAPLI TABLET,8699548093159,M01AE01,Aktif,93.02
1947,BRUFEN RETARD 800 MG YAVAŞ SALIMLI FİLM TABLET,8699548033162,M01AE01,Aktif,90.49
1951,BRUPREX 200 MG/5ML SüSPANSIYON,8699293700258,M01AE01,Aktif,87.92
1962,"BUDECORT STERİ-NEB 0,5MG/ML NEBÜLİZASYON İÇİN İNHALASYON SÜSPANSİYONU İÇEREN TEK DOZLUK AMPUL",8699638523986,R03BA02,Pasif,80.54
1963,BUDECORT STERI-NEB 1MG/2ML NEBÜLIZASYON IÇIN İNHALASYON ÇÖZELTISI İÇEREN TEK DOZLUK AMPUL,8699638523795,R03BA02,Pasif,82.7
1964,BUDECORT STERI-NEB 1MG/2ML NEBÜLIZASYON IÇIN İNHALASYON ÇÖZELTISI İÇEREN TEK DOZLUK AMPUL,8699638523795,R03BA02,Pasif,83.16
1965,BUDECORT STERI-NEB 1MG/2ML NEBÜLIZASYON IÇIN İNHALASYON SÜSPANSİYONU İÇEREN TEK DOZLUK AMPUL,8699638523795,R03BA02,Pasif,81.55
1966,BUDECORT STERİ-NEB® 0.25 MG/ML NEBÜLİZASYON İÇİN İNHALASYON SÜSPANSİYONU İÇEREN TEK DOZLUK AMPUL,8699638523979,R03BA02,Pasif,87.98
1967,BUDEFİX 200 MCG İNHALASYON İÇİN TOZ İÇEREN KAPSÜL,8697927551245,R03BA02,Pasif,78.2
1968,BUDEFİX 400 MCG İNHALASYON İÇİN TOZ İÇEREN KAPSÜL,8697927551245,R03BA02,Pasif,82.22
1969,BUDEFİX 400 MCG İNHALASYON İÇİN TOZ İÇEREN KAPSÜL,8697927551245,R03BA02,Pasif,82.22
1970,BUDENOFALK 3MG ENTERIK KAPLI MIKROPELLET IÇEREN KAPSÜL,8699543160016,A07EA06,Pasif,75.66
1971,"BUDENOSIN 0,25 MG/1 ML NEBüLIZASYON SüSPANSIYONU",8680741521358,R03BA02,Aktif,96.5
1972,"BUDENOSIN 0,5 MG/1 ML NEBüLIZASYON  SüSPANSIYONU",8680741521358,R03BA02,Aktif,95.69
1973,BUDENOSIN 200 MCG INHALASYON IÇIN TOZ IÇEREN BLISTER,8697933550676,R03BA02,Pasif,87.28
1974,BUDENOSIN DİSCAİR 200 MCG İNHALASYON İÇİN TOZ,8697927554413,R03BA02,Aktif,76.93
1975,BUDENOSIN DISCAIR 400 MCG İNHALASYON İÇİN TOZ,8697927554413,R03BA02,Aktif,89.97
1976,Buderat 400 mcg İnhalasyon İçin Toz İçeren Kapsül,8697927551245,R03BA02,Pasif,72.57
1977,"BUDOLER 100 MCG İNHALASYON TOZU, KAPSÜL",8680199552218,R03BA02,Pasif,84.96
1978,"BUDOLER 200 MCG BASINÇLI İNHALASYON, SÜSPANSİYON",8680199552218,R03BA02,Pasif,70.2
1979,BUDOLER 200 MCG İNHALASYON İÇİN KAPSÜL,8680199552218,R03BA02,Pasif,87.75
1980,BUDOLER 400 MCG İNHALASYON İÇİN KAPSÜL,8680199552225,R03BA02,Pasif,87.89
1986,BULSEF 1 G I.M. ENJEKSIYONLUK çöZELTI IçIN TOZ IçEREN FLAKON,8680080000354,J01DD04,Aktif,78.04
1987,BULSEF 1 G IM/IV ENJEKSİYONLUK ÇÖZELTİ İÇİN TOZ İÇEREN FLAKON,8680080000354,J01DD04,Aktif,70.9
1990,"BUPELEN FORT %0,3 + %2,5 JEL",8699738340605,D10AD53,Aktif,70.26
1991,"Bupivon %0,5 Enjeksiyonluk Çözelti",8680202600387,N01BB01,Pasif,77.89
1992,BUPRAPAN 150 MG UZATILMIŞ SALIMLI TABLET,8699510030199,N06AX12,Aktif,83.4
1993,BUPRAPAN 300 MG UZATILMIŞ SALIMLI TABLET,8699510030205,N06AX12,Aktif,83.42
1994,BUPRAPAN 450 MG UZATıLMIŞ SALıMLı TABLET,8699510030199,N06AX12,Aktif,83.92
1995,BURAZİN % 0.025 PEDIATRIK DOZ AYARLI BURUN SPREYI,8699512540047,R01AA05,Aktif,86.39
2003,BUSCOPAN 10 MG KAPLI TABLET,8683060120011,A03BB01,Aktif,75.17
2004,BUSCOPAN 20 MG/ML ENJEKSIYONLUK ÇÖZELTİ,8683060750065,A03BB01,Aktif,76.35
2006,BUSİCOD 15 MG/5 ML ŞURUP,8681986160456,R05DB13,Aktif,78.91
2007,"BUSİCOD FORT 22,5 MG /5 ML ŞURUP",8681986160401,R05DB13,Aktif,80.06
2008,BUSİLVEX 6MG/ML IV İNFÜZYON İÇIN KONSANTRE ÇÖZELTI,8680683770029,L01AB01,Pasif,80.97
2009,BUSLERA 60MG/10ML İ.V. İNFÜZYON İÇİN KONSANTRE ÇÖZELTİ İÇEREN FLAKON,8699702775068,L01AB01,Aktif,83.2
2012,BUSPON 5 MG KAPSÜL,8699525150103,N05BE01,Aktif,78.91
2014,BUSULTU 6 MG/ML IV İNFÜZYON İÇİN KONSANTRE ÇÖZELTİ,8699650772751,L01AB01,Aktif,92.95
2015,BUTAFLY % 1 LOSYON,8699514350040,D01AE23,Aktif,71.69
2016,BUTAFLY %1 KREM,8699514350040,D01AE23,Aktif,72.85
2017,"BUTAMCOD 7,5 MG/5 ML ŞURUP",8699828570226,R05DB13,Aktif,86.22
2018,BUTAMCOD FORT 15 MG/5 ML ŞURUP,8699828570295,R05DB13,Aktif,86.9
2019,"BUTAMCOD FORT PLUS 22,5 MG/5 ML ŞURUP",8699828570332,R05DB13,Aktif,88.09
2020,"BUTEFIN %1 DERIYE UYGULANACAK SPREY, ÇöZELTI",8680150510011,D01AE23,Pasif,81.45
2021,BUTEFİN %1 KREM,8680150350075,D01AE23,Pasif,71.44
2022,"BUTEGAL %1 DERİYE UYGULANACAK SPREY, ÇÖZELTİ",8680150510011,D01AE23,Pasif,73.44
2027,"BUTIROL 7,5 MG / 5 ML ŞURUP",8699580570083,R05DB13,Aktif,87.29
2028,"BUTİROL FORT 22,5 MG/5 ML ŞURUP",8699580570120,R05DB13,Aktif,78.37
2032,BUTORAST 15 MMOL/15 ML ENJEKSİYONLUK ÇÖZELTİ,8699844773090,V08CA09,Aktif,90.24
2033,BUTORAST 30 MMOL/30 ML ENJEKSİYONLUK ÇÖZELTİ,8699844773106,V08CA09,Aktif,89.88
2034,"BUTORAST 7,5 MMOL/7,5 ML ENJEKSİYONLUK ÇÖZELTİ",8699844773083,V08CA09,Aktif,90.3
2039,BYANNLI  700  MG  ENJEKSIYONLUK  UZATıLMış  SALıMLı  SüSPANSIYON  İçEREN  KULLANıMA  HAZıR  ENJEKTöR,8699593950193,N05AX13,Aktif,92.73
2040,BYANNLI 1000 MG  ENJEKSIYONLUK  UZATıLMış SALıMLı SüSPANSIYON İçEREN KULLANıMA HAZıR  ENJEKTöR,8699593950209,N05AX13,Aktif,91.64
2041,"BYETTA 10 MCG/40 MCL S.C. KULLANIMA HAZIR  DOLU ENJEKSİYON KALEMİ İÇİNDE ÇÖZELTİ, 2,4 ML",8699786952003,A10BJ01,Aktif,75.77
2042,"BYETTA 5 MCG/20 MCL S.C. KULLANIMA HAZIR DOLU ENJEKSİYON KALEMİ İÇİNDE ÇÖZELTİ, 1,2 ML",8699786951006,A10BJ01,Aktif,75.59
2043,BYRETU 250 MG TABLET,8699650012260,L02BX03,Aktif,79.2
2046,"CABATAX 60 MG/1,5 ML İNFÜZYONLUK KONSANTRE ÇÖZELTİ VE ÇÖZÜCÜ",8699828760238,L01CD04,Pasif,81.49
2048,CABOMETYX 20 MG FİLM KAPLI TABLET,8699783090449,L01EX07,Aktif,84.72
2049,CABOMETYX 40 MG FİLM KAPLI TABLET,8699783090456,L01EX07,Aktif,84.87
2050,CABOMETYX 60 MG FİLM KAPLI TABLET,8699783090463,L01EX07,Aktif,84.87
2052,CABRAL 400 MG FILM TABLET,8699559090024,M03BX30,Aktif,70.24
2055,CADUET 10 MG/10 MG FILM KAPLI TABLET,8699532095671,C10BX03,Aktif,75.28
2056,CADUET 10 MG/20 MG FILM KAPLI TABLET,8699532095688,C10BX03,Aktif,75.51
2059,CADUET 5MG/10 MG FILM KAPLI TABLET,8699532095671,C10BX03,Aktif,79.42
2060,CADUET 5MG/20MG FILM KAPLI TABLET,8699532095688,C10BX03,Aktif,83.69
2064,CAFERGOT 1 MG/100 MG TABLET,8699708011481,N02CA52,Aktif,74.33
2071,CALBİCOR 12.5 MG TABLET,8699566013245,C07AG02,Aktif,71.9
2072,CALBİCOR 25 MG TABLET,8699566013269,C07AG02,Aktif,71.3
2073,CALBICOR 25 MG TABLET,8699566013269,C07AG02,Aktif,93.22
2074,CALBICOR 3.125 MG TABLET,8699566013269,C07AG02,Aktif,88.7
2075,CALBİCOR 6.25 MG TABLET,8699566013221,C07AG02,Aktif,72.08
2079,"CALCICARD 12,5 MG/5 ML I.V. İNFüZYONLUK ÇöZELTI HAZıRLAMAK IçIN KONSANTRE",8699606766124,C01CX08,Aktif,78.78
2094,CALCIUM FOLINATE DBL 100 MG/10 ML ENJEKTABL SOLÜSYON,8699643770115,V03AF03,Pasif,91.0
2095,CALCIUM FOLINATE DBL 300 MG/30 ML ENJEKTABL SOLÜSYON,8699643770115,V03AF03,Pasif,88.59
2096,CALCIUM FOLINATE DBL 50 MG/5 ML ENJEKTABL SOLÜSYON,8699643770115,V03AF03,Pasif,89.41
2097,"CALCIUM FOLINATE DBL 7,5 MG/ML ENJEKTABL SOLÜSYON",8699643770115,V03AF03,Pasif,89.21
2098,CALCIUM FOLINATE-KOÇAK 100MG/10ML ENJEKTABL SOLÜSYON,8699828770329,V03AF03,Pasif,75.97
2099,CALCİUM FOLİNATE-KOÇAK 200 MG / 20 ML IM/IV ENJEKTABL ÇÖZELTİ İÇEREN FLAKON,8699828770305,V03AF03,Pasif,70.53
2100,CALCİUM FOLİNATE-KOÇAK 300 MG / 30 ML IM/IV ENJEKTABL ÇÖZELTİ İÇEREN FLAKON,8699828770312,V03AF03,Pasif,70.69
2101,CALCIUM FOLINATE-KOÇAK 50 MG/5 ML ENJEKTABL SOLÜSYON,8699828770329,V03AF03,Pasif,80.0
2108,CALDEROL 1 MCG/ML IV ENJEKSİYONLUK ÇÖZELTİ İÇEREN AMPUL,8681697750076,A11CC04,Aktif,75.44
2109,CALDEROL 2 MCG/ML IV ENJEKSİYONLUK ÇÖZELTİ İÇEREN AMPUL,8681697750083,A11CC04,Aktif,75.53
2112,CALENDA 10MG FILM TABLET,8699772090733,C09CA08,Pasif,79.39
2113,CALENDA 20MG FILM TABLET,8699772090757,C09CA08,Pasif,79.42
2114,CALENDA 40 MG FILM TABLET,8699772090771,C09CA08,Pasif,84.03
2122,CALIRA 10 MG FILM KAPLI TABLET,8699536093550,A10BK01,Aktif,97.53
2123,CALIRA 5 MG FILM KAPLI TABLET,8699536093550,A10BK01,Aktif,96.38
2124,CALIRA-MET 5 MG/1000 MG FILM KAPLı TABLET,8699536093833,A10BD15,Aktif,77.19
2125,CALIRA-MET 5 MG/850 MG FILM KAPLı TABLET,8699536093901,A10BD15,Aktif,78.01
2137,CALPOL  120MG/5ML SÜSPANSİYON,8699522705009,N02BE01,Aktif,70.04
2138,CALPOL 6 PLUS 250 MG/5 ML SüSPANSIYON,8699522705009,N02BE01,Aktif,74.25
2140,CALQUENCE  100  MG  FILM  KAPLı  TABLET,8699786150010,L01EL02,Aktif,75.23
2141,CALQUENCE 100 MG SERT KAPSüL,8699786150010,L01EL02,Aktif,88.51
2146,CALTRIOJECT  2 MCG/ML AMPUL,8699527753012,A11CC04,Pasif,77.73
2148,CALUX 150 MG FİLM TABLET,8699525099297,L02BB03,Pasif,85.7
2149,CALUX 50 MG FİLM TABLET,8699525098580,L02BB03,Pasif,85.27
2150,CAMILLA 60 MG FILM KAPLı TABLET,8699536092898,B01AC24,Aktif,84.45
2151,CAMİLLA 90 MG FILM KAPLı TABLET,8699536092898,B01AC24,Aktif,76.72
2152,CAMPRAL 333 MG ENTERIK TABLET,8699808040015,N07BB03,Aktif,76.98
2155,CAMZYOS 10 MG SERT KAPSÜL,8699726157802,C01EB24,Aktif,87.67
2156,CAMZYOS 15 MG SERT KAPSÜL,8699726158106,C01EB24,Aktif,87.76
2157,"CAMZYOS 2,5 MG SERT KAPSÜL",8699726157208,C01EB24,Aktif,87.7
2158,CAMZYOS 5 MG SERT KAPSÜL,8699726157505,C01EB24,Aktif,87.62
2161,CANDECARD 16 MG TABLET,8699516012632,C09CA06,Aktif,84.68
2162,CANDECARD 8 MG TABLET,8681428011384,C09CA06,Aktif,81.19
2170,CANDEXIL 16 MG TABLET,8699525010131,C09CA06,Aktif,80.59
2171,CANDEXIL 32 MG TABLET,8699525010148,C09CA06,Aktif,81.0
2176,CANDIDIN 150 MG KAPSÜL,8699622150204,J02AC01,Pasif,77.43
2178,CANDIMAX 100 MG KAPSÜL,8680881150241,J02AC01,Aktif,78.83
2179,CANDIMAX 150 MG KAPSÜL  (2 KAPSÜL IÇIN),8680881151125,J02AC01,Aktif,80.9
2180,CANDIMAX 150 MG KAPSÜL (1 KAPSÜL IÇIN),8680881151125,J02AC01,Aktif,79.85
2181,CANDIMAX 200 MG KAPSÜL,8680881150241,J02AC01,Aktif,81.68
2182,CANDIMAX 50 MG KAPSÜL,8680881151125,J02AC01,Aktif,79.5
2190,CANESTEN KREM,8699546350940,D01AC01,Aktif,79.99
2191,CANHERA  150  MG  IV  İNFüZYONLUK  ÇöZELTI  HAZıRLAMAK  İçIN  LIYOFILIZE TOZ İçEREN FLAKON,8699514790068,L01FD01,Aktif,79.23
2193,CANLOX 16 MG/10 MG TABLET,8699525019899,C09DB07,Aktif,80.07
2194,CANLOX 16 MG/5 MG TABLET,8699525019882,C09DB07,Aktif,79.9
2195,CANLOX 32 MG/5 MG TABLET,8699525019912,C09DB07,Aktif,77.53
2197,"CANLOX 8 MG/2,5 MG TABLET",8699525019882,C09DB07,Aktif,70.0
2205,"CANOLEN %1 DERIYE UYGULANACAK SPREY, ÇöZELTI",8680381900162,D01AE14,Aktif,72.08
2214,CANTAB 32 MG TABLET,8699540015692,C09CA06,Aktif,75.99
2215,CANTAB 32 MG TABLET,8699540015692,C09CA06,Aktif,77.4
2216,CANTAB 4 MG TABLET,8699540015609,C09CA06,Pasif,74.1
2218,CANTAB 8 MG TABLET,8699540015630,C09CA06,Aktif,77.91
2223,CANTHACUR TOPIKAL SOLÜSYON,8699708650420,D11AF,Pasif,72.53
2226,CAPCİAL % 0.075 KREM,8680150350082,N01BX04,Aktif,84.87
2227,"CAPCİDERM %0,075 KREM",8699591350308,N01BX04,Aktif,81.88
2236,CAPİFUNG 50 MG IV İNFÜZYONLUK ÇÖZELTİ HAZIRLAMADA KULLANILACAK KONSANTRE İÇİN TOZ,8681428791392,J02AX04,Pasif,81.9
2237,CAPİFUNG 70 MG IV İNFÜZYONLUK ÇÖZELTİ HAZIRLAMADA KULLANILACAK KONSANTRE İÇİN TOZ,8681428791408,J02AX04,Pasif,82.27
2243,CARBODEX 150 MG / 15 ML İV İNFÜZYON ÇÖZELTISI İÇEREN FLAKON,8699525775900,L01XA02,Aktif,80.38
2244,CARBODEX 150 MG / 15 ML İV İNFÜZYON ÇÖZELTISI İÇEREN FLAKON,8699525775900,L01XA02,Aktif,70.41
2245,CARBODEX 150MG/15ML IV İNFÜZYON ÇÖZELTISI İÇEREN FLAKON,8699525775900,L01XA02,Aktif,73.47
2246,CARBODEX 450 MG / 45 ML İV İNFÜZYON ÇÖZELTISI İÇEREN FLAKON,8699525775917,L01XA02,Aktif,82.21
2247,CARBODEX 450 MG / 45 ML İV İNFÜZYON ÇÖZELTISI İÇEREN FLAKON,8699525775917,L01XA02,Aktif,78.85
2248,CARBODEX 450MG/45ML IV İNFÜZYON ÇÖZELTISI İÇEREN FLAKON,8699525775917,L01XA02,Aktif,73.86
2249,CARBODEX 50 MG / 5 ML İV İNFÜZYON ÇÖZELTISI İÇEREN FLAKON,8699525775894,L01XA02,Aktif,79.12
2251,CARBODEX 50MG/5ML IV İNFÜZYON ÇÖZELTISI İÇEREN FLAKON,8699525775894,L01XA02,Aktif,74.65
2252,CARBODEX 600 MG / 60 ML İV İNFÜZYON ÇÖZELTISI İÇEREN FLAKO,8699525775924,L01XA02,Aktif,78.91
2253,CARBODEX 600 MG / 60 ML İV İNFÜZYON ÇÖZELTISI İÇEREN FLAKON,8699525775924,L01XA02,Aktif,80.76
2254,CARBODEX 600MG/60ML IV İNFÜZYON ÇÖZELTISI İÇEREN FLAKON,8699525775924,L01XA02,Aktif,73.23
2255,CARBOMIX 50 G ORAL SÜSPANSIYON İÇIN GRANÜL,8699345201009,A07BA01,Pasif,74.4
2256,CARBOPLAN 150 MG/15 ML IV İNFÜZYON İÇİN ÇÖZELTİ İÇEREN FLAKON,8699769770082,L01XA02,Pasif,75.31
2257,CARBOPLAN 450 MG/45 ML IV İNFÜZYON İÇİN ÇÖZELTİ İÇEREN FLAKON,8699769770099,L01XA02,Pasif,76.28
2258,CARBOPLATIN DBL 150 MG/15 ML ENJEKTABL SOLÜSYON İÇEREN FLAKON,8699643770047,L01XA02,Pasif,90.21
2259,CARBOPLATIN DBL 450 MG/45 ML ENJEKTABL SOLÜSYON İÇEREN FLAKON,8699643770054,L01XA02,Pasif,89.14
2260,CARBOPLATIN DBL 50 MG/5 ML ENJEKTABL SOLÜSYON İÇEREN FLAKON,8699643770030,L01XA02,Pasif,89.87
2261,CARBOPLATIN EBEWE 150 MG/15 ML IV İNFÜZYON ÇÖZELTISI İÇEREN FLAKON,8699510760058,L01XA02,Pasif,82.37
2262,CARBOPLATIN EBEWE 150 MG/15 ML IV İNFÜZYON ÇÖZELTISI İÇEREN FLAKON,8699205760028,L01XA02,Pasif,73.75
2263,CARBOPLATIN EBEWE 450 MG/45 ML IV İNFÜZYON ÇÖZELTISI İÇEREN FLAKON,8699205760011,L01XA02,Pasif,80.86
2264,CARBOPLATIN EBEWE 50 MG/5 ML IV İNFÜZYON ÇÖZELTISI İÇEREN FLAKON,8699205760011,L01XA02,Pasif,86.04
2265,CARBOPLATIN EBEWE 50 MG/5 ML IV İNFÜZYON ÇÖZELTISI İÇEREN FLAKON,8699205760011,L01XA02,Pasif,86.04
2266,CARBOPLATIN-DEM 150MG/15 ML IV İNFÜZYON ÇÖZELTISI IÇEREN FLAKON,8699769770082,L01XA02,Pasif,73.47
2267,CARBOPLATIN-DEM 450MG/45 ML IV İNFÜZYON ÇÖZELTISI IÇEREN FLAKON,8699769770099,L01XA02,Pasif,73.78
2268,CARBOPLATIN-KOÇAK 150 MG/15 ML IV İNFÜZYON İÇIN ÇÖZELTİ İÇEREN FLAKON,8699828770015,L01XA02,Aktif,87.41
2269,CARBOPLATIN-KOÇAK 50 MG/5 ML IV İNFÜZYON İÇIN ÇÖZELTİ İÇEREN FLAKON,8699828690153,L01XA02,Pasif,88.21
2270,CARBOPLATİN-TEVA 150MG/15ML I.V. İNFÜZYON İÇİN KONSANTRE ÇÖZELTİ İÇEREN FLAKON,8699638772070,L01XA02,Pasif,79.61
2271,CARBOPLATİN-TEVA 450MG/45ML I.V. İNFÜZYON İÇİN KONSANTRE ÇÖZELTİ İÇEREN FLAKON,8699638770311,L01XA02,Pasif,79.55
2272,CARBOPLATIN–KOÇAK 1000 MG/ 100 ML IV İNFÜZYON İÇİN ÇÖZELTİ İÇEREN FLAKON,8699828690153,L01XA02,Pasif,89.18
2273,CARBOPLATIN–KOÇAK 450 MG/ 45 ML IV İNFÜZYON İÇİN ÇÖZELTİ İÇEREN FLAKON,8699828770213,L01XA02,Aktif,85.99
2274,CARBOPLATIN–KOÇAK 600 MG/ 60 ML IV İNFÜZYON İÇİN ÇÖZELTİ İÇEREN FLAKON,8699828690160,L01XA02,Pasif,89.3
2281,"CARDIOKET %0,1 İNFÜZYON SOLÜSYON",8699587051134,C01DA08,Pasif,72.85
2282,CARDIOKET 20 MG RETARD TABLET,8699587051134,C01DA08,Pasif,77.83
2283,CARDIOKET 5 MG TABLET,8699587051134,C01DA08,Pasif,83.87
2284,CARDIOKET RETARD 40 MG TABLET,8699587051134,C01DA08,Pasif,91.22
2286,CARDIVEX 4 MG FILM KAPLı TABLET,8699578092191,C08CA15,Aktif,79.49
2287,CARDIVEX 8 MG FILM KAPLı TABLET,8699578092207,C08CA15,Aktif,79.58
2299,CARDOLEX 10 MG/160 MG TEDAVI PAKETI,8699536220024,C09DB01,Pasif,87.7
2300,CARDOLEX 5 MG/160 MG TEDAVI PAKETI,8699536220017,C09DB01,Pasif,87.59
2304,CARDOPAN 160 MG FILM KAPLı TABLET,8699536091273,C09CA03,Aktif,95.28
2306,CARDOPAN 160MG FILM TABLET,8699536091273,C09CA03,Aktif,87.87
2307,CARDOPAN 320 MG FILM KAPLı TABLET,8699536091280,C09CA03,Aktif,95.4
2308,CARDOPAN 320MG FILM TABLET,8699536091280,C09CA03,Aktif,89.01
2309,CARDOPAN 80 MG FILM KAPLı TABLET,8699536091266,C09CA03,Aktif,95.08
2310,CARDOPAN 80MG FILM TABLET,8699536091266,C09CA03,Aktif,87.39
2318,CARDOVOL 100 MG TABLET,8680199751987,C07AB02,Pasif,74.41
2319,CARDOVOL 25 MG TABLET,8680199751987,C07AB02,Pasif,74.04
2320,CARDOVOL 50 MG TABLET,8680199751987,C07AB02,Pasif,72.97
2326,CARDYN 10 MG FILM KAPLI TABLET,8699772095462,C10AA05,Pasif,71.1
2327,CARDYN 20 MG FILM KAPLI TABLET,8699772095479,C10AA05,Pasif,71.16
2328,CARDYN 40 MG FILM KAPLI TABLET,8699772095486,C10AA05,Pasif,71.64
2334,CARMEN 450 MG/45 ML IV ENJEKSIYONLUK çöZELTI IçEREN FLAKON,8699541773607,L01XA02,Pasif,70.69
2337,CARMETADİN 35 MG MR FILM KAPLı MODIFIYE SALıMLı TABLET (ÜRETIM YERI: WORLD MEDICINE İLAç SAN. VE TIC. A.Ş.),8680199090826,C01EB15,Aktif,78.48
2340,CARNİSEL 1G/5 ML IV ENJEKSIYONLUK/İNFÜZYONLUK ÇÖZELTİ,8680400772121,A16AA01,Aktif,75.74
2341,CAROVIT 20 MG YUMUŞAK KAPSÜL,8699828190226,A11CA02,Pasif,86.77
2342,CARPLATU 150 MG/15 ML IV İNFÜZYON ÇÖZELTİSİ İÇEREN FLAKON,8699650772096,L01XA02,Aktif,86.44
2343,CARPLATU 450MG/45ML IV İNFÜZYON ÇÖZELTISI İÇEREN FLAKON,8699650772089,L01XA02,Aktif,79.84
2344,CARPLATU 50 MG/5 ML IV İNFÜZYON ÇÖZELTİSİ İÇEREN FLAKON,8699650772102,L01XA02,Aktif,85.68
2346,CARTEOL LP %2 UZUN ETKİLİ GÖZ DAMLASI ÇÖZELTİSİ,3400935789525,S01ED05,Aktif,86.49
2347,CARVEXAL 12.5 MG TABLET,8699516017323,C07AG02,Pasif,82.35
2348,CARVEXAL 25 MG TABLET,8699516017347,C07AG02,Pasif,82.04
2349,CARVEXAL 6.25  MG TABLET,8699516017309,C07AG02,Pasif,82.45
2350,Casenlax 10 g Oral Çözelti Hazırlamak İçin Toz İçeren Saşe,8699559240061,A06AD15,Aktif,71.3
2351,CASENLAX 4 G ORAL ÇÖZELTİ HAZIRLAMAK İÇİN TOZ İÇEREN SAŞE,8699559240054,A06AD15,Aktif,70.53
2352,CASFLEX 400 MG FILM KAPLı TABLET,8699569093060,M03BX30,Aktif,71.85
2353,CASFUCİDE 50 MG I.V. İNFüZYONLUK ÇöZELTI HAZıRLAMAK İçIN  LIYOFILIZE TOZ,8681697790058,J02AX04,Pasif,85.37
2354,CASFUCİDE 70 MG I.V. İNFÜZYONLUK ÇÖZELTİ HAZIRLAMAK İÇİN LİYOFİLİZE TOZ,8681697790065,J02AX04,Pasif,74.44
2357,CASODEX 150 MG FİLM KAPLI TABLET,8699586094293,L02BB03,Aktif,84.68
2358,CASODEX 50 MG FİLM KAPLI TABLET,8699586094286,L02BB03,Aktif,84.33
2359,CASOMID 50 MG FİLM KAPLI TABLET,8699650982266,L02BB03,Aktif,74.1
2362,CASPOBIEM 50 MG I.V.  İNFüZYON İçIN LIYOFILIZE TOZ,8699702773071,J02AX04,Pasif,83.6
2363,CASPOBIEM 70 MG I.V.  İNFüZYON İçIN LIYOFILIZE TOZ,8699702773088,J02AX04,Pasif,83.98
2364,CASPOPOL 50 MG I.V. İNFüZYONLUK ÇöZELTI HAZıRLAMAK  İçIN LIYOFILIZE TOZ,8699606795421,J02AX04,Aktif,82.67
2365,CASPOPOL 70 MG I.V. İNFüZYONLUK ÇöZELTI HAZıRLAMAK  İçIN LIYOFILIZE TOZ,8699606795438,J02AX04,Aktif,83.01
2378,CEDAX 400 MG KAPSÜL,8699790150310,J01DD14,Pasif,72.25
2379,CEDAX ORAL SÜSPANSIYON IÇIN TOZ 36MG/ML,8699636280416,J01DD14,Pasif,79.04
2413,CEFAKS 125 MG/5 ML ORAL SÜSPANSIYON HAZIRLAMAK IÇIN GRANÜL,8699525284129,J01DC02,Aktif,71.87
2417,CEFAKS 250 MG/5 ML ORAL SÜSPANSİYON HAZIRLAMAK İÇİN GRANÜL,8699525284129,J01DC02,Aktif,73.55
2418,CEFAKS 250 MG/5 ML ORAL SÜSPANSIYON HAZIRLAMAK IÇIN GRANÜL,8699525284129,J01DC02,Aktif,74.48
2423,CEFAKS 750 MG IM ENJEKTABL TOZ İÇEREN FLAKON,8699525278418,J01DC02,Aktif,71.92
2431,CEFBIR 125MG/5ML ORAL SÜSPANSIYON HAZIRLAMAK İÇIN KURU TOZ,8697927281647,J01DD15,Pasif,84.76
2432,CEFBIR 300 MG KAPSÜL,8697927151629,J01DD15,Pasif,72.66
2434,CEFBIR PLUS 125MG&62.5MG/5ML ORAL SÜSPANSIYON HAZIRLAMAK İÇIN KURU TOZ,8697927281654,J01DD15,Pasif,72.23
2442,CEFEC 500 MG EFERVESAN TABLET,8680881027208,J01DC04,Aktif,71.27
2443,CEFEYE 50 MG İNTRAKAMERAL ENJEKSIYONLUK ÇöZELTI HAZıRLAMAK İçIN  TOZ,8699525278548,S01AA27,Aktif,78.41
2444,CEFITEN 200 MG FILM KAPLI TABLET,8680881094750,J01DD16,Pasif,75.71
2445,CEFITEN 200 MG FILM KAPLI TABLET,8697936091268,J01DD16,Pasif,75.46
2447,CEFIXIMA  400  MG  FILM  KAPLı  TABLET,8699567090047,J01DD08,Aktif,72.51
2448,CEFIZOX 1 G IM ENJEKSIYON IÇIN TOZ İÇEREN FLAKON,8699586272172,J01DD07,Pasif,76.58
2449,CEFIZOX 1 G IM/IV ENJEKSIYON IÇIN TOZ İÇEREN FLAKON,8699586272202,J01DD07,Pasif,76.81
2450,CEFLONG 180MG EFERVESAN TABLET,8697930021193,J01DD14,Pasif,80.94
2451,CEFLONG 180MG EFERVESAN TABLET,8697930021193,J01DD14,Pasif,73.3
2452,CEFLONG 200MG EFERVESAN TABLET,8697930021001,J01DD14,Pasif,70.22
2453,CEFLONG 400MG EFERVESAN TABLET,8697930021018,J01DD14,Pasif,70.18
2454,CEFLONG 400MG EFERVESAN TABLET,8697930021018,J01DD14,Pasif,82.92
2455,CEFLONG 90MG EFERVESAN TABLET,8697930021186,J01DD14,Pasif,76.15
2456,CEFLONG 90MG EFERVESAN TABLET,8697930021186,J01DD14,Pasif,85.26
2460,CEFNET PLUS 500/125 MG EFERVESAN TABLET,8680881027291,J01DD15,Pasif,70.79
2461,CEFNET PLUS 600/125 MG EFERVESAN TABLET,8680881027291,J01DD15,Pasif,73.93
2462,CEFNET PLUS 600/125 MG EFERVESAN TABLET,8680881027291,J01DD15,Pasif,73.93
2463,CEFNET PLUS 600/125 MG EFERVESAN TABLET,8680881027291,J01DD15,Pasif,73.93
2464,CEFNOR 250 MG EFERVESAN TABLET,8697936020923,J01DC10,Pasif,72.94
2465,CEFNOR 500 MG EFERVESAN TABLET,8697936020930,J01DC10,Pasif,70.47
2470,CEFORİST  125  MG/5  ML  ORAL  SüSPANSIYON  HAZıRLAMAK  İçIN  TOZ,8699591280018,J01DD15,Aktif,80.12
2471,CEFORİST 250 MG/5 ML ORAL SüSPANSIYON HAZıRLAMAK İçIN TOZ,8699591280025,J01DD15,Aktif,72.57
2472,CEFORİST 300 MG SERT KAPSüL,8699591150403,J01DD15,Aktif,83.12
2496,CEFROX 250 MG IM/IV ENJEKSİYON İÇİN TOZ İÇEREN FLAKON,8681085010010,J01DC02,Pasif,70.16
2497,CEFROX 750 MG IM ENJEKSİYON İÇİN TOZ İÇEREN FLAKON,8681085010027,J01DC02,Pasif,70.24
2498,CEFROX 750 MG IM/IV ENJEKSİYON İÇİN TOZ İÇEREN FLAKON,8681085010034,J01DC02,Pasif,70.83
2499,CEFTINEX 125MG/5 ML ORAL SÜSPANSIYON HAZIRLAMAK İÇIN KURU TOZ,8699569280439,J01DD15,Aktif,78.03
2500,CEFTINEX 250MG/5ML ORAL SÜSPANSIYON HAZIRLAMAK İÇIN KURU TOZ,8699569280439,J01DD15,Aktif,78.14
2501,CEFTINEX 300 MG FILM KAPLI TABLET,8699569090571,J01DD15,Aktif,91.87
2502,CEFTINEX 600 MG FILM KAPLI TABLET,8699569091998,J01DD15,Aktif,92.03
2505,CEFTOP 750MG IM/IV ENJEKSİYONLUK ÇÖZELTİ İÇİN TOZ İÇEREN FLAKON,8699622271305,J01DC02,Pasif,75.95
2508,"CEFUROL 1,5 G IM/IV ENJEKTABL TOZ İÇEREN FLAKON",8699508270729,J01DC02,Pasif,72.47
2509,CEFUROL 125 MG FİLM TABLET,8699508090198,J01DC02,Pasif,72.35
2513,CEFUROL 500 MG FİLM KAPLI TABLET,8699508090198,J01DC02,Pasif,70.09
2524,CELESTONE CHRONODOSE 3 MG+3 MG/1 ML ENJEKSİYONLUK SÜSPANSİYON,8683280337039,H02AB01,Aktif,71.48
2525,CELGYN 100 MG KAPSÜL,8680199152654,M01AH01,Aktif,72.86
2530,CELLCEPT 250 MG KAPSÜL,8699505152752,L04AA06,Pasif,70.47
2535,CELSENTRİ 150 MG FILM TABLET,8699522094509,J05AX09,Aktif,79.19
2536,CELSENTRI 300 MG FILM TABLET,8699522094547,J05AX09,Aktif,79.15
2538,CEMPES 125MG/5ML ORAL SÜSPANSİYON İÇİN TOZ,8699536280110,J01DD15,Aktif,72.02
2539,CEMPES 250MG/5ML ORAL SÜSPANSİYON İÇİN TOZ,8699536280127,J01DD15,Aktif,72.42
2540,CEMPES 300 MG KAPSÜL,8699536150314,J01DD15,Aktif,79.11
2541,CEMPES 600 MG FİLM KAPLI TABLET,8699536092584,J01DD15,Aktif,76.48
2543,CENART 5 MG/160 MG TEDAVİ PAKETİ,8699536220017,C09DB01,Pasif,70.81
2556,CEPHAXON 0.5 G IM ENJEKSIYONLUK ÇÖZELTI HAZIRLAMAK IÇIN TOZ VE ÇÖZÜCÜ,8699622270049,J01DD04,Aktif,83.11
2557,CEPHAXON 0.5 G IV ENJEKSIYONLUK ÇÖZELTI HAZIRLAMAK IÇIN TOZ VE ÇÖZÜCÜ,8699622270049,J01DD04,Aktif,83.15
2558,CEPHAXON 1G IM ENJEKSIYONLUK ÇöZELTI HAZıRLAMAK İçIN TOZ  VE  ÇöZüCü,8699622270049,J01DD04,Aktif,81.02
2559,CEPHAXON 1G IV ENJEKSIYONLUK ÇöZELTI HAZıRLAMAK İçIN TOZ  VE  ÇöZüCü,8699622270049,J01DD04,Aktif,80.87
2560,CEPHIX 100MG/ 5ML SÜSPANSIYON HAZIRLAMAK İÇIN KURU TOZ,8699622280536,J01DD08,Pasif,70.13
2561,CEPHIX 200 MG FILM TABLET,8699622090821,J01DD08,Pasif,72.15
2562,CEPHIX 400 MG FILM KAPLI TABLET,8699622090456,J01DD08,Pasif,71.79
2564,CERACARD 160 MG FILM TABLET,8699724090279,C09CA03,Pasif,98.29
2565,CERACARD 320 MG FILM TABLET,8699724090293,C09CA03,Pasif,98.34
2566,CERACARD 80 MG FILM TABLET,8699724090088,C09CA03,Pasif,98.22
2570,CERAMIN 10 MG FILM TABLET,8699724090262,N06DX01,Pasif,80.6
2571,CERAMIN 10 MG/G ORAL DAMLA,8699724590014,N06DX01,Pasif,90.07
2572,CERAZETTE 75 MCG FİLM KAPLI TABLET,8683280337046,G03AC09,Aktif,96.01
2575,CEREZYME 200 U İNFÜZYONLUK KONSANTRE ÇÖZELTI İÇIN TOZ İÇEREN FLAKON,8699809260030,A16AB02,Pasif,72.93
2576,CEREZYME 400 U/10 ML İNFüZYONLUK KONSANTRE ÇöZELTI İçIN  TOZ,8699809260030,A16AB02,Pasif,76.66
2578,"CERTICAN 0,25 MG SUDA ÇÖZÜNÜR TABLET",8699504070002,L04AH02,Aktif,91.37
2579,"CERTICAN 0,25 MG TABLET",8699504011302,L04AH02,Aktif,88.94
2580,"CERTİCAN 0,75 MG TABLET",8699504011357,L04AH02,Aktif,84.79
2584,CETITYROL 10 MG FILM TABLET,8699516098384,R06AE07,Pasif,71.05
2609,CHIROCAINE 25 MG/10 ML INFÜZYON IÇIN KONSANTRE ÇÖZELTI IÇEREN AMPUL,8680656080049,N01BB10,Pasif,74.14
2610,CHIROCAINE 50 MG/10 ML INFÜZYON IÇIN KONSANTRE ÇÖZELTI IÇEREN AMPUL,8680656080049,N01BB10,Pasif,75.08
2611,CHIROCAINE 75 MG/10 ML INFÜZYON IÇIN KONSANTRE ÇÖZELTI IÇEREN AMPUL,8680656080049,N01BB10,Pasif,73.76
2612,CHOLVAST 10 MG FİLM KAPLI TABLET,8699578090449,C10AA05,Aktif,92.25
2613,CHOLVAST 20 MG FİLM KAPLI TABLET,8699578090456,C10AA05,Aktif,92.27
2614,CHOLVAST 40 MG FİLM KAPLI TABLET,8699578090463,C10AA05,Aktif,92.39
2615,CHOLVAST 80 MG FİLM  KAPLI TABLET,8699578090470,C10AA05,Pasif,89.85
2627,CİCİFEN 100 MG/5 ML PEDIATRIK SüSPANSIYON,8680199012439,M01AE01,Pasif,82.84
2634,CIFLOSIN 750 MG FILM KAPLI TABLET,8699525092793,J01MA02,Aktif,71.73
2641,CIMZIA 200MG/ML ENJEKSIYONLUK ÇÖZELTİ İÇEREN S.C.  STERİL KULLANIMA HAZIR ENJEKTÖR,8699624950017,L04AB05,Aktif,88.52
2652,CİNVEX 250 MCG/5 ML I.V. ENJEKSİYONLUK ÇÖZELTİ İÇEREN FLAKON,8699538776109,A04AA05,Pasif,74.07
2653,CIOSA 350 MG ENJEKSİYONLUK/İNFÜZYONLUK ÇÖZELTİ HAZIRLAMADA KULLANILACAK KONSANTRE İÇİN TOZ,8699606796176,J01XX09,Aktif,71.78
2654,CIOSA 500 MG ENJEKSİYONLUK/İNFÜZYONLUK ÇÖZELTİ HAZIRLAMADA KULLANILACAK KONSANTRE İÇİN TOZ,8699606796183,J01XX09,Aktif,70.94
2656,CIPINTU 100 MG/100 ML İNFüZYON İçIN KONSANTRE ÇöZELTI,8699715772030,L01XA01,Aktif,87.77
2657,Cipintu 25 mg/25 ml İnfüzyon İçin Konsantre Çözelti,8699715772092,L01XA01,Aktif,91.49
2658,CIPINTU 50 MG/50 ML İNFüZYON İçIN KONSANTRE ÇöZELTI,8699715772023,L01XA01,Aktif,87.57
2659,CIPRALEX 10 MG FILM KAPLI TABLET,8699795090635,N06AB10,Pasif,81.93
2660,"CIPRALEX 10 MG/ML ORAL DAMLA, SOLÜSYON",8699795590692,N06AB10,Pasif,80.45
2661,CIPRALEX 20 MG FILM KAPLI TABLET,8699795090734,N06AB10,Pasif,83.39
2663,CIPRALEX 5 MG FILM TABLET,8699795090734,N06AB10,Pasif,83.83
2664,CIPRAM 20 MG FILM KAPLI TABLET,8699795090567,N06AB04,Pasif,89.3
2690,CISPLATIN DBL 10 MG/10 ML ENJEKTABL SOLÜSYON,8699643770061,L01XA01,Pasif,88.79
2691,CISPLATIN DBL 100 MG/100 ML ENJEKTABL SOLÜSYON,8699643770085,L01XA01,Pasif,88.95
2692,CISPLATIN DBL 50 MG/50 ML ENJEKTABL SOLÜSYON,8699643770078,L01XA01,Pasif,88.82
2693,CİSPLATİN-KOÇAK 10 MG/20 ML IV İNFÜZYON İÇİN KONSANTRE SOLÜSYON İÇEREN FLAKON,8699828770176,L01XA01,Aktif,72.78
2694,CİSPLATİN-KOÇAK 25 MG/50 ML IV İNFÜZYON İÇİN KONSANTRE SOLÜSYON İÇEREN FLAKON,8699828770190,L01XA01,Aktif,73.64
2695,CİSPLATİN–KOÇAK 50 MG/100 ML IV İNFÜZYON İÇİN KONSANTRE SOLÜSYON İÇEREN FLAKON,8699828770077,L01XA01,Aktif,73.6
2700,CITANEST %2  ENJEKSIYONLUK ÇöZELTI,8699874080496,N01BB04,Aktif,75.18
2702,CITAZON 150 MG TABLET,8699828010173,J04AK07,Pasif,71.57
2709,"CITOLES 10MG/ML ORAL DAMLA, ÇÖZELTİ",8699514596837,N06AB10,Aktif,77.7
2713,CITOLES 5 MG FILM KAPLI TABLET,8699514095910,N06AB10,Aktif,70.02
2729,"CLAIRYG 50 MG/ML, 100 ML İNFÜZYONLUK ÇÖZELTİ",8699538983699,J06BA02,Aktif,72.06
2730,"CLAIRYG 50 MG/ML, 200 ML İNFÜZYONLUK ÇÖZELTİ",8699538983699,J06BA02,Aktif,70.91
2731,"CLAIRYG 50 MG/ML, 400 ML İNFÜZYONLUK ÇÖZELTİ",8699538983699,J06BA02,Aktif,70.55
2735,CLARİSCAN 0.5 MMOL/ML ENJEKSİYONLUK ÇÖZELTİ,8699688770026,V08CA02,Aktif,75.86
2736,CLARITINE 10 MG TABLET,8699636010532,R06AX13,Pasif,89.76
2739,CLASEM 250 MG/5ML ORAL SÜSPANSİYON İÇİN TOZ,8699293280552,J01DD15,Aktif,83.44
2741,CLASEM 300 MG KAPSÜL,8699537150047,J01DD15,Pasif,77.95
2743,CLAST 10 MG FILM KAPLI TABLET,8699540099050,R03DC03,Pasif,87.13
2744,CLAST 4MG ÇIĞNEME TABLETI,8699540080034,R03DC03,Pasif,85.44
2745,CLAST 5MG ÇIĞNEME TABLETI,8699540080034,R03DC03,Pasif,87.28
2748,CLAXOM 50 MG IV İNFÜZYONLUK ÇÖZELTİ HAZIRLAMADA KULLANILACAK KONSANTRE İÇİN LİYOFİLİZE TOZ,8681735790521,J02AX04,Aktif,76.47
2749,CLAXOM 70 MG IV İNFÜZYONLUK ÇÖZELTİ HAZIRLAMADA KULLANILACAK KONSANTRE İÇİN LİYOFİLİZE TOZ,8681735790521,J02AX04,Aktif,75.16
2751,CLENID 160 MCG İNHALASYON İçIN ÖLçüLü DOZLU AEROSOL,8680741520924,R03BA08,Aktif,83.21
2752,CLENID 80 MCG İNHALASYON İçIN ÖLçüLü DOZLU AEROSOL,8680741520917,R03BA08,Aktif,82.98
2757,CLEOCIN FOSFAT 600 MG IM/IV AMPUL,8699532754783,J01FF01,Pasif,82.21
2760,Clexane 10000 Anti-Xa/1 mL Enjeksiyonluk Çözelti İçeren Kullanıma Hazır Enjektör,8699809950696,B01AB05,Aktif,74.55
2761,"Clexane 120 Anti-Xa/0,8 mL Enjeksiyonluk Çözelti İçeren Kullanıma Hazır Enjektör",8699809950313,B01AB05,Pasif,73.41
2762,"Clexane 2000 Anti-Xa/0,2 mL Enjeksiyonluk Çözelti İçeren Kullanıma Hazır Enjektör",8699809950313,B01AB05,Pasif,73.7
2763,"CLEXANE 4000 ANTI-XA/0,4 ML ENJEKSIYONLUK ÇöZELTI İçEREN KULLANıMA HAZıR ENJEKTöR",8699809950313,B01AB05,Pasif,78.4
2764,"Clexane 6000 Anti-Xa/0,6 mL Enjeksiyonluk Çözelti İçeren Kullanıma Hazır Enjektör",8699809950320,B01AB05,Pasif,74.81
2765,"Clexane 8000 Anti-Xa/0,8 mL Enjeksiyonluk Çözelti İçeren Kullanıma Hazır Enjektör",8699809950337,B01AB05,Pasif,75.12
2768,"CLIMARA FORTE 7,8 MG/25 CM 2   TRANSDERMAL FLASTER",8699546814091,G03CA03,Aktif,73.17
2774,CLINDATRE  12 MG/G + 0.25 MG/G JEL,8699708340147,D10AD51,Aktif,75.61
2782,CLOBESOL %0.05 MERHEM,8699578380410,D07AD01,Pasif,71.45
2788,CLODIFEN % 5 JEL,8680199341447,M02AA15,Aktif,73.7
2794,CLONEX 100 MG TABLET,8699587012449,N05AH02,Aktif,89.41
2795,CLONEX 25 MG TABLET,8699587012432,N05AH02,Aktif,89.47
2798,CLOPIXOL ® 25 MG FILM TABLET,8699795091366,N05AF05,Pasif,76.23
2800,CLOPIXOL 2 MG FİLM KAPLI TABLET,8699795091366,N05AF05,Pasif,71.88
2802,CLOPIXOL ACUPHASE 50 MG/ML IM ENJEKSİYONLUK ÇÖZELTİ,8699795750225,N05AF05,Aktif,70.06
2804,CLOPIXOL-ACUPHASE® 50 MG/ML IM ENJEKTABL SOLÜSYON,8699795750225,N05AF05,Aktif,73.26
2805,CLOPIXOL® 10 MG FILM TABLET,8699795091359,N05AF05,Pasif,76.06
2807,CLOPRA 75 MG FİLM KAPLI TABLET,8699580090345,B01AC04,Aktif,77.91
2811,CLOVATE % 0.05 KREM,8680760350076,D07AD01,Aktif,74.14
2812,CLOVATE % 0.05 MERHEM,8680760370012,D07AD01,Aktif,75.6
2833,"CODACTIV 7,5 MG/5 ML ŞURUP",8680760570023,R05DB13,Aktif,82.57
2834,CODACTIV FORT 22.5MG/5 ML ŞURUP,8680760570092,R05DB13,Aktif,81.36
2838,CODERMO %0.1 KREM,8699566354379,D07AC13,Aktif,71.61
2839,CODERMO %0.1 MERHEM,8699527370028,D07AC13,Aktif,74.01
2847,COGITO 10 MG FILM TABLET,8699566091168,N06DX01,Aktif,77.35
2848,COGITO 10 MG/G ORAL DAMLA,8699566591217,N06DX01,Pasif,78.08
2852,COLASTIN L 20 MG FILM KAPLI TABLET,8699525093523,C10AA05,Aktif,89.35
2853,COLASTIN L 40 MG FILM KAPLI TABLET,8699525093530,C10AA05,Aktif,89.54
2854,COLASTIN L 80 MG FILM KAPLI TABLET,8699525093547,C10AA05,Aktif,89.75
2859,"COLCHICUM DISPERT  0,5 MG FILM KAPLI TABLET",8699559090314,M04AC01,Aktif,76.4
2863,COLDAWAY COLD & FLU 200 MG/30 MG FILM KAPLı TABLET,8699514093268,M01AE51,Pasif,77.63
2864,COLDAWAY PLUS 100 MG+15 MG+1 MG/5 ML ŞURUP,8699514570202,M01AE51,Aktif,71.4
2867,COLDFEN FORT 200 MG/5 ML ORAL SüSPANSIYON,8680150570053,M01AE51,Pasif,75.67
2870,COLDFEN ZERO 200 MG/2 MG FILM KAPLI TABLET,8680150090025,M01AE51,Aktif,74.99
2874,COLEBYN 10 MG TABLET,8699536010984,C10AX09,Pasif,84.57
2876,COLEDAN-D 3  20.000 IU YUMUşAK KAPSüL,8680199193503,A11CC05,Aktif,73.51
2877,"COLEDAN-D3  25.000  IU/ML  ORAL  DAMLA, ÇöZELTI",8680199594393,A11CC05,Aktif,74.41
2878,COLEDAN-D3 1.000 IU YUMUşAK KAPSüL,8680199193220,A11CC05,Aktif,74.99
2879,"COLEDAN-D3 10.000 IU/ML ORAL DAMLA, ÇöZELTI",8680199599701,A11CC05,Aktif,73.98
2883,"COLEDAN-D3 20.000 IU/ML ORAL DAMLA, ÇöZELTI",8680199594393,A11CC05,Aktif,72.45
2884,COLEDAN-D3 2000 IU FILM KAPLı TABLET,8680199094282,A11CC05,Aktif,72.13
2885,COLEDAN-D3 5.000 IU YUMUşAK KAPSüL,8680199193220,A11CC05,Aktif,75.11
2886,COLEDAN-D3 50.000 IU YUMUşAK KAPSüL,8680199193220,A11CC05,Aktif,75.77
2887,COLEDAN-D3 FORTE 50.000 IU/5 ML ORAL ÇöZELTI,8680199652840,A11CC05,Aktif,75.29
2888,COLEFİX 10 MG EFERVESAN TABLET,8699976020192,C10AA07,Pasif,81.59
2889,COLEFİX 20 MG EFERVESAN TABLET,8699976020215,C10AA07,Pasif,85.17
2890,COLEFİX 40 MG EFERVESAN TABLET,8699976020239,C10AA07,Pasif,81.86
2891,COLEFİX 5 MG EFERVESAN TABLET,8699976020192,C10AA07,Pasif,80.4
2892,"COLEPLUS  D3  150.000  IU/10  ML  ORAL  DAMLA, ÇÖZELTI",8683262443048,A11CC05,Aktif,78.1
2893,"COLEVİT-D3 150.000 I.U./ 10 ML ORAL DAMLA, ÇÖZELTİ",8684278010019,A11CC05,Aktif,73.51
2899,COLIDUR 200 MG FILM TABLET,8699580090413,A07AA11,Aktif,80.65
2905,COLITIM  150  MG  IM/IV  ENJEKSIYONLUK  VE  İNHALASYONLUK  ÇöZELTI  HAZıRLAMAK  İçIN  LIYOFILIZE  TOZ  VE  ÇöZüCü,8681735790255,J01XB01,Aktif,85.0
2907,COLNAR 10 MG FILM KAPLI TABLET,8699536093222,C10AA07,Aktif,98.44
2908,COLNAR 20 MG FILM KAPLI TABLET,8699536093246,C10AA07,Aktif,98.45
2909,COLNAR 40 MG FILM KAPLI TABLET,8699536093260,C10AA07,Aktif,86.89
2910,COLNAR 5 MG FİLM KAPLI TABLET,8699536093284,C10AA07,Aktif,90.11
2913,COMBİBERO İNHALASYON İÇİN ÖLÇÜLÜ DOZLU AEROSOL,8699693520111,R03AL01,Pasif,77.05
2919,COMBICID 375 MG FİLM TABLET,8699569090274,J01CR04,Pasif,77.33
2927,COMBISAR 10/160MG FILM KAPLI TABLET,8699569091806,C09DB01,Pasif,80.23
2928,COMBISAR 10/320MG FILM KAPLI TABLET,8699569091806,C09DB01,Pasif,75.7
2929,COMBISAR 5/160 MG FİLM KAPLI TABLET,8699569091790,C09DB01,Aktif,83.69
2936,COMBO 100MG FILM TABLET,8699578090586,G04BE03,Aktif,81.71
2937,COMBO 25MG FILM TABLET,8699578090562,G04BE03,Pasif,79.47
2938,COMBO 50MG FILM TABLET,8699578090562,G04BE03,Pasif,81.04
2940,COMTAN 200 MG FILM KAPLI TABLET,8699504090352,N04BX02,Pasif,74.28
2941,CONBİSOPROL 1.25 MG FİLM KAPLI TABLET,8680199009538,C07AB07,Aktif,80.88
2942,CONBİSOPROL 10 MG FİLM KAPLI TABLET,8680199009538,C07AB07,Aktif,81.28
2943,CONBİSOPROL 2.5 MG FİLM KAPLI TABLET,8680199009538,C07AB07,Aktif,81.59
2944,CONBİSOPROL 5 MG FİLM KAPLI TABLET,8680199009538,C07AB07,Aktif,81.88
2945,CONCERTA 18 MG KONTROLLÜ SALIM TABLETİ,8699593035517,N06BA04,Aktif,74.89
2946,CONCERTA 27 MG KONTROLLÜ SALIM TABLETİ,8699593035753,N06BA04,Aktif,77.19
2947,CONCERTA 36 MG KONTROLLÜ SALIM TABLETİ,8699593035524,N06BA04,Aktif,74.95
2948,CONCERTA 54 MG KONTROLLÜ SALIM TABLETİ,8699593035531,N06BA04,Aktif,75.71
2952,"CONJITEN % 0.025 STERIL GöZ DAMLASı, ÇöZELTI",8699702613100,S01GX08,Aktif,76.5
2953,CONSETIN 30MG/5ML ŞURUP,8681911570053,R05DB27,Aktif,90.52
2955,CONTRACTUBEX JEL,8699708340468,C05BA53,Pasif,72.07
2956,CONTRAMAL 100 MG/2 ML ENJEKSİYONLUK ÇÖZELTİ,8699514759188,N02AX02,Aktif,74.51
2957,"CONTRAMAL 100 MG/ML DAMLA, ÇÖZELTİ",8699514599197,N02AX02,Aktif,82.61
2958,CONTRAMAL 50 MG KAPSÜL,8699514159162,N02AX02,Aktif,85.69
2959,CONTRAMAL RETARD 100MG FİLM KAPLI TABLET,8699514039273,N02AX02,Aktif,79.26
2965,CONVULEX 50 MG/ML PEDİYATRİK ŞURUP,8699510572729,N03AG01,Aktif,73.45
2966,CONVULEX CR 300 MG TABLET,8699510030175,N03AG01,Pasif,81.03
2967,CONVULEX CR 500 MG TABLET,8699510030168,N03AG01,Pasif,80.93
2970,COPAXONE 40 MG/ML PEN ENJEKSİYONLUK ÇÖZELTİ İÇEREN KULLANIMA HAZIR KALEM,8699638953967,L03AX13,Aktif,76.92
2971,COPELLOR 80 MG/1 ML ENJEKSIYONLUK ÇÖZELTI IÇEREN KULLANIMA HAZIR ENJEKTÖR,8699673954677,L04AC13,Aktif,83.82
2972,COPELLOR 80 MG/1 ML ENJEKSIYONLUK ÇÖZELTI İÇEREN KULLANIMA HAZIR KALEM,8699673954677,L04AC13,Aktif,82.67
2975,CORALAN 5 MG FILM KAPLı TABLET,8699552090113,C01EB17,Aktif,78.2
2976,CORALAN 7.5 MG FILM KAPLı TABLET,8699552090120,C01EB17,Aktif,78.62
2988,COREDEM % 5 SODYUM KLORÜR TEK DOZLUK HİPERTONİK OFTALMİK ÇÖZELTİ,8699525610126,S01XA03,Aktif,80.0
2989,CORELAR 10 MG/2 ML İ.V. INFüZYONLUK çöZELTI,8699844752095,C01EB16,Aktif,81.24
2990,"CORIVA  18  MCG  İNHALASYON  TOZU,  SERT  KAPSüL",8699514550006,R03BB04,Aktif,87.06
2991,CORLTO 5 MG TABLET,8699525019981,H02AB06,Aktif,88.47
2992,"CORONIS 12,5 MG TABLET",8699569010609,C07AG02,Aktif,87.39
2993,CORONIS 25 MG TABLET,8699569010616,C07AG02,Aktif,87.13
2994,CORONIS 6.25 MG TABLET,8699569010593,C07AG02,Aktif,87.51
2995,CORRENTE 75 MG FİLM KAPLI TABLET,8680760092051,B01AC04,Pasif,79.18
2998,"CORTAİR 0,25  MG/ML NEBüLIZASYON IçIN TEK DOZLUK INHALASYON  SüSPANSIYONU IçEREN FLAKON",8699844521158,R03BA02,Aktif,91.28
2999,"CORTAİR 0,5 MG/ML  NEBüLIZASYON IçIN TEK DOZLUK INHALASYON  SüSPANSIYONU IçEREN FLAKON",8699844521165,R03BA02,Aktif,91.19
3000,CORTIMENT MMX 9 MG UZATıLMış SALıMLı TABLET,8697621030671,A07EA06,Aktif,94.57
3003,CORTIPOL 20 MG I.M./I.V. ENJEKSİYONLUK/İNFÜZYONLUK ÇÖZELTİ HAZIRLAMAK İÇİN TOZ VE ÇÖZÜCÜ,8699606796770,H02AB04,Aktif,78.54
3005,CORTIPOL 40 MG I.M./I.V. ENJEKSIYONLUK/İNFüZYONLUK ÇöZELTI HAZıRLAMAK İçIN TOZ VE ÇöZüCü,8699606796787,H02AB04,Aktif,81.38
3017,COSİMPREL 5 MG/10 MG FİLM KAPLI TABLET,8699552090922,C09BX02,Pasif,78.78
3018,COSİMPREL 5 MG/5 MG FİLM KAPLI TABLET,8699552090915,C09BX02,Aktif,78.84
3023,COVERAM 10MG/ 5 MG TABLET,8699552010623,C09BB04,Aktif,83.61
3024,COVERAM 10MG/10 MG TABLET,8699552010647,C09BB04,Aktif,83.89
3025,COVERAM 14 MG/10 MG TABLET,8699552091073,C09BB04,Pasif,82.22
3026,COVERAM 3.5 MG/2.5 MG TABLET,8699552091059,C09BB04,Pasif,82.17
3027,COVERAM 5 MG/10MG TABLET,8699552010623,C09BB04,Aktif,83.61
3028,COVERAM 5 MG/5MG TABLET,8699552010616,C09BB04,Aktif,84.33
3029,COVERAM 7 MG/5 MG TABLET,8699552091066,C09BB04,Pasif,81.87
3030,COVERSYL 10 MG FİLM KAPLI TABLET,8699552090465,C09AA04,Aktif,70.92
3031,COVERSYL 2.5 MG FILM KAPLı TABLET,8699552090892,C09AA04,Aktif,80.54
3032,COVERSYL 5 MG FİLM KAPLI TABLET,8699552090458,C09AA04,Aktif,70.73
3033,COVERSYL OD 10 MG AĞIZDA DAĞILAN TABLET,8699552090465,C09AA04,Aktif,78.3
3034,"COVERSYL OD 2,5 MG AĞIZDA DAĞILAN TABLET",8699552090892,C09AA04,Aktif,78.34
3035,COVERSYL OD 5 MG AĞIZDA DAĞILAN TABLET,8699552090458,C09AA04,Aktif,78.2
3036,COVERSYL PLUS 10 MG/2.5 MG FILM KAPLI TABLET,8699552090489,C09BA04,Aktif,76.71
3037,COVERSYL PLUS 4 MG/1.25 MG FILM KAPLI TABLET,8699552090472,C09BA04,Aktif,79.28
3041,COXULİD 100 MG TABLET,8699570010124,M01AX17,Pasif,74.94
3042,COZAAR 100 MG FILM KAPLI TABLET,8683280337053,C09CA01,Aktif,81.22
3043,COZAAR 50 MG FILM KAPLI TABLET,8683280337060,C09CA01,Aktif,81.14
3044,COZYMEL 3 MG TABLET,8699578010485,N05CH01,Aktif,92.7
3045,CRALIUM 100 MG TABLET,8699527010535,N06BA07,Pasif,84.57
3046,CRALIUM 200 MG TABLET,8699527010542,N06BA07,Aktif,84.74
3050,CRELİX 10 MG FİLM TABLET,8699578095468,C10AA07,Pasif,73.7
3051,CRELİX 20 MG FİLM TABLET,8699578095482,C10AA07,Pasif,73.78
3052,CRELİX 40 MG FİLM TABLET,8699578095505,C10AA07,Pasif,74.19
3053,CRELİX 5 MG FİLM TABLET,8699578095468,C10AA07,Pasif,72.39
3054,CRESTOR 10 MG FİLM KAPLI  TABLET,8699786092761,C10AA07,Aktif,90.54
3055,CRESTOR 20 MG FİLM KAPLI TABLET,8699786090163,C10AA07,Aktif,90.56
3056,CRESTOR 40 MG FİLM KAPLI TABLET,8699786090187,C10AA07,Pasif,90.69
3057,CRESTOR 5 MG FİLM KAPLI TABLET,8699786090262,C10AA07,Pasif,93.05
3058,CRINONE %8 VAGINAL JEL,8699777342035,G03DA04,Pasif,77.85
3059,CRIXIVAN 400MG KAPSÜL,8699636150122,J05AE02,Pasif,84.36
3060,CROMTOL 10 MG TABLET,8699536011110,C07AB12,Pasif,80.33
3061,CROMTOL 5 MG TABLET,8699536011097,C07AB12,Pasif,80.19
3073,CRUTER 100 MG/5 ML ORAL SÜSPANSIYON İÇIN GRANÜL,8699724280045,J01DD13,Pasif,70.32
3075,CRUTER 50 MG/5 ML ORAL SÜSPANSIYON İÇIN GRANÜL,8699724280038,J01DD13,Pasif,70.03
3081,CUBICIN 500 MG İNFÜZYON ÇÖZELTISI İÇIN TOZ İÇEREN FLAKON,8699636791349,J01XX09,Pasif,78.1
3084,CULENTO  10  MG  FILM  KAPLI  TABLET,8680199099126,R03DC03,Pasif,97.83
3085,CULENTO 4 MG ÇIğNEME TABLETI,8680199099126,R03DC03,Pasif,78.92
3086,CULENTO 4 MG PEDİYATRİK ORAL GRANÜL İÇEREN SAŞE,8680199255058,R03DC03,Pasif,81.05
3087,CULENTO 5 MG ÇIğNEME TABLETI,8680199099126,R03DC03,Pasif,79.22
3088,CURATINOX 100 MG/20 ML IV İNFüZYONLUK KONSANTRE ÇöZELTI,8699517790942,L01XA03,Pasif,70.08
3089,CURATINOX 200 MG/40 ML IV İNFüZYONLUK KONSANTRE ÇöZELTI,8699517790959,L01XA03,Pasif,70.58
3091,CUREXOL 5 MG  ÇENTİKLİ TABLET,8699517012204,N05AX12,Pasif,81.55
3100,"CUTIVATE % 0,005 MERHEM",8699522385041,D07AC17,Aktif,79.03
3102,"CUTMİRAT 7,5 MG/5 ML ŞURUP",8699844570309,R05DB13,Aktif,72.0
3103,CUVITRU 1 G/5 ML S.C. UYGULAMA İçIN ENJEKSIYONLUK ÇöZELTI,8681429550394,J06BA01,Aktif,74.9
3104,CUVITRU 2 G/10 ML S.C. UYGULAMA İçIN ENJEKSIYONLUK ÇöZELTI,8681429550400,J06BA01,Aktif,75.01
3105,CUVITRU 4 G/20 ML S.C. UYGULAMA İçIN ENJEKSIYONLUK ÇöZELTI,8681429550417,J06BA01,Aktif,75.08
3106,CUVITRU 8 G/40 ML S.C. UYGULAMA İçIN ENJEKSIYONLUK ÇöZELTI,8681429550424,J06BA01,Aktif,75.28
3107,"CYBELLE  0,100  MG/0,02  MG  FILM  KAPLı  TABLET",8681026050112,G03AA07,Pasif,86.84
3110,CYCLOGEST 200 MG OVÜL,8699708900280,G03DA04,Pasif,97.56
3111,CYCLOGEST 400 MG OVÜL,8699708900280,G03DA04,Pasif,95.31
3112,CYLORIN 100 MG YUMUŞAK KAPSÜL,8680199196610,L04AD01,Aktif,88.47
3113,CYLORİN 25 MG YUMUŞAK KAPSÜL,8680199196634,L04AD01,Aktif,77.96
3115,CYMBALTA 30MG KAPSÜL- ABD,8699673170206,N06AX21,Aktif,73.56
3117,CYMBALTA 60MG KAPSÜL-ABD,8699673170213,N06AX21,Aktif,72.72
3122,CYOVEL 30 MG SERT KAPSÜL,8699536150789,J05AH02,Pasif,84.84
3123,CYOVEL 45 MG SERT KAPSÜL,8699536150789,J05AH02,Pasif,83.51
3125,CYOVEL 75 MG SERT KAPSÜL,8699536150789,J05AH02,Pasif,87.79
3129,CYRAMZA 100 MG/10 ML INFüZYONLUK çöZELTI KONSANTRESI IçEREN FLAKON,8699673765167,L01FG02,Aktif,84.56
3130,CYRAMZA 500 MG/50 ML INFüZYONLUK çöZELTI KONSANTRESI IçEREN FLAKON,8699673765167,L01FG02,Aktif,81.98
3131,"CYSTAMİN %0,55 GöZ DAMLASı, çöZELTI",8681198055076,S01XA21,Pasif,72.31
3133,CYTARABINE DBL 100 MG / 1 ML ENJEKTABL SOLÜSYON,8699643770146,L01BC01,Pasif,71.03
3137,CYTOTEC 200 MCG TABLET,8699543010151,A02BB01,Aktif,98.77
3138,CYTU 100 MG/ML ENJEKSİYONLUK ÇÖZELTİ İÇEREN FLAKON,8699650772508,L01BC01,Aktif,80.45
3139,CYTU 1000 MG/10 ML ENJEKSİYONLUK ÇÖZELTİ İÇEREN FLAKON,8699650772508,L01BC01,Aktif,82.37
3140,CYTU 500 MG/5 ML ENJEKSİYONLUK ÇÖZELTİ İÇEREN FLAKON,8699650772508,L01BC01,Aktif,78.31
3141,D-3 FEROL 300.000 IU/ML IM AMPUL,8680265591004,A11CC05,Pasif,76.15
3142,D-3 FEROL 50.000 IU/15ML ORAL DAMLA,8680265751002,A11CC05,Aktif,76.31
3146,D-COLEFOR 20.000 I.U. YUMUşAK KAPSüL,8680131757336,A11CC05,Aktif,71.53
3150,"D-COLEFOR 50.000 IU/ 15 ML ORAL DAMLA, ÇÖZELTİ",8680131751570,A11CC05,Aktif,71.92
3151,"D-COLEFOR FORT 150.000 IU/ 10 ML ORAL DAMLA, ÇöZELTI",8680131752416,A11CC05,Aktif,74.32
3153,"D-VITANOL  150.000  IU/10  ML  ORAL  DAMLA,  ÇöZELTI",8682704982138,A11CC05,Aktif,74.32
3155,"D3 TOTAL 150.000 IU/10 ML ORAL DAMLA, ÇöZELTI",8680186490264,A11CC05,Aktif,74.49
3158,"D3VIGEN 150.000 IU/10 ML ORAL DAMLA, ÇöZELTI",8699774590408,A11CC05,Aktif,76.25
3159,DACOGEN 50 MG IV KONSANTRE ENJEKSIYONLUK ÇÖZELTI IÇIN TOZ,8699593775048,L01BC08,Pasif,87.6
3160,DAFANİB 100 MG FİLM KAPLI TABLET,8699525099693,L01EA02,Aktif,71.36
3163,DAFANİB 50 MG FİLM KAPLI TABLET,8699525099662,L01EA02,Aktif,70.74
3164,DAFANİB 70 MG FİLM KAPLI TABLET,8699525099679,L01EA02,Aktif,71.93
3175,DAIZYN 45.5MG/2ML İ.M./İ.V. ENJEKSIYONLUK ÇÖZELTI İÇEREN AMPUL,8698747750054,R06AB05,Pasif,81.29
3176,DAIZYN 45.5MG/2ML İ.M./İ.V. ENJEKSIYONLUK ÇÖZELTI İÇEREN AMPUL,8698747750054,R06AB05,Pasif,81.29
3182,"DALMAN AQ 50 MCG/100 MG NAZAL SPREY, SüSPANSIYON",8699580540017,R01AD08,Aktif,71.26
3185,DANASİN 100 MG  KAPSÜL,8699828150091,G03XA01,Aktif,89.71
3186,DANASİN 200 MG KAPSÜL,8699828150107,G03XA01,Aktif,89.42
3187,DANASİN 50 MG KAPSÜL,8699828150084,G03XA01,Aktif,89.17
3188,DANIPTA 10 MG FILM KAPLı TABLET,8699680092157,A10BK01,Aktif,82.77
3189,DANIPTA 5 MG FILM KAPLı TABLET,8699680092157,A10BK01,Aktif,81.69
3192,DAPACIN 350 MG ENJEKSIYONLUK/İNFüZYONLUK ÇöZELTI HAZıRLAMADA KULLANıLACAK  KONSANTRE İçIN TOZ,8699606796176,J01XX09,Aktif,78.94
3193,DAPACIN 500 MG  ENJEKSIYONLUK/İNFüZYONLUK   ÇöZELTI  HAZıRLAMADA KULLANıLACAK KONSANTRE İçIN TOZ,8699606796183,J01XX09,Aktif,78.32
3194,DAPADAP 10 MG FİLM KAPLI TABLET,8681428091713,A10BK01,Aktif,93.53
3198,DAPGEON 10 MG FİLM KAPLI TABLET,8699293097334,A10BK01,Aktif,91.85
3199,DAPGEON 5 MG FİLM KAPLI TABLET,8699293097334,A10BK01,Aktif,89.56
3207,DAPLİG 10 MG FILM KAPLI TABLET,8699511099171,A10BK01,Aktif,75.56
3208,DAPLİG 5 MG FİLM KAPLI TABLET,8699511099171,A10BK01,Aktif,71.8
3221,DAPTOPOL 350 MG I.V. ENJEKSIYONLUK/İNFüZYONLUK  ÇöZELTI HAZıRLAMADA KULLANıLACAK KONSANTRE İçIN TOZ,8699606796176,J01XX09,Aktif,89.42
3222,DAPTOPOL 500 MG I.V. ENJEKSIYONLUK/İNFüZYONLUK  ÇöZELTI HAZıRLAMADA KULLANıLACAK KONSANTRE İçIN TOZ,8699606796183,J01XX09,Aktif,89.13
3225,DAROB 80 MG TABLET,8699548013010,C07AA07,Aktif,76.94
3226,DARZALEX 100 MG/5 ML İNFüZYONLUK ÇöZELTI HAZıRLAMAK İçIN KONSANTRE,8699593760020,L01FC01,Aktif,96.91
3227,DARZALEX 1800 MG SC ENJEKSIYONLUK ÇöZELTI,8699593775154,L01FC01,Aktif,92.04
3228,DARZALEX 400 MG/20 ML İNFÜZYONLUK ÇÖZELTİ HAZIRLAMAK İÇİN KONSANTRE,8699593760037,L01FC01,Aktif,96.3
3229,"DARZOX SR 1,5 MG UZATILMIŞ SALIMLI TABLET",8680199094275,C03BA11,Aktif,94.94
3232,DASİKAM 100 MG FİLM KAPLI TABLET,8699638095780,L01EA02,Aktif,70.24
3235,DASİKAM 70 MG FİLM KAPLI TABLET,8699638095742,L01EA02,Aktif,70.84
3236,DASIKAM 80 MG FILM KAPLI TABLET,8699638095780,L01EA02,Aktif,81.59
3247,DAYRIT 250 MG ENTERIK KAPLI TABLET,8699889040010,J01FA13,Pasif,72.23
3254,DEBRIDAT  100 MG TABLET,8699532015440,A03AA05,Pasif,80.9
3255,DEBRİDAT 24 MG/5 ML ORAL SÜSPANSİYON HAZIRLAMAK İÇİN GRANÜL,8681308281043,A03AA05,Pasif,75.39
3256,DEBRIDAT FORT TABLET,8699532015440,A03AA05,Pasif,84.93
3260,DECAPEPTYL 0.1 MG/ML ENJEKTABL SOLÜSYON,8697621950030,L02AE04,Pasif,83.93
3261,"DECAPEPTYL DEPOT 3,75MG ENJEKSIYONLUK SUSPANSIYON IÇIN TOZ VE ÇÖZÜCÜ",8697621270053,L02AE04,Pasif,90.2
3263,DECAVIT PRONATAL FILM TABLET,8699828090670,A11AA03,Aktif,75.71
3269,DEFEJACT 125 MG DAĞILABİLİR TABLET,8680199078824,V03AC03,Aktif,81.2
3270,DEFEJACT 250 MG DAĞILABİLİR TABLET,8680199078824,V03AC03,Aktif,82.19
3271,DEFEJACT 500 MG DAĞILABİLİR TABLET,8680199078824,V03AC03,Aktif,83.85
3273,DEFİRİNAL 500 MG DAĞILABİLİR TABLET,8684521779410,V03AC03,Aktif,73.23
3279,DEFRONİ 125 MG SUDA DAĞILABILEN TABLET,8699638075287,V03AC03,Pasif,90.4
3280,DEFRONİ 250 MG SUDA DAĞILABİLEN TABLET,8699638075294,V03AC03,Pasif,84.83
3281,DEFRONI 500 MG SUDA DAĞILABİLEN TABLET,8699638075300,V03AC03,Pasif,84.7
3282,DEGASTROL 15  MG MİKROPELLET KAPSÜL,8699525162557,A02BC03,Aktif,84.42
3283,DEGASTROL 30 MG MİKROPELLET KAPSÜL,8699525162571,A02BC03,Aktif,84.19
3284,DEGRA 100 MG FILM KAPLI TABLET,8699525094483,G04BE03,Pasif,85.38
3285,DEGRA 50 MG FILM KAPLI TABLET,8699525096630,G04BE03,Pasif,84.59
3292,DEKOL 250MCG/5ML IV ENJEKSIYONLUK ÇÖZELTI İÇEREN FLAKON,8680381900025,A04AA05,Pasif,76.26
3300,DEKSALGIN 12.5MG/1 G JEL,8699262340010,M02AA27,Pasif,73.21
3301,DEKSALGIN 25MG FILM KAPLI TABLET,8699262090038,M01AE17,Pasif,72.23
3308,DEKSOLEX  25  MG  FILM  KAPLı  TABLET,8684263090071,M01AE17,Aktif,85.89
3311,DEKSTRAN-40 İZOTONIK SODYUM KLORüR ÇöZELTISI,8699788695267,B05AA05,Aktif,75.44
3319,DELAKET 15 MG TABLET,8699822010148,C09AA12,Pasif,79.73
3320,DELAKET 30  MG TABLET,8699822010148,C09AA12,Pasif,81.66
3321,"DELAPRID 30 MG + 2,5 MG ÇENTIKLI TABLET",8699822010155,C09BA12,Pasif,76.79
3325,DELIX 2.5 MG ÇENTIKLI TABLET,8699809011625,C09AA05,Aktif,86.32
3329,DELIX 5 MG PLUS TABLET,8699809011649,C09AA05,Aktif,70.84
3331,DELIX FORTE 10 MG/10 MG SERT KAPSüL,8699809156821,C09BB07,Aktif,87.64
3332,DELIX FORTE 10 MG/5 MG SERT KAPSüL,8699809156814,C09BB07,Aktif,87.33
3333,DELIX FORTE 5 MG/10 MG SERT KAPSüL,8699809156814,C09BB07,Aktif,87.33
3334,DELIX FORTE 5 MG/5 MG SERT KAPSüL,8699809156814,C09BB07,Aktif,86.63
3338,DELIX PROTECT 10 MG TABLET,8699809010505,C09AA05,Aktif,98.71
3339,"DELODAY 0,5 MG/ML ŞURUP",8697929570039,R06AX27,Pasif,91.7
3340,"DELODAY 0,5MG/ML ŞURUP",8697927574749,R06AX27,Aktif,82.61
3341,"DELODAY 0,5MG/ML ŞURUP",8697929570039,R06AX27,Pasif,79.92
3342,DELODAY 5MG FILM TABLET,8697929090049,R06AX27,Pasif,91.7
3343,DELODAY 5MG FILM TABLET,8697929090049,R06AX27,Pasif,79.1
3347,DELOTRAN 12.5 MG TABLET,8699511010268,C07AG02,Pasif,86.58
3348,DELOTRAN 25 MG TABLET,8699511010060,C07AG02,Pasif,89.27
3349,DELOTRAN 3.125 MG TABLET,8699511010060,C07AG02,Pasif,89.01
3350,DELOTRAN 6.25 MG TABLET,8699511010046,C07AG02,Pasif,86.66
3354,DELTACORTRİL 5 MG TABLET,8681308019875,H02AB06,Aktif,80.88
3360,DEMAX 10 MG/G ORAL ÇÖZELTİ,8699514096429,N06DX01,Pasif,74.65
3361,DEMAX 10MG/G ORAL DAMLA,8699514596479,N06DX01,Pasif,79.84
3362,DEMAX 20 MG FILM TABLET,8699514091974,N06DX01,Aktif,75.51
3364,DEMAX EASYTAB 10 MG AĞIZDA DAĞILAN TABLET,8699514080046,N06DX01,Pasif,89.78
3365,DEMAX EASYTAB 10 MG AĞIZDA DAĞILAN TABLET,8699514080046,N06DX01,Pasif,94.85
3366,DEMAX EASYTAB 10MG AĞIZDA DAĞILAN TABLET,8699514080046,N06DX01,Pasif,89.62
3367,DEMAX EASYTAB 5MG AĞIZDA DAĞILAN TABLET,8699514080046,N06DX01,Pasif,88.0
3371,DEMENT  5  MG  FİLM  KAPLI  TABLET,8699543090474,N06DA02,Aktif,74.75
3373,DEMENT 10 MG FİLM KAPLI TABLET,8699543090498,N06DA02,Aktif,73.14
3377,DEMEPRAZOL 20 MG KAPSÜL,8699525151513,A02BC01,Aktif,96.03
3378,DEMIZOLAM 15 MG/3 ML IM/IV ENJEKTABL SOLÜSYON İÇEREN AMPUL,8699517753015,N05CD08,Pasif,92.71
3379,DEMIZOLAM 5 MG/5 ML IM/IV ENJEKTABL SOLÜSYON İÇEREN AMPUL,8699517753008,N05CD08,Pasif,92.64
3385,"DENAKSAT 0,5 MG/ 5 ML IV ENJEKSİYON İÇİN ÇÖZELTİ İÇEREN AMPUL",8699511750010,V03AB25,Pasif,78.8
3386,DENAKSAT 1 MG/ 10 ML IV ENJEKSİYON İÇİN ÇÖZELTİ İÇEREN AMPUL,8699511750027,V03AB25,Pasif,78.43
3392,DENTA-CLAR 250 MG FİLM TABLET,8699580090178,J01FA09,Pasif,70.76
3393,DENTA-CLAR 250 MG FİLM TABLET,8699580090178,J01FA09,Pasif,70.76
3395,DENTA-CLAR 500 MG FİLM TABLET,8699580090161,J01FA09,Pasif,70.44
3401,Deoxykol 250 mg Kapsül,8699717150034,A05AA02,Pasif,73.76
3405,DEPAKİN CHRONO BT 500 MG UZUN ETKILI  FILM TABLET,8699809037786,N03AG01,Aktif,82.87
3408,DEPALEX XR 300 MG UZUN ETKILI FILM KAPLITABLET,8699514030324,N03AG01,Aktif,78.32
3409,DEPALEX XR 500 MG UZUN ETKILI FILM KAPLI TABLET,8699514030423,N03AG01,Aktif,79.79
3412,DEPARTON 20 MG FİLM KAPLI TABLET,8699514092445,G04BE08,Aktif,84.93
3415,"DEPORES  %0,09  GöZ  DAMLASı,  ÇöZELTI",8699525619488,S01XA18,Aktif,82.37
3416,DEPORES %0.05 OFTALMIK EMÜLSIYON IÇEREN TEK DOZLUK FLAKON,8699525610010,S01XA18,Aktif,88.38
3417,"DEPORES FREE %0,05 GöZ DAMLASı, EMüLSIYON",8699525619310,S01XA18,Aktif,86.15
3418,"DEPORES X %0,1 GÖZ DAMLASI, EMÜLSİYON",8699525610102,S01XA18,Aktif,82.55
3421,DEPOSİLİN  600.000/300.000/300.000  I.U.   ENJEKSİYONLUK  ÇÖZELTİ HAZIRLAMAK İÇİN TOZ,8699508270378,J01CE30,Aktif,70.01
3423,DEPRENIL 50 MG TABLET,8699792011190,N06AA05,Aktif,76.97
3424,DEPRENIL 50 MG TABLET (üretim yeri:Myfarma İlaç A.Ş.),8699792011190,N06AA05,Aktif,70.08
3425,DEPRENIL 50 MG TABLET (üretim yeri:Toprak İlaç A.Ş.),8699792011190,N06AA05,Aktif,70.39
3441,DERISIV % 1 KREM,8698747350018,D06BA01,Pasif,88.26
3454,"DERMIFIN %1 SPREY, ÇÖZELTİ",8699738650018,D01AE22,Aktif,75.63
3459,DERMO-REST %1 KREM,8681801350895,D01AC07,Aktif,76.14
3460,DERMO-REST %28 TIRNAK ÇÖZELTİSİ,8681801650902,D01AC07,Aktif,82.82
3462,DERMO-TROSYD %1 DERİ KREMİ,8681308351005,D01AC07,Aktif,80.16
3465,"DERMOVATE %0,05 KREM",8699522356294,D07AD01,Aktif,73.97
3466,"DERMOVATE %0,05 MERHEM",8699522386307,D07AD01,Aktif,75.23
3467,"DERMOVATE %0,05 SAÇ LOSYONU",8699522490738,D07AD01,Aktif,76.99
3470,DES-FIX 2.5MG EFERVESAN TABLET,8697933020216,R06AX27,Pasif,78.13
3471,DES-FİX 5 MG EFERVESAN TABLET,8697933020193,R06AX27,Pasif,75.37
3472,"DESADYNE 0,5MG/ML ŞURUP",8699543091051,R06AX27,Pasif,76.94
3473,DESADYNE 5 MG FILM TABLET,8699543091051,R06AX27,Pasif,97.37
3474,DESAL 40 MG TABLET,8699578010690,C03CA01,Aktif,87.22
3475,DESAL AMPUL,8699523750091,C03CA01,Pasif,84.55
3489,DESIBEM  50 MG İNFüZYONLUK ÇÖZELTİ HAZIRLAMADA KULLANILACAK KONSANTRE İÇİN TOZ,8699702795004,L01BC08,Aktif,84.43
3490,"DESIFEROL 150.000 IU/10 ML ORAL DAMLA, ÇöZELTI",8699591590087,A11CC05,Pasif,73.21
3492,DESIFEROL FORT 20.000 IU YUMUşAK KAPSüL,8699591190034,A11CC05,Aktif,76.5
3494,DESİPRAM 25 MG TABLET,8699708010071,N06AA01,Pasif,72.39
3495,DESİPRAM 50 MG TABLET,8699708010064,N06AA01,Pasif,72.2
3496,DESIRETT 75 MCG FILM KAPLı TABLET,8681026050310,G03AC09,Aktif,85.36
3498,DESİTU 50 MG İNFÜZYONLUK ÇÖZELTİ HAZIRLAMADA KULLANILACAK KONSANTRE İÇİN TOZ,8699650772744,L01BC08,Aktif,82.05
3499,DESİTU 50 MG İNFÜZYONLUK ÇÖZELTİ HAZIRLAMADA KULLANILACAK KONSANTRE İÇİN TOZ,8699650772744,L01BC08,Aktif,82.05
3500,"DESİUS 2,5MG/5ML ŞURUP",8699293570615,R06AX27,Pasif,81.12
3502,DESLAIR 5 MG FILM KAPLI TABLET,8697936090322,R06AX27,Pasif,81.4
3503,"DESLODİN 2,5MG/5ML ŞURUP",8699844570521,R06AX27,Aktif,73.59
3504,DESLODIN 5MG FILM TABLET,8699844090548,R06AX27,Aktif,87.15
3505,"DESLORAN 2,5 MG/5 ML ŞURUP",8699792573018,R06AX27,Aktif,94.53
3506,DESMONT 5 MG/10 MG FİLM KAPLI TABLET,8682758090018,R03DC53,Aktif,70.64
3507,DESMOVITAL %0.1 MG/ML BURUN SPREYI,8699538545361,H01BA02,Aktif,84.69
3508,DESMOVITAL %0.1 MG/ML BURUN SPREYI,8699538545361,H01BA02,Aktif,84.69
3510,DESNORM 5 MG EFERVESAN TABLET,8697930020431,R06AX27,Pasif,84.66
3511,DESNORM 5 MG EFERVESAN TABLET,8697930020431,R06AX27,Pasif,81.98
3512,DESOLETT 150 MCG / 30 MCG TABLET,8683280337077,G03AA09,Aktif,85.54
3514,"DESRİNAL  2,5 MG/5 ML ŞURUP",8699578570620,R06AX27,Pasif,86.91
3515,DESRİNAL 5 MG FİLM KAPLI TABLET,8699578090630,R06AX27,Pasif,87.48
3517,DESTEVIT 20.000 I.U. YUMUşAK KAPSüL,8699680190044,A11CC05,Aktif,70.49
3519,DESYREL 100 MG FİLM TABLET,8699565093620,N06AX05,Aktif,83.46
3520,DESYREL 50 MG FİLM TABLET,8699565093606,N06AX05,Aktif,83.37
3521,DESYREL XL 150 MG UZATILMIŞ SALIMLI FILM KAPLI TABLET,8699565030052,N06AX05,Aktif,90.6
3522,DESYREL XL 300 MG UZATILMIŞ SALIMLI FILM KAPLI TABLET,8699565030106,N06AX05,Aktif,90.63
3525,"DETOFEN %0.025 GÖZ DAMLASI, ÇÖZELTİ",8699525619266,S01GX08,Aktif,76.41
3559,DEX-FORTE 50 MG FİLM KAPLI TABLET,8680881090493,M01AE17,Aktif,76.87
3564,"DEXAWORLD  %  0.1  GÖZ VE KULAK DAMLASI,  ÇÖZELTİ",8680199007312,S03BA01,Aktif,72.01
3567,DEXDAY 50 MG EFERVESAN TABLET,8699976020864,M01AE17,Aktif,79.27
3568,DEXDAY 50 MG EFERVESAN TABLET,8699976020864,M01AE17,Aktif,81.52
3574,DEXFULL SR 75 MG FILM TABLET,8680881035463,M01AE17,Pasif,78.54
3578,DEXMOL 12.5MG EFERVESAN TABLET,8699976020574,M01AE17,Pasif,79.32
3579,DEXMOL 25MG EFERVESAN TABLET,8699976020109,M01AE17,Pasif,77.67
3582,DEXOFEN 25 MG FILM KAPLI TABLET,8699717090590,M01AE17,Aktif,77.42
3583,DEXOFEN 50 MG FİLM KAPLI TABLET,8699717090590,M01AE17,Aktif,76.53
3587,DEXPANTEN %5 KREM,8680760350120,D03AX03,Pasif,72.96
3588,DEXPANTEN %5 MERHEM,8680760370036,D03AX03,Pasif,74.49
3596,DEXPRO 25 MG FILM KAPLı TABLET,8680265090200,M01AE17,Pasif,76.56
3601,DEXTROME  50  MG/2  ML  IM/IV  ENJEKSIYONLUK  ÇöZELTI,8680199015911,M01AE17,Pasif,77.38
3602,DEXTROME  50  MG/2  ML  IM/IV  ENJEKSIYONLUK ÇöZELTI,8680199015911,M01AE17,Pasif,72.55
3603,DEXTROME %1.25 JEL,8680199028249,M02AA27,Aktif,70.37
3606,DEXTROME 50MG/2ML IM/IV ENJEKSİYONLUK ÇÖZELTİ İ,8680199015911,M01AE17,Pasif,73.23
3608,DEZAMOS 5 MG/10 MG FILM KAPLı TABLET,8699511090208,R03DC53,Aktif,73.83
3609,DEZIRA 10 MG FILM TABLET,8699680090047,N06DA02,Aktif,76.03
3610,DEZIRA 5 MG FILM TABLET,8699680090030,N06DA02,Aktif,75.84
3615,DİABEST 1000 MG FILM TABLET,8699514094043,A10BA02,Pasif,76.87
3616,DİABEST 850 MG FILM TABLET,8699514094036,A10BA02,Pasif,77.77
3620,DIAFORMIN 1000 MG FILM TABLET,8699543090092,A10BA02,Aktif,80.16
3621,DIAFORMIN 850 MG FILM TABLET,8699543090122,A10BA02,Aktif,83.4
3623,DIAFREE 0.5 MG TABLET,8699578010645,A10BX02,Pasif,90.75
3624,DIAFREE 1 MG TABLET,8699578010669,A10BX02,Pasif,90.64
3625,DIAFREE 2 MG TABLET,8699578010683,A10BX02,Pasif,90.68
3628,DIAFURYL FORT 200 MG KAPSÜL,8699514159179,A07AX03,Aktif,73.05
3629,DIAFURYL KAPSÜL 100 MG,8699514159186,A07AX03,Aktif,79.07
3630,DIAFURYL SÜSPANSIYON,8699514704683,A07AX03,Aktif,71.13
3631,DIAFURYL SÜSPANSIYON 200 MG/5 ML,8699514704683,A07AX03,Aktif,81.08
3633,DİAKSİ 10 MG/2.5 ML REKTAL ÇÖZELTİ,8699844651732,N05BA01,Aktif,72.43
3634,DİAKSİ 5 MG/2.5 ML REKTAL ÇÖZELTİ,8699844651725,N05BA01,Aktif,72.58
3635,DIALIC 15 MG EFFERVESAN TABLET,8697929020442,A10BG03,Pasif,87.76
3636,DIALIC 30 MG EFFERVESAN TABLET,8697929020466,A10BG03,Pasif,87.74
3638,DIALIC 45 MG EFFERVESAN TABLET,8697929020480,A10BG03,Pasif,88.15
3651,DIAMICRON MR 30 MG DEĞİŞTİRİLMİŞ SALIMLI TABLET,8699552030058,A10BB09,Aktif,72.47
3652,DIAMICRON MR 60 MG DEĞIŞTIRILMIŞ SALIMLI TABLET,8699552030065,A10BB09,Aktif,72.88
3653,DİAMOND 125 MG FILM TABLET,8699514092360,C02KX01,Aktif,74.21
3654,DİAMOND 32 MG DAĞILABİLİR TABLET,8699514096658,C02KX01,Aktif,77.95
3655,DİAMOND 62.5 MG FILM TABLET,8699514092339,C02KX01,Aktif,75.06
3679,DIARIDEX  200  MG/5  ML  ORAL  SüSPANSIYON,8680199014877,A07AX03,Aktif,81.16
3683,DIAVOG 0.2MG EFERVESAN TABLET,8697930022756,A10BF03,Pasif,74.79
3684,DIAVOG 0.3MG EFERVESAN TABLET,8697930022756,A10BF03,Pasif,73.75
3686,DIAZEM 10 MG KAPSÜL,8699525150486,N05BA01,Aktif,98.66
3687,DİAZEM 10 MG/2ML I.M./I.V. ENJEKSIYONLUK çöZELTI IçEREN AMPUL,8699525750495,N05BA01,Aktif,70.4
3688,DIAZEM 2 MG KAPSÜL,8699525150462,N05BA01,Aktif,93.1
3689,DIAZEM 5 MG KAPSÜL,8699525150448,N05BA01,Aktif,93.07
3690,"DİAZEPAM DESİTİN 10 mg/ 2,5 ml Rektal Çözelti",8699617650153,N05BA01,Aktif,75.9
3691,"DİAZEPAM DESİTİN 5 mg/2,5 ml Rektal Çözelti",8699617650153,N05BA01,Aktif,76.41
3695,DİAZOMİD 250 MG TABLET,8699809018105,S01EC01,Aktif,72.64
3697,DICEF 10 MG TABLET,8699514010357,C09AA05,Pasif,96.36
3698,DICEF 2.5 MG TABLET,8699514010333,C09AA05,Pasif,96.4
3699,DICEF 5 MG TABLET,8699514010340,C09AA05,Pasif,96.32
3706,DİCLASİL 5 MG FILM TABLET (ÜRETİM YERİ: GÜNEŞLİ),8680352090991,G04BE08,Aktif,70.9
3723,"DİCOMEX 2,5 MG/5 ML ŞURUP",8699717570054,R06AX27,Pasif,84.93
3724,DIDERAL 40 MG TABLET,8682340179008,C07AA05,Aktif,93.06
3725,DİDOGERON 10 MG FİLM KAPLI TABLET,8699511099478,G03DB01,Aktif,77.12
3728,"DİENİLLE 2 MG/0,03 MG FILM KAPLı TABLET",8681026050303,G03AA16,Aktif,77.66
3729,DIENOMET  2  MG  TABLET,8681026050440,G03DB08,Aktif,99.05
3737,DİFFERİN %0.1 JEL,8699586342608,D10AD03,Aktif,82.98
3743,DİFURAT 120 MG GASTROREZISTAN SERT KAPSüL,8699293160786,L04AX07,Aktif,85.69
3744,DİFURAT 240 MG GASTROREZISTAN SERT KAPSüL,8699293160793,L04AX07,Aktif,85.94
3752,DIKLOJIK 75 MG/3 ML IM ENJEKSIYONLUK ÇÖZELTİ İÇEREN AMPUL,8699788751536,M01AB05,Aktif,72.42
3759,"DİKLORON EMULGEL FORTE %2,32 JEL",8699525349644,M02AA15,Pasif,76.33
3761,DİKLORON® 100 MG RETARD FILM TABLET-GEBZE,8699525031815,M01AB05,Aktif,71.08
3762,DİKLORON® 25 MG ENTERIK FILM TABLET,8699525134028,M01AB05,Aktif,70.21
3764,"DILATREND  3,125 MG TABLET",8699525018021,C07AG02,Aktif,92.93
3765,"DİLATREND 12,5 MG TABLET",8699525019967,C07AG02,Aktif,80.29
3766,DİLATREND 25 MG TABLET,8699525019974,C07AG02,Aktif,79.92
3767,"DİLATREND 6,25 MG TABLET",8699525019950,C07AG02,Aktif,80.41
3775,DILOPIN 10MG TABLET,8699523010249,C08CA01,Pasif,81.44
3777,DILOPIN 5MG TABLET,8699523010232,C08CA01,Pasif,82.33
3778,DILOXOL 75 MG FILM KAPLI TABLET,8699569090564,B01AC04,Aktif,73.91
3787,DIMBUTOL TABLET,8699606010012,J04AK02,Pasif,79.8
3797,Dioss 2 g Efervesan Tablet,8697929022019,M05BX03,Pasif,71.08
3799,DIOVAN 160 MG FILM TABLET,8699504090758,C09CA03,Aktif,80.16
3800,DIOVAN 320MG FILM TABLET,8699504091113,C09CA03,Aktif,74.05
3801,DIOVAN 80 MG FILM TABLET,8699504090703,C09CA03,Aktif,79.68
3804,DIPOREL 75 MG FILM TABLET,8699523090722,B01AC04,Pasif,73.79
3805,DIPOREL 75 MG FILM TABLET,8699523090722,B01AC04,Pasif,79.11
3823,DIVASMIN 1.5 MG KAPSÜL,8699783150228,N06DA03,Pasif,80.45
3825,DIVASMIN 3 MG KAPSÜL,8699783150266,N06DA03,Pasif,80.48
3826,DIVASMIN 4.5 MG KAPSÜL,8699783150327,N06DA03,Pasif,80.56
3827,DIVASMIN 6 MG KAPSÜL,8699783150617,N06DA03,Pasif,80.54
3828,DİVATOR 10 MG FİLM KAPLI TABLET,8699580090130,C10AA05,Aktif,81.83
3829,DİVATOR 20 MG FİLM KAPLI TABLET,8699580090093,C10AA05,Aktif,81.87
3830,DİVATOR 40 MG FİLM KAPLI TABLET,8699580090109,C10AA05,Pasif,82.16
3834,DİYACURE 250 MG KAPSÜL,8699580150056,A07FA02,Pasif,90.39
3835,DIYACURE 250MG LIYOFILIZE TOZ IÇEREN SAŞE,8699580240023,A07FA02,Pasif,97.26
3837,Diyatix 50 mg Tablet,8699536011219,A10BH02,Aktif,93.83
3838,DIYATIX PLUS 50 MG/1000 MG FILM KAPLı TABLET,8699536093789,A10BD08,Aktif,82.64
3839,DIYATIX PLUS 50 MG/850 MG FILM KAPLı TABLET,8699536093772,A10BD08,Aktif,83.4
3840,DOBCARD 250 MG/20ML İ.V INFÜZYON IÇIN KONSANTRE ÇÖZELTI IÇEREN AMPUL,8699844750183,C01CA07,Aktif,73.76
3843,DOBUTABAG 1000 MCG/ML STERIL IV INFUZYON SOLUSYONU,8699556695215,C01CA07,Pasif,75.16
3844,DOBUTABAG 2000 MCG/ML STERIL IV İNFÜZYON SOLÜSYONU,8699556695222,C01CA07,Pasif,74.05
3845,DOBUTABAG 4000 MCG/ML STERIL IV İNFÜZYON SOLÜSYONU,8699556695239,C01CA07,Pasif,74.26
3846,DOBUTAMINE DBL 250 MG/20 ML KONSANTRE IV ENJEKTABL SOLÜSYON,8699643760017,C01CA07,Pasif,72.79
3869,DOENZA 10 MG FILM TABLET,8699536090450,N06DA02,Aktif,98.48
3870,DOENZA 5 MG FILM TABLET,8699536090429,N06DA02,Aktif,98.46
3876,DOENZA ODT 10 MG AğıZDA DAğıLAN TABLET,8699536070193,N06DA02,Aktif,99.11
3877,DOENZA ODT 5 MG AğıZDA DAğıLAN TABLET,8699536070186,N06DA02,Aktif,99.1
3878,DOGMATIL 200 MG TABLET,8699809018051,N05AL01,Pasif,76.6
3887,DOKSURA 2 MG TABLET,8699517010750,C02CA04,Pasif,79.11
3888,DOKSURA 4 MG TABLET,8699517010958,C02CA04,Pasif,75.09
3889,DOLARİT 300 MG FİLM KAPLI TABLET,8699580090635,M01AB08,Aktif,77.41
3890,DOLARIT 400 MG FILM KAPLI TABLET,8699580090338,M01AB08,Pasif,91.71
3899,DOLGIT AKUT 400MG KAPSÜL,8699587192592,M01AE01,Pasif,89.52
3900,DOLGIT KREM,8699587351661,M02AA13,Aktif,91.64
3901,"DOLİNE %10 SPREY, ÇÖZELTİ",8699772519128,M02AA06,Aktif,85.63
3902,DOLINE %5 JEL,8699772340456,M02AA06,Aktif,91.23
3911,DOLPHIN 500 MG TABLET,8699536090078,N02BA11,Aktif,97.68
3912,"DOLTE %0.5 GÖZ DAMLASI, SÜSPANSİYON",8699514610298,S01BA14,Aktif,77.19
3913,DOLVEN 100 MG/5ML PEDİATRIK ŞURUP,8683060570021,M01AE01,Aktif,86.67
3914,DOLVEN 600 MG FİLM KAPLI TABLET,8683060570021,M01AE01,Aktif,75.12
3932,DONEFIX 10MG FILM TABLET,8697936090025,N06DA02,Pasif,74.75
3933,DONEFIX 5MG FILM TABLET,8697936090148,N06DA02,Pasif,75.44
3939,DOPADEX SR 25 MG/100 MG UZATILMIŞ SALIMLI TABLET,8699680030173,N04BA02,Aktif,73.6
3940,DOPADEX SR 50 MG/200 MG UZATILMIŞ SALIMLI TABLET,8699680030197,N04BA02,Aktif,73.42
3954,DORAMYCIN 3.000.000 IU FILM TABLET,8680199090987,J01FA02,Aktif,70.47
3955,DORAMYCIN 3.000.000 IU FILM TABLET,8680199090987,J01FA02,Aktif,70.47
3956,"DORANİT 2,5MG/5ML ŞURUP",8680150570060,R06AX27,Aktif,81.36
3960,DOREVİT-D3 300.000 I.U./ML IM çöZELTI IçEREN AMPUL,8681657005413,A11CC05,Pasif,75.48
3961,DORIBAX 500 MG İNFÜZYONLUK ÇÖZELTI İÇIN TOZ İÇEREN FLAKON,8699593775079,J01DH04,Pasif,77.58
3962,DORİFEN 400 MG / 100 ML I.V. INFüZYONLUK çöZELTI,8699844771843,M01AE01,Aktif,76.29
3963,DORİFEN 400 MG / 4 ML I.V. INFüZYONLUK çöZELTI,8699844771843,M01AE01,Aktif,74.33
3965,DORMICUM 15MG/3ML I.V./I.M. ÇÖZELTI IÇEREN AMPUL,8699525754738,N05CD08,Pasif,80.3
3966,DORMICUM 50MG/10ML I.V. ÇÖZELTI IÇEREN AMPUL,8699525754745,N05CD08,Pasif,75.16
3967,DORMICUM 5MG/5ML I.M./I.V./REKTAL ÇÖZELTI IÇEREN AMPUL,8699525754721,N05CD08,Pasif,70.36
3968,DORMOFOL % 2 1000 MG/50 ML IV İNFüZYONLUK/ENJEKSIYONLUK EMüLSIYON,8699606756231,N01AX10,Aktif,78.41
3969,DORO 245 MG FILM KAPLI TABLET,8699586092251,J05AF07,Pasif,77.58
3970,DORO 245 MG FILM KAPLI TABLET,8699586092251,J05AF07,Pasif,83.31
3972,"DORZAMED %2 GöZ DAMLASı, ÇöZELTI",8680199610109,S01EC03,Aktif,83.23
3975,DORZOTIM GÖZ DAMLASI,8696875610165,S01ED51,Pasif,81.99
3980,DOSTINEX 0.5 MG TABLET,8681308014443,G02CB03,Aktif,80.5
3981,"DOTAREM 0,5 MMOL/ML ENJEKSIYONLUK çöZELTI IçEREN FLAKON",8699679775009,V08CA02,Pasif,79.61
3982,DOVİPSA 50 MG/300 MG FİLM KAPLI TABLET,8699522099573,J05AR25,Aktif,77.87
3984,"DOXAFİN 2.5 MG/5 ML, şURUP",8699525573957,R06AX27,Aktif,89.64
3985,DOXAFIN 5 MG TABLET,8699525095756,R06AX27,Aktif,77.2
3990,DOXEL READY 160 MG/8 ML İ.V. İNFÜZYON İÇİN KONSANTRE ÇÖZELTİ İÇEREN FLAKON,8699541761109,L01CD02,Pasif,75.88
3991,DOXEL READY 20 MG/1 ML İ.V. İNFÜZYON İÇİN KONSANTRE ÇÖZELTİ İÇEREN FLAKON,8699541761086,L01CD02,Pasif,73.25
3992,DOXEL READY 40 MG/2 ML İ.V. İNFÜZYON İÇİN KONSANTRE ÇÖZELTİ İÇEREN FLAKON,8699541761086,L01CD02,Pasif,75.12
3993,DOXEL READY 80 MG/4 ML IV İNFÜZYON İÇİN KONSANTRE ÇÖZELTİ İÇEREN FLAKON (1 FLAKON),8699541761086,L01CD02,Pasif,73.7
4012,DOZYL 10 MG FILM TABLET,8699514097105,N06DA02,Aktif,76.78
4013,DOZYL 5 MG FILM TABLET,8699514097082,N06DA02,Aktif,79.9
4014,DOZYL EASY 10 MG AĞIZDA DAĞILAN TABLET,8699514080305,N06DA02,Aktif,94.02
4015,DOZYL EASY 5 MG AĞIZDA DAĞILAN TABLET,8699514080275,N06DA02,Aktif,93.99
4017,DRAMAMİNE® 50 MG TABLET,8699543010045,R06AA11,Aktif,74.8
4018,"DRASOTER %0,004 GöZ DAMLASI ÇÖZELTİ",8699525610140,S01EE04,Aktif,94.58
4019,"DRASOTER-T  %0.004  +  %0.5  GÖZ  DAMLASI, ÇÖZELTİ",8699525610140,S01EE04,Aktif,86.45
4023,DROFLU COLD 200 MG/30 MG TABLET,8699580010329,M01AE51,Aktif,72.68
4025,DROFLU COLD TABLET,8699580010329,M01AE51,Aktif,70.83
4026,DROPİA 15 MG TABLET,8699536011462,A10BG03,Aktif,76.24
4029,DROPIA-MET 15 MG/1000 MG FILM KAPLı TABLET,8699536093369,A10BD05,Aktif,71.29
4030,DROPIA-MET 15 MG/500 MG FILM KAPLI TABLET,8699536093307,A10BD05,Aktif,76.49
4031,DROPIA-MET 15 MG/850 MG FILM KAPLI TABLET,8699536092911,A10BD05,Aktif,77.64
4032,DROPIA-MET 15 MG/850 MG FILM TABLET,8699536092911,A10BD05,Aktif,75.38
4033,DROPOETIN 2000 IU/0.2 ML SC/IV ENJEKSIYON IÇIN ÇÖZELTI IÇEREN KULLANIMA HAZIR ŞIRINGA,8699580950014,B03XA01,Aktif,80.85
4034,DROPOETIN 3000 IU/0.3 ML SC/IV ENJEKSIYON IÇIN ÇÖZELTI IÇEREN KULLANIMA HAZIR ŞIRINGA,8699580950021,B03XA01,Aktif,80.96
4035,DROPOETIN 4000 IU/0.4 ML SC/IV ENJEKSIYON IÇIN ÇÖZELTI IÇEREN KULLANIMA HAZIR ŞIRINGA,8699580950038,B03XA01,Aktif,81.07
4036,DROPOLEV 30 MG+2 MG/5 ML ŞURUP,8699591570621,R05DB27,Pasif,73.45
4037,DROPOLEV 60 MG/ML ORAL DAMLA,8699591590018,R05DB27,Pasif,88.49
4038,DROPOLEV-S 30 MG/5 ML ŞURUP,8699591570621,R05DB27,Pasif,91.72
4039,DROSER BURUN DAMLASI,8699580600018,R01AX10,Pasif,76.62
4040,"DROSETİL 3 MG/0,03 MG FILM  KAPLI TABLET",8681026050280,G03AA12,Aktif,83.41
4043,DROSPERA 3 MG/0.02 MG FILM KAPLı TABLET,8681026050969,G03AA12,Aktif,75.23
4044,DROSPORIN 100 MG YUMUŞAK KAPSÜL-KT,8699580190038,L04AD01,Pasif,86.0
4045,DROSPORIN 25 MG YUMUŞAK KAPSÜL,8699580190021,L04AD01,Pasif,87.01
4046,DROSPORİN 50 MG YUMUŞAK JELATİN KAPSÜL,8699580190014,L04AD01,Pasif,73.34
4047,DROTUS 30MG/5ML ŞURUP,8699587573551,R05DB27,Pasif,79.96
4048,DROVID 200 MG FILM TABLET,8699580090017,J01MA01,Pasif,79.01
4054,"DUAMOL 325/37,5 MG EFERVESAN TABLET",8697930022152,N02AJ13,Pasif,72.74
4070,DUFEN 100 MG/ 5 ML PEDIATRIK SüSPANSIYON  (ESKIADı: BALAFEN® 100 MG/5 ML PEDIATRIK SüSPANSIYON),8699587573537,M01AE01,Pasif,77.7
4081,"DULAMON  100  MCG/5  MCG  BASıNçLı  İNHALASYON,  SüSPANSIYON",8699525529817,R03AK09,Pasif,75.51
4082,"DULAMON  200  MCG/5  MCG  BASıNçLı  İNHALASYON,  SüSPANSIYON",8699525529831,R03AK09,Pasif,75.61
4089,"DULCOLAX 2,5 MG YUMUŞAK JELATİN KAPSÜL",8683060190014,A06AB08,Aktif,86.32
4092,DULOXX 30 MG GASTRO-REZISTAN SERT KAPSüL,8699527150101,N06AX21,Aktif,77.84
4093,DULOXX 60 MG GASTRO-REZISTAN SERT KAPSüL,8699527150149,N06AX21,Aktif,78.01
4100,DUOBAK 375 MG FİLM KAPLI TABLET,8699828090199,J01CR04,Pasif,83.03
4108,DUOBLOC 800 MG/3 ML ENJEKSIYONLUK ÇöZELTI,8699587753571,M03BX30,Pasif,75.04
4116,DUOCİD 250 MG/5 ML ORAL SÜSPANSİYON İÇİN KURU TOZ,8681308281067,J01CR04,Aktif,87.39
4117,DUOCİD 375 MG FİLM KAPLI TABLET,8681308091253,J01CR04,Aktif,79.9
4129,"DUOPHEAL 0,5 MG FİLM KAPLI TABLET",8684020726106,C02KX05,Aktif,83.86
4130,DUOPHEAL 1 MG FİLM KAPLI TABLET,8684020726083,C02KX05,Aktif,83.77
4131,"DUOPHEAL 1,5 MG FİLM KAPLI TABLET",8684020726069,C02KX05,Aktif,83.84
4132,DUOPHEAL 2 MG FİLM KAPLI TABLET,8684020726045,C02KX05,Aktif,83.86
4133,"DUOPHEAL 2,5 MG FİLM KAPLI TABLET",8684020726021,C02KX05,Aktif,83.93
4134,Duoprost Göz Damlası,8681176314034,S01ED51,Pasif,72.16
4139,DUOVEL 20 MG FİLM TABLET,8699536090030,A02BA03,Pasif,80.54
4140,DUOVEL 40 MG FİLM TABLET,8699536090030,A02BA03,Pasif,83.53
4143,DUPATİN %0.1 STERİL OFTALMİK ÇÖZELTİ,8699525610041,S01GX09,Aktif,76.41
4144,DUPCİN 350 MG ENJEKSIYONLUK ÇöZELTI İçIN TOZ İçEREN FLAKON,8699525790118,J01XX09,Pasif,79.72
4145,DUPCİN 500 MG ENJEKSIYONLUK ÇöZELTI İçIN TOZ İçEREN FLAKON,8699525790125,J01XX09,Pasif,78.76
4147,DUPHASTON 10 MG FİLM KAPLI TABLET,8699820010065,G03DB01,Aktif,83.46
4148,"DUPIXENT 200 MG/1,14 ML ENJEKSIYONLUK çöZELTI IçEREN KULLANıMA HAZıR ENJEKTöR",8699809951174,D11AH05,Aktif,83.72
4149,DUPIXENT 300 MG/2 ML ENJEKSIYONLUK çöZELTI IçEREN KULLANıMA HAZıR ENJEKTöR,8699809951174,D11AH05,Aktif,90.8
4157,DUROGESİC 100 MCG/SAAT TRANSDERMAL FLASTER,8699593815041,N02AB03,Aktif,89.99
4158,DUROGESİC 12 MCG/SAAT TRANSDERMAL FLASTER,8699593815102,N02AB03,Aktif,90.04
4159,DUROGESİC 25 MCG/SAAT TRANSDERMAL FLASTER,8699593815010,N02AB03,Aktif,90.01
4160,DUROGESİC 50 MCG/SAAT TRANSDERMAL FLASTER,8699593815041,N02AB03,Aktif,89.33
4161,DUROGESİC 75 MCG/SAAT TRANSDERMAL FLASTER,8699593815034,N02AB03,Aktif,90.1
4163,DUSKONAL 200 MG RETARD KAPSÜL,8680199154986,A03AA04,Aktif,75.56
4165,DUSPATALIN 100MG KAPLI TABLET,8699820120030,A03AA04,Aktif,81.26
4166,"DUTAPROS 0,5MG YUMUŞAK KAPSÜL",8699828190424,G04CB02,Aktif,94.85
4169,DUXET 30 MG GASTRO-REZISTAN SERT KAPSÜL,8699262160014,N06AX21,Aktif,87.64
4170,DUXET 60 MG GASTRO-REZISTAN SERT KAPSÜL,8699262160021,N06AX21,Aktif,87.75
4177,DYNABAC 250 MG ENTERIK KAPLI TABLET,8699514042723,J01FA13,Aktif,81.09
4178,DYNABAC 250MG ENTERIK KAPLI TABLET,8699514042723,J01FA13,Aktif,78.47
4179,DYNACIRC SRO 5 MG KAPSÜL,8699504170009,C08CA03,Pasif,84.93
4183,DYSPORT 500 U ENJEKSIYONLUK ÇöZELTI İÇIN TOZ İÇEREN FLAKON,8699783790110,M03AX01,Aktif,70.79
4187,EBAFİT 10 MG FİLM TABLET,8680881091537,R06AX22,Aktif,82.93
4188,EBAFİT 20 MG FILM TABLET,8697931090068,R06AX22,Pasif,79.74
4196,EBETAXEL 30MG/5ML IV İNFÜZYON İÇIN KONSANTRE ÇÖZELTI İÇEREN FLAKON,8699205760080,L01CD01,Pasif,70.0
4202,EBITEX 10 MG FILM TABLET,8699578090869,N06DX01,Pasif,75.81
4203,EBITEX 10 MG/G ORAL DAMLA,8699578590819,N06DX01,Pasif,73.88
4204,EBİXA 10 MG FİLM KAPLI TABLET,8699795090659,N06DX01,Pasif,72.61
4206,EBIXA 20 MG FILM KAPLI TABLET,8699795090802,N06DX01,Pasif,91.31
4230,EDOLAR 200 MG FILM KAPLI TABLET,8681911090094,M01AB08,Aktif,80.2
4231,EDOLAR 300 MG FILM TABLET,8681911090117,M01AB08,Aktif,80.44
4232,EDOLAR 500MG FILM KAPLI TABLET,8681911090117,M01AB08,Aktif,77.75
4233,EDOLAR 600 MG FİLM  KAPLI TABLET,8681911090094,M01AB08,Aktif,82.98
4239,EDURANT 25 MG FİLM KAPLI TABLET,8699593095375,J05AG05,Aktif,73.86
4240,EFAMAT 1G/2ML IM ENJ. ÇÖZ. IÇEREN AMPUL,8699525756275,M01AG,Aktif,73.76
4241,EFAMAT JEL %5,8699525346117,M02AA06,Aktif,93.84
4242,Efedrin  hidroklorür  0.05  g/ml  Biosel  Ampul,8699788750393,C01CA26,Aktif,82.83
4245,EFERCAL 100 MG EFERVESAN TABLET,8697929020213,A12AA04,Pasif,72.33
4248,EFERMAG 365 MG EFERVESAN TABLET,8699514020011,A12CC10,Aktif,76.44
4250,"EFEXOR XR 37,5 MG MIKROPELLET KAPSÜL",8699572170079,N06AX16,Aktif,74.6
4252,EFFENTORA 100 MCG BUKKAL TABLET,8699638065530,N02AB03,Pasif,81.71
4253,EFFENTORA 200 MCG BUKKAL TABLET,8699638065547,N02AB03,Pasif,81.84
4254,EFFENTORA 400 MCG BUKKAL TABLET,8699638065554,N02AB03,Pasif,82.04
4255,EFFENTORA 800 MCG BUKKAL TABLET,8699638065561,N02AB03,Pasif,82.44
4256,EFFıENT 10 MG FILM KAPLı TABLET,8699673098166,B01AC22,Pasif,83.85
4257,EFIKAS 30 MG MR TABLET,8699536030043,A10BB09,Pasif,78.79
4259,"EFLORİN %13,9 krem",8699708350085,D11AX16,Pasif,75.67
4260,EFPA EFERVESAN TABLET 500 MG,8699587022028,N02BE01,Pasif,82.62
4266,EGIRA 100 MG FILM TABLET,8699536090290,G04BE03,Pasif,78.42
4267,EGIRA 25 MG FILM TABLET,8699536090276,G04BE03,Pasif,78.56
4268,EGIRA 50 MG FILM TABLET,8699536090283,G04BE03,Pasif,78.26
4272,EKİPERTA 1 G IM/IV ENJEKSIYON İÇİN  LİYOFİLIZE TOZ,8699814790102,J01DH03,Aktif,79.61
4275,EKİPİM 1 G IM/IV ENJEKTABL TOZ İÇEREN FLAKON,8699814270413,J01DE01,Aktif,71.03
4284,EKSOFED EKSPEKTORAN ŞURUP,8699570570093,R05CA10,Pasif,73.14
4285,EKSOFED EKSPEKTORAN ŞURUP,8699570570093,R05CA10,Pasif,73.14
4289,EKZOFINEX %1 KREM,8684278010033,D01AE22,Aktif,81.81
4291,ELAPRASE 2 MG/ML INFüZYONLUK çöZELTI HAZıRLAMAK IçIN KONSANTRE,8699943790028,A16AB09,Aktif,79.72
4294,ELEKTRA 25 MG FILM KAPLI TABLET,8699527093873,M01AE17,Aktif,73.28
4295,ELEKTRA 50 MG/2 ML ENJEKTABL ÇÖZELTİ İÇEREN AMPUL,8699527754385,M01AE17,Pasif,71.17
4296,ELEKTRA FORT 50 MG FİLM KAPLI TABLET,8699527093927,M01AE17,Aktif,70.92
4303,ELEPSİ 50 MG+100 MG TEDAVIYE BAşLAMA PAKETI,8699527090254,N03AX18,Pasif,79.64
4306,ELIDEL %1 KREM,8698856350305,D11AH02,Aktif,71.44
4307,ELIGARD 22.5 MG ENJEKSIYONLUK ÇÖZELTI IÇIN SC TOZ IÇEREN ŞIRINGA VE ÇÖZÜCÜ IÇEREN ŞIRINGA,8699559770155,L02AE02,Aktif,86.08
4308,ELIGARD 45 MG ENJEKSİYONLUK ÇÖZELTİ İÇİN S.C. TOZ İÇEREN ŞIRINGA VE ÇÖZÜCÜ İÇEREN ŞIRINGA,8699559770148,L02AE02,Aktif,78.72
4309,ELIGARD 7.5 MG ENJEKSIYONLUK ÇÖZELTI IÇIN SC TOZ IÇEREN ŞIRINGA VE ÇÖZÜCÜ IÇEREN ŞIRINGA,8699559770148,L02AE02,Aktif,83.16
4315,ELIZARIA 300 MG/ 30 ML İNFüZYONLUK ÇöZELTI HAZıRLAMAK İçIN KONSANTRE,8682966100004,L04AJ01,Aktif,94.38
4320,ELMİRON 100 MG KAPSÜL,8699771000887,G04BX15,Aktif,74.21
4323,"ELOCON %0,1 LOSYON",8683280337114,D07AC13,Aktif,73.39
4324,"ELOCON %0,1 MERHEM",8683280337138,D07AC13,Aktif,70.81
4325,ELOCTA 1000 I.U ENJEKSIYONLUK ÇöZELTI  HAZıRLAMAK İçIN TOZ VE ÇöZüCü,8683125910038,B02BD02,Aktif,74.35
4326,ELOCTA 1500 I.U ENJEKSIYONLUK ÇöZELTI  HAZıRLAMAK İçIN TOZ VE ÇöZüCü,8683125910045,B02BD02,Aktif,74.6
4327,ELOCTA 2000 I.U ENJEKSIYONLUK ÇöZELTI  HAZıRLAMAK İçIN TOZ VE ÇöZüCü,8683125910052,B02BD02,Aktif,74.49
4328,ELOCTA 250 I.U ENJEKSIYONLUK ÇöZELTI HAZıRLAMAK İçIN TOZ VE ÇöZüCü,8683125910014,B02BD02,Aktif,74.3
4329,ELOCTA 3000 I.U ENJEKSIYONLUK ÇöZELTI  HAZıRLAMAK İçIN TOZ VE ÇöZüCü,8683125910069,B02BD02,Aktif,74.6
4330,ELOCTA 500 I.U ENJEKSIYONLUK ÇöZELTI  HAZıRLAMAK İçIN TOZ VE ÇöZüCü,8683125910021,B02BD02,Aktif,74.19
4342,ELUCEF 125 MG EFERVESAN TABLET,8697930021100,J01DD15,Pasif,84.01
4345,ELUCEF 300MG EFERVESAN TABLET,8680881020278,J01DD15,Pasif,87.3
4346,ELUCEF 375 MG EFERVESAN TABLET,8697930021094,J01DD15,Pasif,84.88
4347,ELUCEF 500 MG EFERVESAN TABLET,8697930021087,J01DD15,Pasif,83.29
4349,ELUCEF PLUS 300/125 MG EFERVESAN TABLET,8680881020285,J01DD15,Pasif,75.08
4350,ELUXAT 84 MG SERT KAPSÜL,8681198055045,A16AX10,Pasif,78.58
4351,ELYNZA 15 MG FİLM TABLET,8699569090878,N05AH03,Pasif,85.57
4352,ELYNZA 20 MG FİLM TABLET,8699569090885,N05AH03,Pasif,85.35
4365,EMEDUR 200 MG FILM KAPLI TABLET,8681801091378,R06AA10,Aktif,73.65
4367,"EMEKSAT %0,05 GÖZ DAMLASI, ÇÖZELTİ",8680199619522,S01GX06,Aktif,82.74
4368,EMEND 125 MG+80 MG+ 80 MG SERT KAPSüL,8699636150306,A04AD12,Aktif,86.1
4369,EMESET 4MG/2ML IM/IV ENJEKSIYONLUK ÇÖZELTI IÇERENAMPUL,8699828750604,A04AA01,Pasif,71.63
4370,EMESET 8MG/4ML IM/IV ENJEKSIYONLUK ÇÖZELTI IÇEREN AMPUL,8699828750611,A04AA01,Pasif,74.13
4372,EMETOL 200 MG KAPLı TABLET,8699825120011,R06AA10,Pasif,78.42
4377,EMGALITY 100 MG/ML ENJEKSIYONLUK ÇöZELTI  İçEREN KULLANıMA HAZıR ENJEKTöR,8699673954714,N02CD02,Aktif,87.67
4378,EMGALITY 120 MG/ML ENJEKSIYONLUK ÇöZELTI İçEREN KULLANıMA HAZıR KALEM,8699673954714,N02CD02,Aktif,88.26
4383,EMOCLOT 1000 IU/10 ML IV İNFÜZYONLUK ÇÖZELTİ HAZIRLAMAK İÇİN TOZ VE ÇÖZÜCÜ,8680972009038,B02BD02,Aktif,87.49
4384,EMOCLOT 500 IU/10 ML IV İNFÜZYONLUK ÇÖZELTİ HAZIRLAMAK İÇİN TOZ VE ÇÖZÜCÜ,8680972009021,B02BD02,Aktif,87.36
4386,EMPACROS 10 MG FILM KAPLı TABLET,8699514097846,A10BK03,Aktif,94.35
4387,EMPAFEL 10 MG FILM KAPLI TABLET,8699540030763,A10BK03,Aktif,96.46
4388,EMPAFEL 25 MG FILM KAPLI TABLET,8699540030756,A10BK03,Aktif,96.49
4390,"EMPAFEL MET 12,5 MG/500 MG FILM KAPLı  TABLET",8699540030763,A10BK03,Aktif,71.2
4391,"EMPAFEL MET 12,5MG/850 MG FILM KAPLı TABLET",8699540030763,A10BK03,Aktif,75.48
4392,EMPAFEL MET 5 MG/1000 MG FILM KAPLı TABLET,8699540030763,A10BK03,Aktif,71.85
4393,EMPAFEL MET 5 MG/500 MG FILM KAPLı TABLET,8699540030763,A10BK03,Aktif,71.73
4397,EMPANCE  10  MG  FILM  KAPLı  TABLET,8699540030763,A10BK03,Aktif,77.23
4398,EMPANCE  25  MG  FILM  KAPLı  TABLET,8699540030756,A10BK03,Aktif,75.11
4407,EMSELEX 15 MG UZATILMIŞ SALIMLI TABLET,8699874080137,G04BD10,Aktif,84.87
4408,"EMSELEX 7,5 MG UZATILMIŞ SALIMLI TABLET",8699874080120,G04BD10,Aktif,84.88
4410,EMTRON 250UG/5ML IV ENJEKSİYONLUK ÇÖZELTİ İÇEREN FLAKON,8680643000272,A04AA05,Pasif,76.34
4422,ENBREL 25 MG ENJEKSIYONLUK SOLÜSYON IÇIN TOZ,8681308277435,L04AB01,Aktif,83.96
4424,ENBREL 25 MG SC ENJEKSİYONLUK ÇÖZELTİ İÇEREN KULLANIMA HAZIR ENJEKTÖR,8681308955555,L04AB01,Aktif,81.22
4425,"ENBREL 25 MG/0,5 ML SC ENJEKSIYONLUK  ÇÖZELTİ İÇİN  KULLANIMA HAZIR ENJEKTöR",8681308955555,L04AB01,Aktif,80.84
4426,ENBREL MYCLIC 50 MG/ML SC ENJEKSIYONLUK ÇÖZELTI IÇIN KULLANIMA HAZIR KALEM,8681308955555,L04AB01,Aktif,79.16
4427,ENCEF 125MG/5ML ORAL SÜSPANSIYON HAZIRLAMAK İÇIN KURU TOZ,8699525287465,J01DD15,Aktif,71.36
4428,ENCEF 250MG/5ML ORAL SÜSPANSIYON HAZIRLAMAK İÇIN KURU TOZ,8699525287489,J01DD15,Aktif,71.65
4430,ENCEF 600 MG FİLM KAPLI TABLET,8699525090690,J01DD15,Aktif,74.48
4435,ENDOL 100 MG SUPOZITUAR,8699525890597,M01AB01,Aktif,81.74
4436,ENDOL® 25 MG KAPSÜL,8699525150585,M01AB01,Aktif,76.87
4437,ENDOXAN 1 G IV İNFÜZYONLUK ÇÖZELTİ HAZIRLAMAK İÇİN TOZ,8681413881084,L01AA06,Aktif,75.58
4439,ENDOXAN 500 MG IV İNFüZYONLUK ÇöZELTİ HAZIRLAMAK İÇİN TOZ,8681413881077,L01AA06,Aktif,75.74
4445,ENFEROX 125 MG SUDA DAĞILABİLEN TABLET,8699680070063,V03AC03,Aktif,81.92
4446,ENFEROX 250 MG SUDA DAĞILABİLEN TABLET,8699680070070,V03AC03,Aktif,81.56
4447,ENFEROX 500 MG SUDA DAĞILABİLEN TABLET,8699680070087,V03AC03,Aktif,81.37
4448,ENFEROX EASY 180 MG FİLM KAPLI TABLET,8699680091433,V03AC03,Aktif,75.28
4449,ENFEROX EASY 360 MG FİLM KAPLI TABLET,8699680091426,V03AC03,Aktif,81.77
4450,ENFEROX EASY 90 MG FİLM KAPLI TABLET,8699680091426,V03AC03,Aktif,74.42
4457,ENFEXOL 500MG FİLM KAPLI TABLET,8680760091320,P01AB03,Pasif,78.28
4458,ENFLANIS 200 MG I.M./I.V. ENJEKSIYONLUK ÇöZELTI  HAZıRLAMAK  IçIN  TOZ  VE  ÇöZüCü,8699606795292,J01XA02,Aktif,70.11
4459,ENFLANIS 400 MG I.M./I.V. ENJEKSIYONLUK ÇöZELTI  HAZıRLAMAK  IçIN  TOZ  VE  ÇöZüCü,8699606795308,J01XA02,Aktif,70.38
4462,ENFLUAT % 0.4STERİL GÖZ DAMLASI,8699702611533,S01BC05,Aktif,82.37
4463,"ENFLUAT %0,4 STERİL GÖZ DAMLASI, ÇÖZELTİ",8699702611533,S01BC05,Aktif,82.51
4466,ENFLUVIR 12MG/ML ORAL SÜSPANSIYON İÇIN TOZ,8699717280175,J05AH02,Aktif,85.51
4468,ENFLUVİR 45 MG SERT KAPSüL,8699717150027,J05AH02,Aktif,70.29
4469,ENFLUVIR 75 MG SERT KAPSÜL,8699717150027,J05AH02,Aktif,80.06
4473,ENHERTU 100 MG IV INFüZYONLUK çöZELTI HAZıRLAMADA KULLANıLACAK  KONSANTRE IçIN TOZ,8699228790026,L01FD04,Aktif,81.63
4474,ENHOŞ MEYVE TUZU,8699535250138,A06AD21,Pasif,72.85
4475,ENİT 10 MG/20 MG TABLET,8699587012869,C09BB06,Aktif,79.26
4481,ENORNO 365 MG EFERVESAN TABLET,8699527020015,A12CC10,Pasif,72.58
4482,"ENOX 10000 ANTI-XA IU/1,0 ML KULLANIMA HAZIR ENJEKTÖR",8699717950030,B01AB05,Aktif,77.04
4483,"ENOX 2000 ANTI-XA IU/0,2 ML KULLANIMA HAZIR ENJEKTöR",8699717950047,B01AB05,Aktif,78.72
4484,"ENOX 4000 ANTI-XA IU/0,4 ML KULLANIMA HAZIR ENJEKTöR",8699717950030,B01AB05,Aktif,82.58
4485,"ENOX 6000 ANTI-XA IU/0,6 ML KULLANIMA HAZIR ENJEKTÖR",8699717950047,B01AB05,Aktif,81.23
4486,"ENOX 8000 ANTI-XA IU/0,8 ML KULLANIMA HAZIR ENJEKTÖR",8699717950054,B01AB05,Aktif,82.35
4490,ENTAMEZOL 500 MG FİLM KAPLI TABLET,8680131757275,P01AB03,Aktif,80.9
4494,ENTOCORT 0.02MG/ML ENEMA HAZIRLAMAK IÇIN DISPERSIBL TABLET,8699786910010,A07EA06,Pasif,80.5
4495,ENTYVIO 300 MG INFüZYONLUK çöZELTI KONSANTRESI IçIN TOZ,8699456790096,L04AG05,Aktif,96.0
4496,ENZADRE 40 MG YUMUşAK KAPSüL,8699511190700,L02BB04,Aktif,93.84
4497,ENZAFLU 75 MG SERT KAPSüL,8699514150824,J05AH02,Aktif,83.33
4501,ENZOFEN %2 VAJİNAL KREM,8680199367447,G01AF12,Aktif,72.73
4502,ENZOFEN 1000 MG VAJINAL YUMUşAK KAPSüL,8680199908794,G01AF12,Aktif,83.13
4503,ENZOFEN 600 MG OVüL,8680199906271,G01AF12,Aktif,82.19
4504,ENZOFEN 600 MG VAJİNAL YUMUŞAK KAPSÜL,8680199908794,G01AF12,Aktif,74.36
4519,EPIDOSIN 10 MG DRAJE,8699559120035,A03AX14,Pasif,72.99
4520,EPIDOSIN 8 MG AMPUL,8699559750027,A03AX14,Pasif,71.61
4525,EPILEPTAL 100 MG/ML ORAL ÇÖZELTI,8699889650028,N03AX14,Pasif,78.69
4526,EPILEPTAL 1000 MG FILM TABLET,8699889090213,N03AX14,Pasif,78.17
4527,EPILEPTAL 250 MG FILM TABLET,8699889090183,N03AX14,Pasif,78.23
4528,EPILEPTAL 500 MG FILM TABLET,8699889090190,N03AX14,Pasif,77.98
4529,EPILEPTAL 750 MG FILM TABLET,8699889090206,N03AX14,Pasif,79.14
4530,EPILEPTAL XR 500 MG FILM TABLET,8699889036059,N03AX14,Pasif,79.84
4531,EPILEPTAL XR 750 MG FILM TABLET,8699889030073,N03AX14,Pasif,78.9
4532,EPILEPTAL XR 750 MG FILM TABLET,8699889030073,N03AX14,Pasif,78.9
4537,EPIRITU 20 MG/10 ML  IV/İNTRAVEZIKAL  İNFüZYONLUK  ÇöZELTI  HAZıRLAMAK  IçIN  KONSANTRE,8699650772171,L01DB03,Pasif,77.55
4538,EPIRITU 200 MG /100 ML IV/İNTRAVEZİKAL İNFÜZYON İÇİN KONSANTRE ÇÖZELTİ İÇEREN FLAKON,8699650772171,L01DB03,Pasif,70.42
4540,Epirubicin Koçak 100 mg/50 mL I.V./Intravesikal İnfüzyon Hazırlamak İçin Konsantre Çözelti İçeren Flakon,8699828760153,L01DB03,Aktif,82.07
4541,EPİTAM  XR  750 MG FILM KAPLı TABLET,8699543030159,N03AX14,Aktif,79.73
4542,EPİTAM 1000 MG FİLM TABLET,8699543091044,N03AX14,Pasif,70.01
4545,EPITAM XR 500 MG FİLM KAPLI TABLET,8699543030135,N03AX14,Aktif,84.03
4547,EPIVIR 10 MG/ML ORAL çöZELTI,8699522092666,J05AF05,Aktif,79.52
4548,EPIVIR 150 MG FILM TABLET,8699522092666,J05AF05,Aktif,95.69
4550,EPIXX 1000 MG FILM KAPLı TABLET,8699514096559,N03AX14,Aktif,83.75
4551,EPIXX 250 MG FILM KAPLı TABLET,8699514096528,N03AX14,Aktif,83.75
4552,EPIXX 500 MG FILM KAPLı TABLET,8699514096535,N03AX14,Aktif,83.59
4553,EPİXX 750 MG FILM TABLET,8699514096542,N03AX14,Aktif,74.56
4554,EPIXX XR 500 MG FILM KAPLI TABLET,8699514030065,N03AX14,Aktif,80.14
4555,EPIXX XR 750 MG FILM KAPLI TABLET,8699514030089,N03AX14,Aktif,80.97
4556,EPİZONYA 100 MG KAPSÜL,8699510150729,N03AX15,Aktif,86.28
4557,EPIZONYA 25 MG KAPSÜL,8699510150729,N03AX15,Aktif,91.78
4558,EPLEDAY 25MG FILM KAPLI TABLET,8680881093883,C03DA04,Aktif,89.53
4559,EPLEDAY 25MG FILM KAPLI TABLET,8680881093883,C03DA04,Aktif,88.42
4560,EPLEDAY 50MG FILM KAPLI TABLET,8680881093883,C03DA04,Aktif,88.15
4564,EPOBEL  3000  IU/0.9  ML  IV/SC  STERİL  ENJEKSİYONLUK ÇÖZELTİ İÇEREN KULLANIMA HAZIR ENJEKTÖR,8699262950257,B03XA01,Aktif,71.69
4577,EPOSTİN % 0.05 OFTALMİK EMÜLSİYON İÇEREN TEK DOZLUK FLAKON,8699844611484,S01XA18,Aktif,77.99
4578,EPPLEDAY 25MG FILM KAPLI TABLET,8680881093883,C03DA04,Aktif,79.82
4579,EPPLEDAY 25MG FILM KAPLI TABLET,8680881093883,C03DA04,Aktif,79.82
4580,EPPLEDAY 25MG FILM KAPLI TABLET,8680881093883,C03DA04,Aktif,79.82
4581,EPPLEDAY 25MG FILM KAPLI TABLET,8680881093883,C03DA04,Aktif,79.82
4602,EQIZOLIN 500 MG IM/IV ENJEKSİYONLUK TOZ,8699814270246,J01DB04,Aktif,74.05
4611,ERAFİL 20 MG FILM KAPLı TABLET,8681880090149,G04BE08,Aktif,81.8
4614,ERASEF 500 MG FİLM KAPLI TABLET,8681234741109,J01DC10,Aktif,74.78
4616,ERAXIS 100 MG IV İNFüZYONLUK ÇöZELTI HAZıRLAMAK İçIN TOZ,8681308271013,J02AX06,Aktif,71.2
4617,Erbinna 40 mg I.V. Enjeksiyon İçin Liyofilize Toz İçeren Flakon,8699702774092,A02BC01,Pasif,87.79
4620,ERBİNOL 250 MG TABLET,8680199032017,D01BA02,Pasif,78.91
4621,ERBİTUX 100 MG/20 ML IV İNFÜZYONLUK ÇÖZELTİ,8699808770110,L01FE01,Aktif,76.56
4622,ERBİTUX 500 MG/100 ML IV İNFÜZYONLUK ÇÖZELTİ,8699808770127,L01FE01,Aktif,76.84
4624,ERCEFURYL 200 MG/5 ML ORAL SÜSPANSIYON,8699809706613,A07AX03,Pasif,82.86
4625,ERDOBİL 175 MG/5 ML ORAL SüSPANSIYON HAZıRLAMAK IçIN TOZ,8699569280538,R05CB15,Aktif,87.86
4626,ERDOBİL 300 MG SERT KAPSüL,8699569150602,R05CB15,Aktif,82.44
4627,ERDOSTIN 300 MG KAPSÜL,8699516151164,R05CB15,Aktif,97.54
4628,ERDOSTİN SÜSPANSİYON İÇİN KURU TOZ (PEDİATRİK KULLANIM),8699516286934,R05CB15,Aktif,72.47
4629,ERDOSTIN SÜSPANSIYON IÇIN KURU TOZ 100 ML/200 ML,8699516281199,R05CB15,Aktif,93.24
4634,"ERELZİ 25 MG/0,5 ML ENJEKSIYONLUK çöZELTI IçEREN KULLANıMA HAZıR ENJEKTöR",8681428951420,L04AB01,Aktif,89.21
4635,ERELZİ 50 MG/1 ML ENJEKSIYONLUK çöZELTI IçEREN KULLANıMA HAZıR ENJEKTöR,8681428951420,L04AB01,Aktif,91.07
4636,ERELZİ 50 MG/1 ML ENJEKSIYONLUK ÇöZELTI İçEREN KULLANıMA HAZıR KALEM,8681428951420,L04AB01,Aktif,96.02
4637,EREXFİL 5 MG FILM KAPLı TABLET,8681880090125,G04BE08,Aktif,88.25
4639,ERFULYN 200 MG/5 ML ORAL SüSPANSIYON,8699540700253,A07AX03,Aktif,71.7
4641,ERIGIB 150 MG SERT KAPSüL,8699525158369,L01XJ01,Aktif,92.23
4642,ERIOLAN  50  MG  ENJEKSIYONLUK/İNFüZYONLUK ÇöZELTI İçIN LIYOFILIZE TOZ VE ÇöZüCü,8681835338500,L01AA03,Pasif,72.08
4649,ERIVEDGE 150 MG SERT KAPSÜL,8699505152066,L01XJ01,Aktif,85.18
4650,ERLEADA 60 MG FILM KAPLı TABLET,8699593095436,L02BB05,Aktif,94.66
4660,"ERTES72 1,5 MG TABLET",8681026050433,G03AD01,Aktif,88.76
4667,ERYACNE %4 JEL,8699727340074,D10AF02,Pasif,71.74
4670,ESBRIET 267 MG FILM KAPLI TABLET,8699505091228,L04AX05,Aktif,92.43
4671,ESBRIET 801 MG FILM KAPLI TABLET,8699505091235,L04AX05,Aktif,92.5
4672,ESELAN 40 MG IV ENJEKSİYON İÇİN LİYOFİLİZE TOZ İÇEREN FLAKON,8699769790035,A02BC01,Pasif,73.26
4673,ESEMEPROL 40 MG I.V. İNFÜZYON / ENJEKSİYON İÇİN LİYOFİLİZE TOZ İÇEREN FLAKON,8681735790118,A02BC05,Aktif,77.13
4678,"ESLOTİN 2,5 MG/5 ML ŞURUP",8680199571202,R06AX27,Pasif,82.83
4679,ESLOTİN 5 MG FİLM TABLET,8680199093179,R06AX27,Pasif,79.78
4680,ESMARA 20 MG ENTERIK KAPLI PELLET TABLET,8699033040385,A02BC05,Pasif,90.16
4681,ESMARA 40 MG ENTERIK KAPLI PELLET TABLET,8699033040385,A02BC05,Pasif,91.96
4683,ESMAX 15 MG FILM KAPLı TABLET,8699543092607,N06AB10,Aktif,72.73
4685,ESMAX 5 MG FILM KAPLı TABLET,8699543092591,N06AB10,Aktif,72.12
4687,ESMOBLOC 10 MG/ML I.V. İNFÜZYON İÇİN ÇÖZELTİ,8699606524861,C07AB09,Aktif,75.34
4688,ESMOBLOC 20 MG/ML I.V. İNFüZYON İçIN ÇöZELTI,8699606524861,C07AB09,Aktif,70.19
4693,ESOBLOK 40MG İ.V. İNFÜZYON/ENJEKSİYONLUK ÇÖZELTİ İÇİN TOZ İÇEREN FLAKON,8699525790019,A02BC05,Aktif,76.16
4694,ESODAX 400MG FILM KAPLI TABLET,8699578090876,M01AB08,Pasif,85.14
4695,ESODAX 500MG FİLM TABLET,8699578090906,M01AB08,Pasif,78.82
4696,ESOM 20 MG ENTERİK KAPLI MİKROPELLET KAPSÜL,8699540090743,A02BC05,Aktif,71.3
4697,ESOM 40 MG  IV  İNFüZYONLUK/ENJEKSIYONLUK ÇöZELTI HAZıRLAMAK İçIN TOZ,8699606795476,A02BC05,Aktif,71.67
4698,ESOM 40 MG ENTERİK KAPLI MİKROPELLET KAPSÜL,8699540090743,A02BC05,Aktif,72.74
4703,ESOPRAL 40 MG ENTERİK KAPLI TABLET,8699792031648,A02BC05,Pasif,93.94
4704,ESOPRAL 40 MG KAPSÜL,8699792171610,A02BC05,Aktif,74.14
4715,ESPLUS 10 MG FILM TABLET,8680881093807,N06AB10,Aktif,71.67
4716,ESPLUS 20 MG FILM TABLET,8680881093821,N06AB10,Aktif,71.75
4718,ESRAM 10 MG FILM TABLET,8699540096011,N06AB10,Pasif,76.74
4719,ESRAM 20 MG FILM TABLET,8699540096059,N06AB10,Aktif,80.55
4721,ESSIUM 40 MG I.V. ENJEKSIYONLUK/İNFüZYONLUK ÇöZELTI HAZıRLAMAK IçIN TOZ,8699606795476,A02BC05,Aktif,85.46
4722,"ESTENOL 0,5 MG İNFüZYONLUK ÇöZELTI HAZıRLAMAK  İçIN TOZ VE ÇöZüCü",8699738270025,B01AC09,Pasif,70.15
4723,"ESTENOL 1,5 MG İNFüZYONLUK ÇöZELTI HAZıRLAMAK  İçIN TOZ VE ÇöZüCü",8699738270025,B01AC09,Pasif,70.62
4724,ESTEREBAN 30 MG/3 ML S.C. ENJEKSİYONLUK  ÇÖZELTİ  İÇEREN  KULLANIMA HAZIR ENJEKTÖR,8699651521150,B06AC02,Pasif,88.4
4732,ESTRACYT 140 MG KAPSüL,8681308151018,L01XX11,Pasif,83.23
4733,ESTRADERM TTS 25,8699504810080,G03CA03,Pasif,87.02
4734,ESTRIOL VAJINAL KREM,8699708360138,G03CA04,Aktif,93.7
4735,ESTROFEM 2 MG FILM KAPLI TABLET,8699676090266,G03CA03,Aktif,83.06
4737,"ETACID  %0,05  BURUN  SPREYI,  SüSPANSIYON",8680199542752,R01AD09,Pasif,74.74
4738,ETAMIVIR 75 MG SERT KAPSüL,8681986160104,J05AH02,Aktif,83.36
4751,ETOFAST 1 G / 2 ML ENJEKSIYONLUK çöZELTI,8699587753472,M01AG,Aktif,84.5
4753,ETOL 200 MG FİLM TABLET,8699540090606,M01AB08,Pasif,86.86
4754,ETOL 300 MG FİLM TABLET,8699540090668,M01AB08,Pasif,87.03
4756,ETOL FORT 400 MG FİLM TABLETT,8699540091139,M01AB08,Pasif,82.32
4757,ETOL SR 600MG UZATILMIŞ SALIMLI TABLET,8699540030015,M01AB08,Aktif,89.87
4762,ETOPAN 500MG FILM TABLET,8699502092891,M01AB08,Pasif,76.71
4763,ETOPEX 100MG/5ML IV İNFÜZYON İÇIN ÇÖZELTI İÇEREN FLAKON,8699525766342,L01CB01,Aktif,73.43
4765,ETOPOSID 'EBEWE' 100MG/5ML IV İNFÜZYON İÇIN KONSANTRE ÇÖZELTI İÇEREN FLAKON,8699205760158,L01CB01,Pasif,81.87
4766,ETOPOSID 'EBEWE' 50MG/2.5ML IV İNFÜZYON İÇIN KONSANTRE ÇÖZELTI İÇEREN FLAKON,8699205760141,L01CB01,Pasif,81.71
4767,ETOPOSID EBEWE 100 MG/5 ML IV INFÜZYON IÇIN KONSANTRE ÇÖZELTI IÇEREN FLAKON,8699205760158,L01CB01,Pasif,87.28
4768,ETOPOSID EBEWE 50 MG/2.5 ML IV INFÜZYON IÇIN KONSANTRE ÇÖZELTI IÇEREN FLAKON,8699205760141,L01CB01,Pasif,87.34
4769,ETOSİD 100 MG/5 ML IV İNFÜZYON İÇİN KONSANTRE SOLÜSYON İÇEREN FLAKON,8699828760054,L01CB01,Aktif,70.63
4770,"ETOSİD 50 MG/2,5 ML IV İNFÜZYON İÇİN KONSANTRE SOLÜSYON İÇEREN FLAKON",8699828760054,L01CB01,Aktif,72.13
4771,ETOTAC 400 MG FİLM TABLET,8680760091764,M01AB08,Pasif,79.7
4772,ETOTAC SR 600 MG UZATILMIŞ SALIMLI FİLM KAPLI TABLET,8680760091832,M01AB08,Aktif,76.05
4774,"ETOVER  100  MG/ML  SPREY,  ÇöZELTI",8681085010607,M02AA06,Pasif,91.78
4775,ETOVER 1 G/2 ML IM ENJEKSİYONLUK ÇÖZELTİ İÇEREN AMPUL,8681085010621,M01AG,Aktif,81.96
4776,ETOXA 400 MG FILM TABLET,8699578090852,M01AB08,Pasif,80.87
4777,ETRANG 25 MG FILM KAPLI TABLET,8699586094712,B02BX05,Aktif,93.52
4778,ETRANG 50 MG FILM KAPLI TABLET,8699586094729,B02BX05,Aktif,93.47
4781,ETYOMID 250 MGŞEKER KAPLI TABLET,8699828120087,J04AD03,Pasif,83.98
4783,"EUMOVATE % 0,05  MERHEM",8699522386581,D07AB01,Aktif,76.93
4784,"EUMOVATE % 0,05 KREM",8699522356522,D07AB01,Aktif,75.8
4786,EUTHYROX 100 MCG TABLET,8699808010087,H03AA01,Aktif,74.08
4787,EUTHYROX 125 MCG TABLET,8699808010094,H03AA01,Aktif,74.81
4788,EUTHYROX 150 MCG TABLET,8699808010056,H03AA01,Aktif,74.56
4789,EUTHYROX 175 MCG TABLET,8699808010100,H03AA01,Pasif,76.14
4790,EUTHYROX 200 MCG TABLET,8699808010063,H03AA01,Pasif,74.23
4791,EUTHYROX 25 MCG TABLET,8699808010032,H03AA01,Aktif,74.15
4792,EUTHYROX 50 MCG TABLET,8699808010049,H03AA01,Aktif,74.33
4793,EUTHYROX 75 MCG TABLET,8699808010070,H03AA01,Aktif,74.52
4795,EVAXMUS 10 MG TABLET,8699638015351,L01EG02,Pasif,87.85
4796,EVAXMUS 5 MG TABLET,8699638015344,L01EG02,Pasif,87.77
4797,EVAXMUS 7.5 MG TABLET,8699638015344,L01EG02,Pasif,86.74
4798,"EVENITY 105 MG/1,17 ML ENJEKSIYONLUK ÇöZELTI İçEREN KULLANıMA HAZıR ENJEKTöR",8699862950244,M05BX06,Aktif,83.22
4799,EVEPTIN 100 MG FILM TABLET,8699724090392,N02BF01,Pasif,95.4
4800,EVEPTİN 250 MG/5 ML ORAL ÇÖZELTİ,8699724090392,N02BF01,Pasif,71.56
4801,EVEPTIN 300 MG FILM TABLET,8699724090392,N02BF01,Pasif,98.94
4802,EVEPTIN 400 MG FILM TABLET,8699724090408,N02BF01,Pasif,98.95
4803,EVEPTIN 600 MG FILM TABLET,8699724090415,N02BF01,Pasif,98.97
4804,EVEPTIN 800 MG FILM TABLET,8699724090422,N02BF01,Pasif,99.0
4807,EVICAP 100IU YUMUŞAK KAPSÜL,8699828190080,A11HA03,Aktif,75.03
4808,EVICAP 200IU YUMUŞAK KAPSÜL,8699828190097,A11HA03,Aktif,76.24
4809,EVICAP FORT 400IU YUMUŞAK KAPSÜL,8699828190127,A11HA03,Aktif,77.82
4818,EVOLTU 20 MG/20 ML İNFÜZYONLUK ÇÖZELTİ HAZIRLAMAK İÇİN KONSANTRE,8699650772669,L01BB06,Aktif,76.64
4821,EVORABİN 1 MG/1 ML IV İNFÜZYONLUK KONSANTRE ÇÖZELTİ,8699828690207,L01BB06,Pasif,82.4
4822,EVOSTEN 175 MG/5 ML ORAL SÜSPANSİYON HAZIRLAMAK İÇİN TOZ (100 ML),8699514280057,R05CB15,Aktif,88.57
4823,EVOSTEN 300 MG SERT KAPSÜL,8699514150879,R05CB15,Aktif,88.31
4824,EVRENZO 100 MG FİLM KAPLI TABLET,8699043890505,B03XA05,Aktif,81.07
4825,EVRENZO 150 MG FİLM KAPLI TABLET,8699043890512,B03XA05,Aktif,81.35
4826,EVRENZO 20 MG FİLM KAPLI TABLET,8699043890475,B03XA05,Aktif,80.98
4827,EVRENZO 50 MG FİLM KAPLI TABLET,8699043890482,B03XA05,Aktif,80.98
4828,EVRENZO 70 MG FİLM KAPLI TABLET,8699043890499,B03XA05,Aktif,81.61
4829,"EVRYSDI 0,75 MG/ML ORAL ÇöZELTI HAZıRLAMAK İçIN TOZ",8699505593210,M09AX10,Aktif,97.71
4830,EX-LOVIR %1 KREM,8680053350011,D06BB06,Pasif,85.31
4832,"EXANAFIN %1 DERIYE UYGULANACAK SPREY, ÇöZELTI",8680771491089,D01AE22,Aktif,79.25
4847,EXCEGRAN 100 MG KAPSÜL,8699502151512,N03AX15,Aktif,83.2
4849,EXCIPIAL HYDRO EMÜLSİYON,8699586462450,D02AE01,Aktif,81.16
4850,EXCIPIAL LIPO %4 EMÜLSİYON,8699586462443,D02AE01,Aktif,85.28
4851,EXELDERM %1 KREM,8699514350125,D01AE22,Aktif,77.12
4852,"EXELDERM %1 SPREY, ÇÖZELTİ",8699514510062,D01AE22,Aktif,76.81
4853,"EXELON 1,5 MG KAPSÜL",8699504150254,N06DA03,Aktif,79.88
4855,EXELON 2 MG/ML ORAL SOLÜSYON,8699504590258,N06DA03,Aktif,77.77
4856,EXELON 3 MG KAPSÜL,8699504150308,N06DA03,Aktif,79.92
4857,"EXELON 4,5 MG KAPSÜL",8699504150353,N06DA03,Aktif,80.02
4858,EXELON 6 MG KAPSÜL,8699504150407,N06DA03,Aktif,80.0
4861,"EXELON PATCH  9,5  MG/ 24 SAAT TRANSDERMAL  FLASTER",8699504810509,N06DA03,Pasif,93.84
4862,EXELON PATCH 10 TRANSDERMAL FLASTER,8699504810509,N06DA03,Pasif,81.67
4863,"EXELON PATCH 13,3  MG/24 SAAT TRANSDERMAL FLASTER",8699504810547,N06DA03,Pasif,93.66
4864,EXELON PATCH 15 TRANSDERMAL FLASTER,8699504810509,N06DA03,Pasif,74.16
4865,"EXELON PATCH 4,6 MG/ 24 SAAT TRANSDERMAL FLASTER",8699504810455,N06DA03,Pasif,93.86
4866,EXELON PATCH 5 TRANSDERMAL FLASTER,8699504810509,N06DA03,Pasif,89.42
4870,"EXENATE % 0,1 MERHEM",8680760380028,D07AC14,Pasif,76.28
4871,"EXENATE %0,1 KREM",8680760350083,D07AC14,Aktif,77.87
4872,"EXENATE %0,1 POMAT",8680760350083,D07AC14,Aktif,70.69
4873,EXENATE %0.1 LOSYON,8680760480018,D07AC14,Aktif,78.82
4874,EXERAM 10 MG FILM TABLET,8699293090816,N06AB10,Pasif,75.66
4875,EXERAM 20 MG FILM TABLET,8699293090823,N06AB10,Pasif,75.73
4876,EXETU 25 MG FILM KAPLI TABLET,8699650982013,L02BG06,Aktif,77.53
4884,EXFORGE 10 MG/160 MG FILM KAPLI TABLET,8699504091205,C09DB01,Aktif,85.33
4887,EXFORGE 5 MG/160 MG FILM KAPLI TABLET,8699504091199,C09DB01,Aktif,85.24
4890,EXFORGE 5 MG/80 MG FILM KAPLI TABLET,8699504091199,C09DB01,Aktif,70.94
4895,EXJADE 125 MG SUDA DAĞILABİLEN TABLET,8699504070019,V03AC03,Aktif,72.94
4896,EXJADE 250 MG SUDA DAĞILABİLEN TABLET,8699504070026,V03AC03,Aktif,72.56
4897,EXJADE 500 MG SUDA DAĞILABİLEN TABLET,8699504070033,V03AC03,Aktif,72.38
4899,EXODERIL %1 KREM,8699516350680,D01AE22,Aktif,77.54
4900,EXODERIL %1 SPREY,8699516510695,D01AE22,Aktif,77.69
4903,"EXPAFTYN %1 DERIYE UYGULANACAK SPREY, çöZELTI",8680186490493,D01AE22,Aktif,85.72
4911,EXSISTIN 200 MG/5 ML ŞURUP HAZIRLAMAK IÇIN TOZ,8698747280025,R05CB01,Pasif,75.95
4912,EXSISTIN 200 MG/5 ML ŞURUP HAZIRLAMAK İÇIN TOZ,8698747280025,R05CB01,Pasif,81.25
4925,EXVIERA 250 MG FİLM KAPLI TABLET,8680656080339,J05AP09,Pasif,74.64
4926,EXVILE 220MG FILM TABLET,8699772090115,M01AE02,Pasif,74.34
4935,EYLEA 114.3 MG/ML INTRAVITREAL ENJEKSIYONLUK ÇÖZELTI,8699546770069,S01LA05,Aktif,89.54
4936,EYLEA 40 MG/ML İNTRAVİTREAL ENJEKSİYON İÇİN ÇÖZELTİ İÇEREN KULLANIMA HAZIR ENJEKTÖR,8699546959358,S01LA05,Aktif,76.67
4942,EZEROS 10/10MG FILM KAPLI TABLET,8699976090652,C10BA06,Aktif,90.37
4943,EZEROS 10/20MG FILM KAPLI TABLET,8699976090676,C10BA06,Aktif,90.25
4944,EZEROS 10/40MG FILM KAPLI TABLET,8699976090690,C10BA06,Aktif,89.32
4945,EZEROS 10/5 MG FILM KAPLI TABLET,8699976090638,C10BA06,Aktif,93.78
4948,EZESIM 10/40 FILM KAPLI TABLET,8697930091844,C10BA02,Pasif,84.13
4950,EZETEC 10 MG TABLET,8680881010071,C10AX09,Aktif,93.0
4951,EZETEC® PLUS 10 MG / 10 MG FILM KAPLı TABLET,8697936093613,C10BA05,Aktif,87.91
4952,EZETEC® PLUS 10 MG / 20 MG FILM KAPLı TABLET,8697936093675,C10BA05,Aktif,87.73
4953,EZETEC® PLUS 10 MG / 40 MG FILM KAPLı TABLET,8697936093651,C10BA05,Aktif,87.84
4954,EZETROL 10 MG TABLET,8683280337169,C10AX09,Aktif,93.89
4957,FABRAZYME  35  MG  İNFÜZYONLUK  ÇÖZELTI  HAZIRLAMADA  KULLANILACAK  KONSANTRE  İÇİN  TOZ,8699809799226,A16AB04,Aktif,92.64
4959,FAGASTRİL 20 MG FİLM KAPLI TABLET,8699828090021,A02BA03,Pasif,77.51
4960,FAMODIN 20MG FILM TABLET (Ü.Y:GEBZE 1),8699516094164,A02BA03,Aktif,81.8
4961,FAMODIN 20MG FILM TABLET (Ü.Y:GEBZE 2),8699516094164,A02BA03,Aktif,78.77
4962,FAMODIN 40MG FILM TABLET (Ü.Y:GEBZE 1),8699516094171,A02BA03,Aktif,81.44
4963,FAMODIN 40MG FILM TABLET (Ü.Y:GEBZE 2),8699516094171,A02BA03,Aktif,78.38
4965,FAMOSER 20 MG FİLM TABLET,8699578091019,A02BA03,Pasif,83.48
4966,FAMOSER 40 MG FİLM TABLET,8699578091026,A02BA03,Aktif,84.33
4967,FAMOTSAN 20 MG FİLM TABLET,8699580010022,A02BA03,Pasif,86.26
4968,FAMOTSAN 40 MG FLM TABLET,8699580010022,A02BA03,Pasif,90.6
4971,FAMPYRA 10 MG UZATILMIŞ SALIMLI TABLET,8699783030025,N07XX07,Aktif,87.19
4972,"FAMTREC 800 MG/26,6 MG FİLM KAPLI TABLET",8699680091921,M01AE51,Aktif,77.34
4996,FARNAPIN 10 MG UZATıLMış SALıMLı TABLET,8699738030124,N07XX07,Aktif,84.21
4998,FASENRA 30 MG/ML ENJEKSIYONLUK ÇÖZELTI İÇEREN KULLANIMA HAZIR ENJEKTÖR,8699786950047,R03DX10,Aktif,97.54
4999,FASENRA 30 MG/ML KULLANIMA HAZIR ENJEKSİYON  KALEMI İÇİNDE ENJEKSIYONLUK ÇÖZELTİ,8699786950054,R03DX10,Aktif,91.83
5000,FASLANT 250 MG/5 ML I.M. ENJEKSIYONLUK ÇöZELTI  İçEREN KULLANıMA HAZıR ENJEKTöR,8699638755776,L02BA03,Pasif,77.9
5001,FASLODEX 250 MG/5 ML ENJEKSIYONLUK ÇÖZELTI,8699786950030,L02BA03,Aktif,98.76
5004,FASTJEL %2.5 JEL,8699832340013,M02AA10,Aktif,79.83
5014,FAXİVEN XR 150 MG UZATILMIŞ SALIMLI SERT KAPSÜL,8680881175497,N06AX16,Pasif,74.31
5015,"FAXİVEN XR 37,5 MG UZATILMIŞ SALIMLI SERT KAPSÜL",8699569170020,N06AX16,Pasif,75.14
5016,FAXİVEN XR 75 MG UZATILMIŞ SALIMLI SERT KAPSÜL,8680881175497,N06AX16,Pasif,78.7
5020,FEBIND-F  180  MG  FILM  KAPLı  TABLET,8699738090586,V03AC03,Aktif,85.87
5021,FEBIND-F  360  MG  FILM  KAPLı  TABLET,8699738090593,V03AC03,Aktif,86.33
5022,FEBIND-F  90  MG  FILM  KAPLı  TABLET,8699738090579,V03AC03,Aktif,85.11
5027,FEKSINE 120 MG FILM TABLET,8699580090123,R06AX26,Pasif,70.64
5028,FEKSINE 180 MG FILM TABLET,8699580090116,R06AX26,Pasif,71.57
5030,FELDEN FLASH 20 MG TABLET,8681308011152,M01AC01,Pasif,72.9
5034,FEMARA 2.5 MG FILM KAPLI TABLET,8699504090253,L02BG04,Aktif,89.21
5036,"FEMİJEL 1.5 MG/2,5 G JEL",8699828340058,G03CA03,Aktif,78.63
5038,FEMMEX 25 MG FİLM KAPLI TABLET,8699525098214,L02BG06,Pasif,75.58
5046,"FENİRAMİN-PF 45,5 MG/2 ML I.M./I.V. ENJEKSİYONLUK ÇÖZELTİ",8699606756828,R06AB05,Aktif,74.26
5047,"FENISTIL %0,1 JEL",8699504340013,D04AA13,Pasif,72.36
5052,FENOGAL 267 MG SERT KAPSüL,8699671110006,C10AB05,Aktif,93.95
5063,"FENOSTER 80 MCG / 4,5 MCG PEDIATRIK AEROSOL İNHALASYONU, ÇöZELTI",8680199527094,R03AK07,Pasif,81.63
5068,FENOTRAL ŞURUP,8699523570033,R06AA02,Pasif,71.75
5082,FENTIVAG 1000 MG VAJINAL YUMUşAK KAPSüL,8699569900115,G01AF12,Aktif,87.12
5087,FEPATIL 267 MG SERT KAPSüL,8699525159830,C10AB05,Aktif,94.71
5089,FERAMAT 100 MG KAPSÜL,8699772157054,B03AA02,Aktif,85.51
5107,FERLOS 100 MG/0.35 MG TABLET,8699527592208,B03AB05,Aktif,75.42
5108,FERLOS 20 MG/ML ORAL ÇÖZELTİ,8699527592208,B03AB05,Aktif,77.52
5113,FEROUT 180 MG FİLM KAPLI TABLET,8699543091709,V03AC03,Aktif,79.48
5114,FEROUT 360 MG FİLM KAPLI TABLET,8699543091716,V03AC03,Aktif,80.18
5115,FEROUT 90 MG FİLM KAPLI TABLET,8699543091693,V03AC03,Aktif,78.31
5116,FEROUT S 125 MG SUDA DAĞILABİLEN TABLET,8699543070377,V03AC03,Aktif,83.14
5117,FEROUT S 250 MG SUDA DAĞILABİLEN TABLET,8699543070377,V03AC03,Aktif,84.34
5118,FEROUT S 500 MG SUDA DAĞILABİLEN TABLET,8699543070377,V03AC03,Aktif,86.74
5124,FERRIPROX 100 MG/ML ŞURUP,8699822570291,V03AC02,Aktif,96.37
5151,FESOR 125 MG DAĞILABİLİR TABLET,8699536070247,V03AC03,Pasif,76.52
5153,FESOR 250 MG DAĞILABİLİR TABLET,8699536070261,V03AC03,Pasif,75.96
5155,FESOR 500 MG DAĞILABİLİR TABLET,8699536070285,V03AC03,Aktif,75.67
5158,FEVERE 25 MG/ML ORAL ÇÖZELTİ,8681117650030,M01AB05,Aktif,73.35
5171,FİASP FLEXTOUCH 100 U/ML ENJEKSİYONLUK ÇÖZELTİ İÇEREN KULLANIMA HAZIR KALEM,8699676951024,A10AD06,Aktif,73.38
5175,FIERA 100 MG FILM KAPLI TABLET,8698747090150,M01AE09,Pasif,98.87
5180,"FILPEG 6 MG/0,6 ML S.C. ENJEKSIYONLUK ÇÖZELTI İÇEREN KULLANIMA HAZIR ENJEKTöR",8681735950864,L03AA13,Aktif,93.89
5186,FINHAIR 1 MG FILM KAPLı TABLET,8680771491058,D11AX10,Aktif,95.58
5188,"FINIMOD 0,5 MG KAPSUL",8699638155279,L04AE01,Pasif,82.75
5194,FIX-AT 475 MG FILM TABLET,8699514093060,V03AE07,Aktif,70.3
5195,FIX-AT 950 MG FILM TABLET,8699514093107,V03AE07,Aktif,70.18
5198,FIXATOM 10 MG KAPSÜL,8697927152060,N06BA09,Aktif,74.59
5199,FIXATOM 18 MG KAPSÜL,8697927152077,N06BA09,Aktif,75.96
5200,FIXATOM 25 MG KAPSÜL,8697927152084,N06BA09,Aktif,74.9
5201,FIXATOM 40 MG KAPSÜL,8697927152091,N06BA09,Aktif,74.98
5202,FIXATOM 60 MG KAPSÜL,8697927152107,N06BA09,Aktif,74.98
5205,FİXCORT 4.5/160 MCG CAPSAİR İNHALASYON İÇİN TOZ İÇEREN KAPSÜL,8697929553216,R03AK07,Pasif,71.1
5217,"FIXFLOW 27.5 MCG BURUN SPREYI, SüSPANSIYON",8699514540069,R01AD12,Aktif,83.96
5225,FIXLOR 8MG EFERVESAN TABLET,8697929021319,M01AC05,Pasif,72.79
5226,FIXMENT 10MG AĞIZDA DAĞILAN TABLET,8697932070632,N05AX12,Pasif,79.37
5227,FIXMENT 15MG AĞIZDA DAĞILAN TABLET,8697932070823,N05AX12,Pasif,76.84
5239,"FIXRIVA  27,5  MCG  BURUN  SPREYI,  SüSPANSIYON",8697936544610,R01AD12,Aktif,81.31
5242,FLAGENTYL 500 MG FILM KAPLI TABLET,8699586090257,P01AB07,Aktif,75.21
5243,FLAGYL 125 MG / 5 ML ORAL SüSPANSIYON,8699809706644,P01AB01,Aktif,97.92
5247,FLANTADIN 30 MG TABLET,8682340179077,H02AB13,Aktif,86.79
5248,FLANTADIN 6 MG TABLET,8682340179084,H02AB13,Aktif,86.83
5254,FLEBOGAMMA %10 DIF 10 G/100 ML IV İNFÜZYON İÇİN ÇÖZELTİ İÇEREN FLAKON,8699769980405,J06BA02,Aktif,71.66
5255,FLEBOGAMMA %10 DIF 20 G/200 ML IV İNFÜZYON İÇİN ÇÖZELTİ İÇEREN FLAKON,8699769980146,J06BA02,Aktif,71.53
5256,FLEBOGAMMA %10 DIF 5 G/50 ML IV İNFÜZYON İÇİN ÇÖZELTİ İÇEREN FLAKON,8699769980153,J06BA02,Aktif,70.86
5268,FLEXIDOL 400 MG FILM KAPLı TABLET,8680150090193,M03BX30,Aktif,74.81
5269,FLEXIMAT %10 JEL,8698747340026,M02AA06,Pasif,96.74
5270,FLEXIMAT %5 JEL,8698747340026,M02AA06,Pasif,97.51
5272,FLEXO % 5 JEL,8699566344288,M02AA06,Aktif,92.33
5273,FLEXO 1 G/2 ML I.M. ENJEKSİYONLUK ÇÖZELTİ İÇEREN AMPUL,8699566755107,M01AG,Aktif,79.63
5274,FLEXO 1 G/2 ML I.M. ENJEKSİYONLUK ÇÖZELTİ İÇEREN AMPUL,8699566755107,M01AG,Aktif,79.63
5275,"FLEXO 100 MG/ML SPREY, ÇÖZELTİ",8699566515008,M02AA06,Aktif,94.7
5286,FLIXOTIDE DISKUS 250 MCG İNHALASYON İÇİN TOZ,8699522553594,R03BA05,Aktif,70.83
5289,"FLOBEN 0,5 MG/2 ML NEBüLIZASYON SüSPANSIYONU",8699569520177,R03BA05,Aktif,75.5
5291,FLOCIP %0.05 MERHEM,8699514380139,D07AC10,Aktif,74.68
5292,FLOMAX MR 0.4 MG DEĞİŞTİRİLMİŞ SALIMLI SERT KAPSÜL,8699043890420,G04CA02,Aktif,78.93
5293,FLOMAX PR 0.4 MG TABLET,8699043890420,G04CA02,Aktif,81.84
5295,FLOPROST MR 0.4 MG DEĞİŞTİRİLMİŞ SALIMLI SERT KAPSÜL,8699569170013,G04CA02,Aktif,77.47
5305,FLOXILEVO 500 MG/100 ML I.V. ENFÜZYON ÇÖZELTISI,8699525694331,J01MA12,Pasif,81.35
5306,FLOXİLEVO 500 MG/100 ML IV ENFÜZYON ÇÖZELTİSİ,8699525694331,J01MA12,Pasif,77.9
5309,FLUANXOL DEPOT 20 MG/ML IM ENJEKSİYONLUK ÇÖZELTİ,8699795750232,N05AF01,Aktif,70.69
5310,FLUANXOL® 3 MG KAPLANMIŞ TABLET,8699795091076,N05AF01,Aktif,78.07
5311,FLUANXOL® DEPOT 20 MG/ML IM ENJEKTABL SOLÜSYON,8699795750232,N05AF01,Aktif,73.98
5312,FLUARIX TETRA 0.5 ML IM ENJEKSİYON İÇİN SÜSPANSİYON İÇEREN KULLANIMA HAZIR ENJEKTÖR,8699522964383,J07BB02,Pasif,71.03
5313,"FLUBEST SR 1,5 MG UZATILMIŞ SALIMLI TABLET",8699543030043,C03BA11,Aktif,93.44
5315,FLUBIMAK 100 MG FILM KAPLI TABLET,8680265090101,M01AE09,Pasif,97.88
5316,"FLUBORD %0,03 GÖZ DAMLASI, ÇÖZELTİ",8680199613582,S01BC04,Aktif,85.87
5317,FLUCAN 100 MG/50 ML IV İNFÜZYONLUK ÇÖZELTİ,8681308691002,J02AC01,Aktif,76.6
5319,FLUCAN 150 MG KAPSÜL,8681308151056,J02AC01,Aktif,81.2
5320,FLUCAN 150MG KAPSÜL (1 KAPSÜL IÇIN),8699532151407,J02AC01,Pasif,77.21
5328,FLUDALT DUO 50 MCG/ 100 MCG İNHALASYON İçIN TOZ İçEREN KAPSüL,8680865270149,R03AK06,Aktif,70.75
5329,FLUDALT DUO 50 MCG/ 250 MCG İNHALASYON İçIN TOZ İçEREN KAPSüL,8680865270132,R03AK06,Aktif,71.88
5330,FLUDALT DUO 50 MCG/ 500 MCG İNHALASYON İçIN TOZ İçEREN KAPSüL,8680865270149,R03AK06,Aktif,71.79
5331,"FLUDEX SR 1,5 MG SÜREKLİ SALIM SAĞLAYAN TABLET",8699552030201,C03BA11,Aktif,78.19
5332,"FLUDİN 2,5 MG FİLM TABLET",8699511090154,C03BA11,Aktif,77.9
5334,FLUIBRON TABLET,8699527013475,R05CB06,Pasif,71.5
5337,FLUJECT 100 MG/50 ML IV İNFÜZYONLUK ÇÖZELTİ,8699814690068,J02AC01,Aktif,82.13
5338,FLUJECT 200 MG/100 ML IV İNFÜZYONLUK ÇÖZELTİ,8699814690068,J02AC01,Aktif,80.52
5340,FLUKOL 100MG/50ML IV İNFÜZYONLUK ÇÖZELTİ İÇEREN FLAKON (50 ML),8699606694618,J02AC01,Aktif,82.92
5345,FLUNİGEN 14 MG FİLM KAPLI TABLET,8699293091080,L04AK02,Aktif,75.11
5346,FLUORESCİTE %10 ENJEKSİYONLUK ÇÖZELTİ İÇEREN FLAKON,8699760751394,S01JA01,Pasif,82.02
5347,FLUOROURACİL-FARMAKO 1000 mg/ 20 mL I.V. Enjeksiyon için Çözelti İçeren Flakon,8699828770251,L01BC02,Aktif,71.17
5350,FLUOROURACIL-KOÇAK  5000 MG/ 100 ML  İ.V./İ.A.  ENJEKSIYONLUK/İNFüZYONLUK  ÇöZELTI,8699828770244,L01BC02,Aktif,80.01
5351,FLUOROURACIL-KOÇAK 1000 MG/20 ML IV/IA ENJEKSIYONLUK/İNFÜZYONLUK ÇÖZELTİ,8699828770251,L01BC02,Aktif,85.85
5352,FLUOROURACIL-KOÇAK 250 MG/5 ML IV/IA ENJEKSIYONLUK/İNFÜZYONLUK ÇÖZELTİ,8699828770237,L01BC02,Pasif,85.81
5353,FLUOROURACİL-KOÇAK 2500 MG/50 ML IV/IA ENJEKSIYONLUK/İNFüZYONLUK ÇöZELTI,8699828770237,L01BC02,Pasif,76.41
5354,FLUOROURACIL-KOÇAK 500 MG/10 ML IV/IA ENJEKSIYONLUK/İNFÜZYONLUK ÇÖZELTİ,8699828770244,L01BC02,Aktif,85.77
5355,FLUOSINE 500MG/5ML IV ENJEKSIYON IÇIN ÇÖZELTI IÇEREN FLAKON,8680596070063,S01JA01,Aktif,86.97
5356,FLUPAMID 1.5 MG SR TABLET,8699536030012,C03BA11,Aktif,92.82
5357,"FLUPAMID 2,5 MG FILM TABLET",8699536090481,C03BA11,Aktif,90.86
5358,FLUPEN 100 MG FILM KAPLI TABLET,8698746090083,M01AE09,Pasif,99.35
5359,FLUPRONAT 0.5 MG/2 ML NEBULIZASYON  SüSPANSIYONU,8680741521310,R03BA05,Aktif,81.33
5360,"FLUPRONAT 125 MCG AEROSOL INHALASYONU, SüSPANSIYON",8680741521532,R03BA05,Aktif,79.39
5361,FLUPRONAT 2 MG/2 ML NEBULIZASYON  SüSPANSIYONU,8680741521310,R03BA05,Aktif,82.13
5362,"FLUPRONAT 250 MCG AEROSOL INHALASYONU, SüSPANSIYON",8680741521532,R03BA05,Aktif,75.41
5367,FLURFLEX 100 MG FİLM TABLET,8699717090217,M01AE09,Pasif,87.44
5369,FLURO-5 DEVA 1000 MG/20 ML IV/IA ENJEKSIYONLUK ÇÖZELTI İÇEREN FLAKON,8699525776242,L01BC02,Aktif,90.81
5370,FLURO-5 DEVA 5000 MG/100 ML IV/IA ENJEKSİYONLUK/İNFÜZYONLUK ÇÖZELTİ,8699525776242,L01BC02,Aktif,79.17
5374,FLUTANS TABLET 2.5 MG TABLET,8699580010060,C03BA11,Pasif,94.26
5375,"FLUTEL 50 MCG BURUN SPREYİ, SÜSPANSİYON",8680199547580,R01AD08,Aktif,71.14
5377,"FLUTEL-F 27,5 MCG BURUN SPREYİ, SÜSPANSİYON",8680199540680,R01AD12,Aktif,85.37
5378,FLUXATE 0.5 MG/5 ML IV ENJEKSİYON İÇİN ÇÖZELTİ İÇEREN AMPUL,8681697750175,V03AB25,Pasif,79.59
5379,FLUXATE 1 MG/10 ML IV ENJEKSİYON İÇİN ÇÖZELTİ İÇEREN AMPUL,8699742750186,V03AB25,Pasif,77.87
5383,FLUZAMED 100 MG KAPSÜL,8680199153682,J02AC01,Aktif,77.08
5384,FLUZAMED 150 MG KAPSÜL,8680199154023,J02AC01,Aktif,79.22
5385,"FLUZAMED 150 MG KAPSÜL (2,4,6,7,8,12,14 VE 28 KAPSÜL)",8680199154023,J02AC01,Aktif,75.34
5386,FLUZAMED 2 MG/ML İ.V. İNFüZYON İçIN ÇöZELTI İçEREN FLAKON,8680199691771,J02AC01,Pasif,76.65
5387,FLUZAMED 200 MG KAPSÜL,8680199153682,J02AC01,Aktif,79.31
5388,FLUZAMED 50 MG KAPSÜL,8680199153682,J02AC01,Aktif,76.93
5390,FLUZAVIR 30 MG SERT KAPSüL,8699525159878,J05AH02,Aktif,81.68
5391,FLUZAVIR 45 MG SERT KAPSüL,8699525159878,J05AH02,Aktif,80.48
5392,FLUZAVIR 75 MG SERT KAPSüL,8699525159878,J05AH02,Aktif,84.35
5393,FLUZOLE 100 MG KAPSÜL,8699578151102,J02AC01,Aktif,79.94
5394,FLUZOLE 150 MG KAPSÜL,8699578151072,J02AC01,Aktif,81.3
5395,FLUZOLE 200 MG KAPSUL,8699578151102,J02AC01,Aktif,77.43
5396,FLUZOLE 50 MG KAPSÜL,8699578151096,J02AC01,Pasif,83.1
5397,FLYNTA 20 MG FİLM TABLET,8699680091150,G04BE08,Aktif,85.84
5398,FLYNTA 5 MG FİLM TABLET,8699680091136,G04BE08,Aktif,85.31
5405,FOLBETAKE 5 MG TABLET,8680186490387,B03BB01,Aktif,79.28
5406,FOLBIOL 5 MG TABLET,8699508010509,B03BB01,Aktif,83.69
5407,FOLCA 15 MG TABLET,8699717090378,V03AF03,Aktif,73.7
5408,FOLFULL 5 MG TABLET,8699525018007,B03BB01,Aktif,82.89
5409,FOLIDOCE 400 MCG/2 MCG TABLET,8699324010011,B03BA51,Aktif,72.66
5410,FOLIGANCE 5 MG TABLET,8684651200013,B03BB01,Aktif,79.7
5417,FOLSET 5 MG TABLET,8684071000002,B03BB01,Aktif,87.51
5418,FONDOS 0.5 MG KAPSüL,8699541153690,L04AE01,Pasif,76.46
5419,FONKSERA  15  MG  FILM  KAPLı  TABLET,8699795091267,N06AX26,Aktif,72.02
5420,FONKSERA 10 MG FİLM KAPLI TABLET,8699795091281,N06AX26,Aktif,72.66
5421,FONKSERA 20 MG FİLM KAPLI TABLET,8699795091304,N06AX26,Aktif,72.71
5422,FONKSERA 5 MG FİLM KAPLI TABLET,8699795091267,N06AX26,Aktif,72.52
5424,FORALES 12 MCG İNHALER KAPSÜL,8680199552232,R03AC13,Pasif,78.81
5451,FORMODAY 12 MCG INHALASYON IÇIN TOZ IÇEREN KAPSÜL,8697935550254,R03AC13,Pasif,74.54
5453,FORMODAY 12 MCH INHALASYON IÇIN TOZ IÇEREN KAPSÜL,8697935550254,R03AC13,Pasif,71.92
5454,FORMODAY 12 MCH INHALASYON IÇIN TOZ IÇEREN KAPSÜL,8697935550254,R03AC13,Pasif,72.24
5464,"FORNİT 160 MCG/4,5 MCG İNHALASYON İÇİN TOZ İÇEREN KAPSÜL",8680865270095,R03AK07,Pasif,77.92
5466,FORPACK 12/200 MCG CAPSAIR INHALASYON IÇIN TOZ IÇEREN KAPSÜL,8680741550211,R03AK07,Aktif,85.76
5467,FORPACK 12/200 MCG DISKAIR INHALASYON IÇIN TOZ,8680741550204,R03AK07,Aktif,77.54
5468,FORPACK 12/400 MCG CAPSAIR INHALASYON IÇIN TOZ IÇEREN KAPSÜL,8680741550242,R03AK07,Aktif,85.86
5469,FORPACK 12/400 MCG DISKAIR INHALASYON IÇIN TOZ,8680741550235,R03AK07,Aktif,77.7
5478,"FORTE-D 150.000 I.U./10 ML ORAL DAMLA, çöZELTI",8699793000636,A11CC05,Aktif,71.6
5480,"FORTEVİR 0,5 MG FILM KAPLı TABLET",8699680091044,J05AF10,Aktif,77.82
5483,FORTINE SR 200MG UZATILMIŞ SALIMLI KAPSÜL,8699569170068,M01AE09,Pasif,93.28
5484,FORTUM 1 GR ENJEKTABL FLAKON,8699522272129,J01DD02,Pasif,73.71
5485,FORTUM 2 GR ENJEKTABL FLAKON,8699522272129,J01DD02,Pasif,72.4
5486,FORTUM 500 MG ENJEKTABL FLAKON,8699522272129,J01DD02,Pasif,70.29
5487,FORYXA EASYHALER 12 MCG/DOZ İNHALASYON İÇİN TOZ,8699514557791,R03AC13,Pasif,74.0
5490,FORZİGA 10 MG FİLM KAPLI TABLET,8699786092730,A10BK01,Aktif,75.79
5493,FOSAMAX 70 MG TABLET,8683280337176,M05BA04,Aktif,87.04
5495,FOSATAB 70 MG EFERVESAN TABLET,8697930021636,M05BA04,Pasif,77.0
5499,FOSDAY 3G EFERVESAN TABLET,8697930021438,J01XX01,Pasif,75.11
5500,FOSEMAZON 150 MG IV INFüZYONLUK çöZELTI HAZıRLAMADA KULLANıLACAK KONSANTRE IçIN TOZ,8699606866688,A04AD12,Aktif,93.9
5501,FOSEMİTANT 150 MG I.V. İNFÜZYONLUK ÇÖZELTİ HAZIRLAMADA KULLANILACAK KONSANTRE İÇİN TOZ,8699606866688,A04AD12,Aktif,72.05
5502,FOSETAZ 4 MG UZATıLMış SALıMLı FILM KAPLı TABLET,8699514030461,G04BD11,Aktif,84.58
5503,FOSETAZ 8 MG UZATıLMış SALıMLı FILM KAPLı TABLET,8699514030492,G04BD11,Aktif,84.66
5507,FOSFONE 3 G ORAL ÇÖZELTİ İÇİN GRANÜL İÇEREN SAŞE,8699293241010,J01XX01,Pasif,77.53
5508,FOSFONE 3 G ORAL ÇÖZELTI İÇIN GRANÜL İÇEREN SAŞE,8699293241010,J01XX01,Pasif,77.9
5509,FOSFONE 3 G ORAL ÇÖZELTİ İÇİN GRANÜL İÇEREN SAŞE,8699293241010,J01XX01,Pasif,82.78
5517,FOSTIMON 150 IU ENJEKSIYONLUK LIYOFILIZE TOZ,8680426040020,G03GA04,Aktif,87.23
5519,FOSTIMON 75 IU ENJEKSIYONLUK LIYOFILIZE TOZ,8680426040013,G03GA04,Aktif,87.27
5521,FOTEROL 12 MCG İNHALASYON İÇIN TOZ İÇEREN KAPSÜL,8699525558442,R03AC13,Aktif,75.48
5523,"FOVEPTA 200 IU/0,4 ML IM/SC ENJEKSIYONLUK ÇöZELTI İçEREN KULLANıMA HAZıR ENJEKTöR",8699535980530,J06BB04,Aktif,85.49
5526,FRAGMIN 10000 IU/0.4 ML SC ENJEKSIYONLUK ÇÖZELTI İÇEREN TEK DOZ ENJEKTÖR,8699532958044,B01AB04,Pasif,82.62
5527,FRAGMIN 10000 IU/ML ENJEKSIYONLUK ÇÖZELTI İÇEREN AMPUL,8699532958044,B01AB04,Pasif,71.06
5528,FRAGMIN 12500 IU/0.5 ML SC ENJEKSIYONLUK ÇÖZELTI İÇEREN TEK DOZ ENJEKTÖR,8699532958044,B01AB04,Pasif,82.36
5529,FRAGMIN 15000 IU/0.6 ML SC ENJEKSIYONLUK ÇÖZELTI İÇEREN TEK DOZ ENJEKTÖR,8699532958044,B01AB04,Pasif,82.39
5530,FRAGMIN 18000 IU/0.72 ML SC ENJEKSIYONLUK ÇÖZELTI İÇEREN TEK DOZ ENJEKTÖR,8699532958044,B01AB04,Pasif,78.59
5531,FRAGMIN 2500 IU (ANTI-FAKTÖR XA) 0.2 ML SC ENJEKSIYONLUK SOLÜSYON İÇEREN TEK DOZLUK ENJEKTÖR,8699532958044,B01AB04,Pasif,73.03
5533,FRAGMIN 5000 IU / 0.2 ML (ANTI-XA) SC ENJEKSIYONLUK SOLÜSYON İÇEREN TEK DOZ ENJEKTÖR,8699532958044,B01AB04,Pasif,78.4
5534,FRAGMIN 7500 IU/0.3 ML SC ENJEKSIYONLUK ÇÖZELTI İÇEREN TEK DOZ ENJEKTÖR,8699532958044,B01AB04,Pasif,88.37
5535,FRAVEN 30 MIU/0.5 ML IV İNFüZYON/SC ENJEKSIYON İçIN ÇöZELTI İçEREN KULLANıMA HAZıR ENJEKTöR,8680833770015,L03AA02,Aktif,93.04
5536,FRAVEN 48 MIU/0.5 ML IV INFüZYON/SC ENJEKSIYON  IçIN çöZELTI IçEREN  KULLANıMA HAZıR ENJEKTöR,8680833770053,L03AA02,Aktif,96.59
5538,FRENAG % 1 JEL,8680008040080,M02AA26,Aktif,85.83
5539,FRENAG FORT %3  JEL,8680008040295,M02AA26,Aktif,76.6
5544,FROLIX 100 MG FILM TABLET,8699543090566,M01AE09,Pasif,97.87
5548,FUARTE 125 MG SUDA DAĞILABİLEN TABLET,8699514070115,V03AC03,Aktif,80.93
5549,FUARTE 250 MG SUDA DAĞILABİLEN TABLET,8699514070122,V03AC03,Aktif,80.56
5550,FUARTE 500 MG SUDA DAĞILABİLEN TABLET,8699514070139,V03AC03,Aktif,80.37
5551,FUARTE NEO 180 MG FİLM KAPLI TABLET,8699514095019,V03AC03,Aktif,79.06
5552,FUARTE NEO 360 FİLM KAPLI TABLET,8699514095026,V03AC03,Aktif,79.4
5553,FUARTE NEO 90 MG FİLM KAPLI TABLET,8699514095002,V03AC03,Aktif,78.18
5556,FUCIDIN %2 KREM,8699514352853,D06AX01,Aktif,82.87
5557,FUCIDIN 500 MG FILM KAPLI TABLET,8699514090335,J01XC01,Pasif,77.86
5560,FUCİDOX % 2 KREM,8699819350905,D06AX01,Pasif,73.1
5562,FUCITEC % 1 VISKOZ GÖZ DAMLASI,8699569610236,S01AA13,Pasif,76.6
5564,FUCITEC %2 KREM,8699569350118,D06AX01,Aktif,80.58
5565,FUCITEC %2 POMAD,8699569380078,D06AX01,Aktif,77.61
5574,FULLBONE D3 2G/800 IU EFERVESAN TABLET,8699976021007,M05BX53,Pasif,70.92
5575,FULLCEF 125MG SAŞE,8697929240567,J01DD15,Pasif,84.04
5576,FULLCEF 250MG SAŞE,8697929240574,J01DD15,Pasif,85.63
5578,FULLCEF 300MG EFERVESAN TABLET,8697929022163,J01DD15,Pasif,79.19
5579,FULLCEF 600 MG FILM KAPLI TABLET,8697929032261,J01DD15,Pasif,88.94
5580,FULLCEF MR 600 MG FILM KAPLI TABLET,8697929032261,J01DD15,Pasif,85.23
5582,FULLCEF PLUS 300/125 MG EFERVESAN TABLET,8697929022163,J01DD15,Pasif,70.89
5583,FULLCEF PLUS 300/125 MG FİLM KAPLI TABLET,8697929090582,J01DD15,Pasif,70.51
5586,FULMESTA 250 MG/5 ML ENJEKSIYONLUK ÇöZELTI  İçEREN KULLANıMA HAZıR  ENJEKTöR,8699638755776,L02BA03,Pasif,80.43
5587,FULMOREX ®  10 MG FILM KAPLı TABLET,8699738090623,C02KX04,Aktif,80.96
5589,FUMAST 1MG/5ML ŞURUP,8697772570026,R06AX17,Aktif,74.33
5590,FUNDERYL %1 KREM,8681728350015,D01AE22,Aktif,80.15
5591,"FUNDERYL %1 SPREY, ÇÖZELTİ",8681728650016,D01AE22,Aktif,81.99
5593,FUNGAN 100 MG KAPSÜL,8699508150205,J02AC01,Pasif,81.93
5596,FUNGAN 50 MG KAPSÜL,8699508150205,J02AC01,Pasif,74.55
5599,FUNGİDAS 50 MG İNFÜZYON İÇİN LIYOFILIZE TOZ İÇEREN FLAKON,8699828260028,J02AX04,Aktif,79.45
5600,FUNGİDAS 70 MG İNFÜZYON İÇİN LIYOFILIZE TOZ İÇEREN FLAKON,8699828260035,J02AX04,Aktif,79.92
5601,"FUNGİNAİL %5 TIRNAK CİLASI, ÇÖZELTİ",8681990009116,D01AE16,Aktif,74.13
5603,FUNGIZONE INTRAVENÖZ ENJEKTABL FLAKON,8699726790207,J02AA01,Pasif,76.5
5606,FUNGORAL  20  MG/ML  ŞAMPUAN,8699591560080,D01AC08,Pasif,85.75
5607,FUNGOSTATİN 100.000 U/ML ORAL SüSPANSIYON IçIN TOZ,8699540280403,A07AA02,Aktif,73.27
5613,FURACEPT %0.2 MERHEM,8699567380018,D08AF01,Aktif,85.77
5615,"FURADERM % 0,2 MERHEM",8699622380212,D08AF01,Aktif,71.76
5617,FUROJECT 20MG/2ML IM/IV ENJEKSİYONLUK ÇÖZELTİ,8699814750250,C03CA01,Aktif,80.1
5619,FUROMID 20 MG/2 ML IM/IV AMPUL,8699525750624,C03CA01,Aktif,88.66
5621,FUROSON 40 MG/4 ML İM/İV AMPÜL,8680202600158,C03CA01,Aktif,72.49
5622,FUROTAB 40 MG TABLET,8699825010077,C03CA01,Pasif,94.22
5628,FUSİDAS %2 KREM,8681911350013,D06AX01,Aktif,73.94
5629,FUSINAT 500 MG FILM TABLET,8699580090420,J01XC01,Pasif,82.01
5631,"FUSIX %1 VISKOZ GöZ DAMLASı, ÇöZELTI",8699525610034,S01AA13,Aktif,80.68
5632,FUSİX DERMA % 2 MERHEM,8699525386700,D06AX01,Aktif,76.61
5633,FUSİX DERMA %2 KREM,8699525350053,D06AX01,Aktif,79.23
5635,"FUTARON %1 GÖZ DAMLASI, SÜSPANSİYON",8680199619218,S01AA13,Pasif,82.43
5637,FUXRAN 250 MG/5 ML ENJEKSIYON İÇİN ÇÖZELTI IÇEREN KULLANIMA HAZıR ENJEKTöR,8681428951321,L02BA03,Pasif,94.34
5649,GABASET  600 MG FILM KAPLI TABLET,8699578091231,N02BF01,Aktif,96.59
5650,GABASET 100 MG KAPSüL,8699578151218,N02BF01,Aktif,96.24
5651,GABASET 300 MG KAPSüL,8699578151225,N02BF01,Aktif,96.33
5652,GABASET 400 MG KAPSüL,8699578151232,N02BF01,Aktif,96.36
5653,GABASET 800 MG FILM KAPLI TABLET,8699578091248,N02BF01,Aktif,96.67
5654,GABATEVA 100 MG KAPSüL,8699638154043,N02BF01,Pasif,95.2
5655,GABATEVA 300 MG KAPSüL,8699638154050,N02BF01,Pasif,95.29
5656,GABATEVA 400 MG KAPSüL,8699638154067,N02BF01,Pasif,95.32
5657,GABATEVA 600 MG ÇENTIKLI FILM TABLET,8699638094073,N02BF01,Pasif,96.27
5658,GABATEVA 800 MG ÇENTIKLI FILM TABLET,8699638094080,N02BF01,Pasif,96.34
5659,GABENYL 600 MG FILM KAPLI TABLET,8699569091141,N02BF01,Pasif,96.75
5660,GABENYL 800 MG FILM KAPLI TABLET,8699569091165,N02BF01,Pasif,96.83
5661,GABTİN 100 MG KAPSÜL,8699502151345,N02BF01,Pasif,72.73
5663,GADODİEM 287 MG /ML IV ENJEKSIYON IçIN çöZELTI IçEREN FLAKON,8699702774085,V08CA03,Pasif,90.82
5665,GADONANS 15 MMOL/15 ML ENJEKSİYONLUK ÇÖZELTİ,8699702774115,V08CA09,Aktif,89.67
5666,GADONANS 30 MMOL/30 ML ENJEKSİYONLUK ÇÖZELTİ,8699702774122,V08CA09,Aktif,89.6
5667,"GADONANS 7,5 MMOL/7,5 ML ENJEKSİYONLUK ÇÖZELTİ",8699702774108,V08CA09,Aktif,90.66
5672,GADOSIBLE 30 MMOL/ 30 ML I.V. ENJEKSIYONLUK  ÇöZELTI,8699702774122,V08CA09,Aktif,71.44
5673,"GADOSIBLE 7,5 MMOL/ 7,5 ML I.V. ENJEKSIYONLUK  ÇöZELTI",8699702774108,V08CA09,Aktif,72.6
5674,GADOTU 287 MG/ML IV ENJEKSİYON İÇİN ÇÖZELTİ İÇEREN FLAKON,8699715771934,V08CA03,Pasif,83.85
5678,GADOVIST  1.0 MMOL /ML  IV ENJEKSİYONLUK ÇÖZELTİ İÇEREN ŞİŞE,8699546772438,V08CA09,Aktif,83.67
5679,GADOVIST  1.0 MMOL /ML IV ENJEKSIYONLUK ÇÖZELTİ  İÇEREN FLAKON,8699546778638,V08CA09,Aktif,87.61
5680,GALAFOLD 123 MG SERT KAPSüL,8699783150624,A16AX14,Aktif,84.55
5681,GALARA 150 MG KAPSÜL,8680199153316,N02BF02,Pasif,87.1
5682,GALARA 25 MG KAPSÜL,8680199153330,N02BF02,Pasif,83.13
5683,GALARA 300 MG KAPSÜL,8680199153330,N02BF02,Pasif,87.06
5684,GALARA 75 MG KAPSÜL,8680199153156,N02BF02,Pasif,87.19
5689,GALVUS 50 MG TABLET,8699504011395,A10BH02,Pasif,90.35
5690,GALVUS MET 50 MG / 1000 MG FILM KAPLı TABLET,8699504093018,A10BD08,Aktif,80.52
5691,GALVUS MET 50 MG/ 850 MG FILM KAPLı TABLET,8699504093001,A10BD08,Aktif,81.16
5693,GAMAKUIL 400 MG FILM KAPLI TABLET,8699584090730,M03BA01,Aktif,83.34
5694,GAMAKUIL SUPOZITUVAR,8699584890033,M03BA01,Pasif,73.75
5702,GARDASIL 0.5 ML IM ENJEKSIYON IÇIN SÜSPANSIYON IÇEREN FLAKON,8699636950104,J07BM01,Aktif,76.35
5703,GARDASIL 9 IM ENJEKSIYONLUK SüSPANSIYON,8699636951262,J07BM03,Aktif,79.16
5706,GASPAZOL 40 MG IV ENJEKSIYONLUK çöZELTI HAZıRLAMAK IçIN  LIYOFILIZE TOZ,8681735790330,A02BC02,Aktif,70.76
5707,GASTEROL 40 MG FİLM TABLET,8699792011305,A02BA03,Aktif,78.29
5708,GASTIFAM 20 MG FİLM TABLET,8699523090098,A02BA03,Pasif,71.01
5717,GASTRODEX 15 MG MİKROPELLET KAPSÜL,8699265150036,A02BC03,Pasif,73.58
5718,GASTRODEX 30 MG MİKROPELLET KAPSÜL,8699265150043,A02BC03,Pasif,73.29
5719,GASTROFAM 20 MG FILM KAPLI TABLET,8699560090020,A02BA03,Aktif,85.9
5720,GASTROFAM 40 MG FİLM KAPLI TABLET,8699560090020,A02BA03,Aktif,86.31
5735,GAZYVA 1000 MG / 40 ML IV İNFÜZYONLUK KONSANTRE  ÇÖZELTİ,8699505762630,L01FA03,Aktif,82.89
5742,GEFIRA 250 MG FILM KAPLI TABLET,8699638095636,L01EB01,Pasif,96.63
5746,"GELTRO 12,5 MG FILM KAPLı TABLET",8699540046207,B02BX05,Aktif,88.25
5747,GELTRO 25 MG FİLM KAPLI TABLET,8699540046214,B02BX05,Aktif,87.68
5748,GELTRO 50 MG FİLM KAPLI TABLET,8699540046207,B02BX05,Aktif,87.56
5749,GELTRO 75 MG FİLM KAPLI TABLET,8699540046207,B02BX05,Aktif,85.0
5756,GEMILOKS 320 MG FILM KAPLı TABLET,8699569092773,J01MA15,Pasif,70.63
5757,GEMKO  200  MG  IV  INFTZYON  IçIN  LIYOFILIZE  TOZ  IçEREN  FLAKON,8699828790082,L01BC05,Aktif,80.15
5758,GEMKO 1000 MG IV INFÜZYON IÇIN LIYOFILIZE TOZ IÇEREN FLAKON,8699828790372,L01BC05,Aktif,82.44
5759,GEMKO 1400 MG İNFÜZYON İÇIN LIYOFILIZE TOZ İÇEREN FLAKON,8699828790129,L01BC05,Aktif,75.09
5776,GEMZAR 1 G  FLAKON,8699673795089,L01BC05,Pasif,74.09
5779,GEMZAR 200 MG I.V. ENJEKTABL FLAKON,8699673795072,L01BC05,Pasif,82.44
5781,GENBUTROL 15 MMOL/15 ML ENJEKSİYONLUK ÇÖZELTİ,8699783770303,V08CA09,Aktif,90.76
5782,GENBUTROL 30 MMOL/30 ML ENJEKSIYONLUK ÇöZELTI,8699783770310,V08CA09,Aktif,93.08
5783,"GENBUTROL 7,5 MMOL/7,5 ML ENJEKİIYONLUK ÇÖZELTİ",8699783770297,V08CA09,Aktif,90.27
5785,GENİUM I.V. 40 MG İNFüZYON/ENJEKSIYONLUK ÇöZELTI İÇİN TOZ İÇEREN FLAKON,8699783790134,A02BC05,Aktif,70.29
5787,GENKORT 10 MG TABLET,8699783011123,H02AB09,Aktif,71.61
5788,"GENLEVOR 12,5 MG/5 ML I.V. İNFüZYONLUK ÇöZELTI   HAZıRLAMAK İçIN KONSANTRE",8699606766124,C01CX08,Aktif,72.99
5789,GENMISIN 160 MG/2 ML IM/IV ENJEKSİYONLUK ÇÖZELTİ,8699814750083,J01GB03,Pasif,70.28
5794,GENOTROPİN GOQUİCK 12 MG/ML ENJEKSİYONLUK ÇÖZELTİ İÇİN TOZ VE ÇÖZÜCÜ İÇEREN KULLANIMA HAZIR KALEM,8681308957801,H01AC01,Aktif,77.21
5795,"GENOTROPİN GOQUİCK 5,3 MG/ML ENJEKSİYONLUK ÇÖZELTİ İÇİN TOZ VE ÇÖZÜCÜ İÇEREN KULLANIMA HAZIR KALEM",8681308957795,H01AC01,Aktif,77.42
5796,GENOTROPİN MİNİQUİCK S.C. ENJEKSIYONLUK ÇÖZELTI IÇIN TOZ VE ÇÖZÜCÜ IÇEREN 1.8 IU (0.6 MG) TEK DOZ ENJEKTÖR,8699532958174,H01AC01,Pasif,79.16
5797,GENOTROPİN MİNİQUİCK S.C. ENJEKSIYONLUK ÇÖZELTI IÇIN TOZ VE ÇÖZÜCÜ IÇEREN 2.4 IU (0.8 MG) TEK DOZ ENJEKTÖR,8699532958198,H01AC01,Pasif,79.14
5798,GENOTROPİN MİNİQUİCK S.C. ENJEKSIYONLUK ÇÖZELTI IÇIN TOZ VE ÇÖZÜCÜ IÇEREN 3.0 IU (1.0 MG) TEK DOZ ENJEKTÖR,8699532958204,H01AC01,Pasif,78.16
5799,GENOTROPİN MİNİQUİCK S.C. ENJEKSIYONLUK ÇÖZELTI IÇIN TOZ VE ÇÖZÜCÜ IÇEREN 3.6 IU (1.2 MG) TEK DOZ ENJEKTÖR,8699532958228,H01AC01,Pasif,79.12
5800,GENOTROPİN MİNİQUİCK S.C. ENJEKSIYONLUK ÇÖZELTI IÇIN TOZ VE ÇÖZÜCÜ IÇEREN 4.2 IU (1.4 MG) TEK DOZ ENJEKTÖR,8699532958235,H01AC01,Pasif,79.35
5801,GENOTROPİN MİNİQUİCK S.C. ENJEKSIYONLUK ÇÖZELTI IÇIN TOZ VE ÇÖZÜCÜ IÇEREN 4.8 IU (1.6 MG) TEK DOZ ENJEKTÖR,8699532958266,H01AC01,Pasif,79.21
5802,GENOTROPİN MİNİQUİCK S.C. ENJEKSIYONLUK ÇÖZELTI IÇIN TOZ VE ÇÖZÜCÜ IÇEREN 5.4 IU (1.8 MG) TEK DOZ ENJEKTÖR,8699532958273,H01AC01,Pasif,79.08
5803,GENOTROPİN MİNİQUİCK S.C. ENJEKSIYONLUK ÇÖZELTI IÇIN TOZ VE ÇÖZÜCÜ IÇEREN 6.0 IU (2.0 MG) TEK DOZ ENJEKTÖR,8699532958174,H01AC01,Pasif,78.16
5810,GENTA 120MG IM/IV AMPUL,8699508750634,J01GB03,Aktif,81.53
5812,GENTA 160MG IM/IV AMPUL,8699508750641,J01GB03,Aktif,80.73
5816,GENTA 80MG AMPUL,8699508750139,J01GB03,Aktif,82.06
5817,GENTAGUT %0.3 GÖZ VE KULAK DAMLASI,8699569610106,S03AA06,Aktif,76.64
5819,"GENTAMED %0,3 STERIL GÖZ-KULAK DAMLASI",8699828610021,S03AA06,Pasif,91.12
5820,GENTAMED 20 MG/2 ML IM/IV ENJEKSİYONLUK ÇÖZELTİ,8699828750093,J01GB03,Pasif,81.36
5821,GENTAMED 40MG/1 ML IM/IV ENJEKSİYONLUK ÇÖZELTİ,8699828750055,J01GB03,Pasif,77.08
5822,GENTAMED 80MG/2ML İM/İV ENJEKSİYONLUK ÇÖZELTİ,8699828750031,J01GB03,Pasif,75.97
5825,GENTHAVER 160 mg IM/IV infüzyon için solüsyon içeren ampul,8699788751390,J01GB03,Aktif,87.46
5827,GENTHAVER 40 MG/1 ML AMPUL,8699788750430,J01GB03,Pasif,86.27
5829,GENTREKS 120 MG/2 ML IM/IV ENJEKSİYONLUK ÇÖZELTİ İÇEREN AMPUL,8699569750093,J01GB03,Pasif,77.46
5830,GENTREKS 160MG/2 ML IM/IVENJEKSİYONLUK ÇÖZELTİ İÇEREN  AMPUL,8699569750093,J01GB03,Pasif,78.72
5831,GENTREKS 40MG AMPUL,8699569750086,J01GB03,Pasif,81.14
5832,GENTREKS 80 MG/2 ML IM/IV ENJEKSİYONLUK ÇÖZELTİ İÇEREN AMPUL,8699569750093,J01GB03,Pasif,81.02
5844,GERALGINE-M 1000 MG/2 ML IM/IV ENJEKSIYONLUK ÇöZELTI,8680381900247,N02BB02,Aktif,80.03
5849,GERICA 150 MG SERT KAPSÜL,8699293151265,N02BF02,Pasif,94.73
5850,GERICA 225 MG SERT KAPSüL,8699293151241,N02BF02,Pasif,80.56
5851,GERICA 300 MG SERT KAPSÜL,8699293151272,N02BF02,Pasif,94.71
5852,GERICA 75 MG SERT KAPSÜL,8699293151272,N02BF02,Pasif,89.87
5854,GEROFEN FİLM TABLET,8699523340070,M02AA13,Pasif,83.2
5855,GEROFEN JEL %5,8699578341220,M02AA13,Aktif,87.74
5866,GETAMISIN 120 MG/2 ML IM/IV ENJEKSIYON İÇIN ÇÖZELTI İÇEREN AMPUL,8699525750730,J01GB03,Aktif,76.65
5867,GETAMISIN 160 MG/2 ML IM/IV ENJEKSIYON İÇIN ÇÖZELTI İÇEREN AMPUL,8699525750730,J01GB03,Aktif,72.68
5868,GETAMISIN 80 MG/2 ML IM/IV AMPUL,8699525750730,J01GB03,Aktif,83.73
5870,GILENYA 0.5 MG KAPSÜL,8699504150803,L04AE01,Pasif,84.97
5879,GİNLOBA SR 2 MG UZATILMIŞ SALIMLI SERT KAPSÜL,8699541170123,G04BD07,Aktif,72.79
5880,GİNLOBA SR 4 MG UZATILMIŞ SALIMLI SERT KAPSÜL,8699541170123,G04BD07,Aktif,73.51
5881,GIONA EASYHALER 100MCG/DOZ İNHALASYON İÇIN TOZ,8699514558064,R03BA02,Pasif,78.03
5882,GIONA EASYHALER 200MCG/DOZ İNHALASYON İÇIN TOZ,8699514558064,R03BA02,Pasif,78.25
5883,GIONA EASYHALER 400MCG/DOZ İNHALASYON İÇIN TOZ,8699514558088,R03BA02,Pasif,78.21
5896,GLATRO 20 MG/ML SC ENJEKSİYONLUK ÇÖZELTİ İÇEREN KULLANIMA HAZIR ENJEKTÖR,8680199001518,L03AX13,Aktif,79.7
5897,GLATRO 40 MG/ML SC ENJEKSİYONLUK ÇÖZELTİ İÇEREN KULLANIMA HAZIR ENJEKTÖR,8680199001518,L03AX13,Aktif,80.89
5899,GLAZONE 10 MG FILM KAPLı TABLET,8699527091503,A10BK01,Aktif,97.59
5900,GLAZONE 5 MG FILM KAPLı TABLET,8699527091503,A10BK01,Aktif,96.47
5903,"GLEDIS 0,5 MG SERT KAPSüL",8699514150978,L04AE01,Aktif,78.96
5916,GLIFLOMED 10 MG FILM KAPLı TABLET,8680199007862,A10BK03,Aktif,97.1
5917,GLIFLOMED 25 MG FILM KAPLı TABLET,8680199007879,A10BK03,Aktif,97.13
5920,GLIFOR 850 MG FILM TABLET,8699569090366,A10BA02,Aktif,72.89
5925,GLIFOR SR 1000MG UZATILMIŞ SALIMLI TABLET,8699569091677,A10BA02,Pasif,74.74
5926,GLIFOR SR 500MG UZATILMIŞ SALIMLI TABLET,8699569091509,A10BA02,Pasif,74.53
5928,GLIMATINE 400 MG FILM KAPLI TABLET,8680030190111,L01EA01,Aktif,93.02
5929,GLIMAX 1 MG TABLET,8699543010304,A10BB12,Aktif,95.37
5930,GLIMAX 2 MG TABLET,8699543010328,A10BB12,Aktif,95.38
5931,GLIMAX 3 MG TABLET,8699543010342,A10BB12,Aktif,95.43
5932,GLIMAX 4 MG TABLET,8699543010434,A10BB12,Aktif,95.41
5957,GLISIN IRRIGASYON SOLÜSYONU %1.5 BIOFLEKS,8699788680034,B05CX03,Aktif,71.14
5961,GLİVEC 100 MG FİLM KAPLI TABLET,8699504091014,L01EA01,Pasif,70.99
5962,GLİVEC 400 MG FİLM KAPLI TABLET,8699504091014,L01EA01,Pasif,73.6
5969,GLOCOPROST %0.005 GÖZ DAMLASI,8699293611219,S01EE01,Pasif,80.9
5970,"GLOGER % 0.15 GöZ DAMLASı, ÇöZELTI",8699702613094,S01EA05,Aktif,79.54
5972,GLUCAGEN HYPOKİT 1 MG ENJEKSİYONLUK ÇÖZELTİ İÇİN TOZ VE ÇÖZÜCÜ,8699676790326,H04AA01,Aktif,74.1
5973,GLUCAR 100 MG TABLET,8699828010685,A10BF01,Pasif,74.33
5974,GLUCAR 50 MG TABLET,8699828010715,A10BF01,Pasif,74.13
5975,GLUCOBAY 100 MG TABLET,8699546010417,A10BF01,Aktif,79.43
5976,GLUCOBAY 50 MG TABLET,8699546011827,A10BF01,Aktif,79.3
5977,GLUCOTARD 1000 MG FİLM KAPLI TABLET,8699828091240,A10BA02,Aktif,77.55
5978,GLUCOTARD 850 MG FİLM KAPLI TABLET,8699828091240,A10BA02,Aktif,70.82
5979,GLUCOTROL XL 10 MG KONTROLLÜ SALIM TABLETI,8699532031006,A10BB07,Pasif,81.01
5980,GLUCOTROL XL 5 MG KONTROLLÜ SALIM TABLETI,8699532031006,A10BB07,Pasif,81.75
5983,GLUFORCE 1000 MG FILM KAPLI TABLET,8699578091224,A10BA02,Pasif,89.76
5984,GLUFORCE 850 MG FILM TABLET,8699578091217,A10BA02,Pasif,90.01
5986,GLUKOFEN 1000 MG FİLM TABLET,8699516097851,A10BA02,Aktif,70.72
5987,GLUKOFEN 1000 MG FİLM TABLET(SANDOZ İLAÇ SAN. VE TİC. A.Ş.),8699516097851,A10BA02,Aktif,72.18
5990,GLUKOFEN 850 MG FİLM TABLET(SANDOZ İLAÇ SAN. VE TİC. A.Ş.),8699503030120,A10BA02,Aktif,71.18
5991,GLUMACİD 200 MG DAĞILABILIR TABLET,8699738070052,A16AA05,Aktif,77.94
5992,GLUMIKRON TABLET,8699566015201,A10BB09,Pasif,75.2
5993,GLUMIKRON TABLET,8699566015201,A10BB09,Pasif,73.09
6000,"GLYNETIL %0.3 GöZ DAMLASı, ÇöZELTI",8680199610253,S01AA23,Aktif,88.17
6004,GLYPRESSIN 1 MG ENJEKSIYONLUK ÇÖZELTI İÇIN TOZ VE ÇÖZÜCÜ,8697621790087,H01BA04,Aktif,84.8
6005,GLYPRESSIN 1 MG ENJEKSIYONLUK ÇÖZELTI İÇIN TOZ VE ÇÖZÜCÜ,8697621790087,H01BA04,Aktif,92.54
6006,GLYPRESSIN 1MG/8.5ML IV ENJEKSIYONLUK ÇÖZELTI İÇEREN AMPUL,8697621750364,H01BA04,Pasif,93.53
6007,GLYXAMBI 10 MG / 5 MG FILM KAPLı TABLET,8699693090133,A10BD19,Aktif,96.79
6008,GLYXAMBI 25 MG / 5 MG FILM KAPLı TABLET,8699693090140,A10BD19,Pasif,96.82
6009,GLYXAR 10 MG FİLM KAPLI TABLET,8699543092577,A10BK01,Aktif,84.18
6010,GLYXAR 5 MG FİLM KAPLI TABLET,8699543092577,A10BK01,Aktif,83.15
6014,GOLYTELY 236 G ORAL ÇöZELTI HAZıRLAMAK İçIN TOZ,8684269940035,A06AD65,Aktif,71.38
6015,GONAL-F 1050 IU/1.75 ML ENJEKSIYONLUK ÇöZELTI İçIN TOZ VE ÇöZüCü,8699777790157,G03GA05,Pasif,81.31
6019,"GONAPEPTYL 0,1 MG/ML ENJEKTABL SOLÜSYON",8697621950528,L02AE04,Pasif,93.94
6020,GOPTEN 0.5 MG SERT KAPSÜL,8699548152719,C09AA10,Aktif,80.96
6021,GOPTEN 2 MG SERT KAPSÜL,8699548152702,C09AA10,Aktif,80.73
6022,GOPTEN FORTE 4 MG KAPSüL,8699548151637,C09AA10,Aktif,83.83
6024,GOYART 35 MG FILM KAPLI TABLET,8699293091226,M05BA07,Pasif,71.37
6029,GRANEXA 1 MG FILM TABLET,8699586092350,A04AA02,Aktif,90.71
6030,GRANEXA 2 MG FILM TABLET,8699586092367,A04AA02,Aktif,91.0
6031,GRANEXA 3 MG/ 3 ML I.V. INFÜZYON ÇÖZELTISI IÇEREN AMPUL,8699586752377,A04AA02,Pasif,94.12
6032,GRANIDUR 3 MG/3 ML IV ENJEKSIYONLUK/İNFÜZYONLUK ÇÖZELTI,8699587753670,A04AA02,Pasif,79.07
6035,GRANİTRON 1 MG FILM TABLET,8699828091301,A04AA02,Aktif,85.17
6036,GRANİTRON 2 MG FILM TABLET,8699828091318,A04AA02,Aktif,85.51
6037,GRANİTRON 2 MG FILM TABLET,8699828091318,A04AA02,Aktif,84.94
6038,GRANİTRON 3 MG/3ML İ.V. ENJEKSIYONLUK ÇöZELTI İçEREN AMPUL,8699828750710,A04AA02,Aktif,76.01
6040,GRATRYL 3MG/ML IV İNFÜZYON İÇIN ÇÖZELTI İÇEREN AMPUL,8681697750069,A04AA02,Pasif,79.23
6041,GRAVİS 2.5 MG FILM TABLET,8699536091204,N02CC03,Pasif,71.1
6042,GRAVİS 5 MG FILM TABLET,8699536091235,N02CC03,Pasif,70.66
6044,"GRELINE  0,5  MG  SERT  KAPSüL",8699738150051,L01XX35,Aktif,81.77
6056,GRİPİN BEBE 120MG/5ML PEDİYATRİK ŞURUP,8699612570050,N02BE01,Aktif,70.03
6065,GROT 50MG/2ML IM/IV ENJEKSİYONLUK ÇÖZELTİ İÇEREN AMPUL,8680008750125,M01AE17,Aktif,70.73
6066,GUAGO 1 MG UZATıLMış SALıMLı TABLET,8699738030056,C02AC02,Aktif,79.05
6067,GUAGO 2 MG UZATıLMış SALıMLı TABLET,8699738030070,C02AC02,Aktif,79.1
6068,GUAGO 3 MG UZATıLMış SALıMLı TABLET,8699738030094,C02AC02,Aktif,79.16
6069,GUAGO 4 MG UZATıLMış SALıMLı TABLET,8699738030100,C02AC02,Aktif,79.16
6072,GYNO CANESTEN 150 MG VAJINAL TABLET,8699546100354,G01AF02,Aktif,90.93
6074,GYNO-FEM 600 MG VAJINAL  YUMUşAK KAPSüL,8681689328191,G01AF12,Aktif,76.21
6075,GYNO-FEM 600 MG VAJİNAL YUMUŞAK KAPSÜL,8680381900094,G01AF12,Pasif,79.69
6076,GYNO-LOMEXIN %2  KREM,8699559360011,G01AF12,Aktif,75.25
6077,GYNO-LOMEXIN 600 MG OVÜL,8699559900019,G01AF12,Aktif,78.16
6078,GYNO-TRAVOGEN 600MG OVÜL,8699546904662,G01AF07,Aktif,75.78
6079,GYNO-TROSYD 100 MG VAJINAL TABLET,8681308431004,G01AF08,Pasif,71.34
6082,"GYNOFERON DEPO 80 MG/0,35 MG KAPLI TABLET",8699828140023,B03AD03,Aktif,72.29
6084,"GYNOFLOR 50 MG/0,03 MG VAJINAL TABLET",8699514100089,G03CC06,Aktif,72.77
6092,"GYNOTARDYFERON 80 MG/0,35 MG UZATILMIŞ SALIMLI KAPLI TABLET",8699749140027,B03AD03,Aktif,86.05
6096,GYREX 200 MG FILM KAPLI TABLET,8699566096408,N05AH04,Aktif,83.17
6097,GYREX 25 MG FILM  KAPLI TABLET,8699566096385,N05AH04,Aktif,73.97
6099,GYREX 400MG FILM KAPLI TABLET,8699566096538,N05AH04,Aktif,79.24
6102,H-VAC PEDIYATRIK 0.5 ML IM ENJEKSIYON İÇIN SÜSPANSIYON İÇEREN AMPUL,8699839960719,J07BC01,Pasif,70.4
6103,HAEMACCEL INFÜZYON SOLÜSYONU 500 ML,8699769690137,B05AA06,Pasif,73.67
6106,HAEMOCOMPLETTAN P 1 G I.V. ENJEKSİYONLUK/İNFÜZYONLUK ÇÖZELTİ TOZU,4047725118319,B02BB01,Pasif,73.06
6107,HAEMOCTIN SDH 1000  IU/10 ML  IV ENJEKSIYONLUK  ÇöZELTI HAZıRLAMAK IçIN TOZ VE ÇöZüCü,8682109319829,B02BD02,Aktif,70.84
6108,HAEMOCTIN SDH 1000 IU,8699535980707,B02BD02,Pasif,70.1
6113,HALFPRIN 10 MG UZATıLMış SALıMLı TABLET,8699514030409,N07XX07,Aktif,86.42
6121,HARDCIS 20 MG FILM KAPLI TABLET,8699525090355,G04BE08,Aktif,97.62
6122,HARDCİS 5 MG FİLM KAPLI TABLET,8699525090355,G04BE08,Aktif,81.88
6124,HARVONI 90 MG/400 MG FILM KAPLı TABLET,8698760090120,J05AP51,Aktif,98.34
6133,HEACT 30 MG/3 ML SC ENJEKSİYONLUK ÇÖZELTİ İÇEREN KULLANIMA HAZIR ENJEKTÖR,8681735950383,B06AC02,Aktif,77.77
6138,HEDNAVIR 0.5MG FILM KAPLI TABLET,8699717090316,J05AF10,Aktif,83.02
6139,HEDNAVIR 1MG FILM KAPLI TABLET,8699717090309,J05AF10,Aktif,81.71
6143,HELICOBACTER TEST INFAI ( 13C-ÜRE) 75 MG ORAL ÇÖZELTI HAZIRLAMAK IÇIN TOZ (NEFES TORBALI),8699801967449,V04CX05,Pasif,83.83
6144,HELICOBACTER TEST INFAI ( 13C-ÜRE) 75 MG ORAL ÇÖZELTI HAZIRLAMAK IÇIN TOZ (TÜPLÜ),8699801967449,V04CX05,Pasif,85.76
6145,HELİCOL 30 MG MİKROPELLET KAPSÜL,8699502160163,A02BC03,Pasif,83.61
6151,HELKORT %2 KREM,8699680350172,D06AX01,Aktif,75.25
6153,HELMADOL 200 MG FİLM TABLET,8680199092301,P02CA03,Pasif,91.06
6154,HELMADOL 400 MG FİLM TABLET,8680199092387,P02CA03,Pasif,88.89
6156,"HEMANGİOL 3,75 MG/ML ORAL ÇÖZELTİ",8681349103038,C07AA05,Aktif,91.41
6157,"HEMLIBRA 105 MG/0,7 ML S.C. ENJEKSIYONLUK ÇÖZELTİ(ÜRETİM YERİ CHUGAI)",8699505773506,B02BX06,Aktif,89.0
6158,"HEMLIBRA 105 MG/0,7 ML S.C. ENJEKSIYONLUK ÇÖZELTİ(ÜRETİM YERİ SAMSUNG)",8699505773506,B02BX06,Aktif,85.96
6159,HEMLIBRA 150 MG/1 ML S.C. ENJEKSIYONLUK ÇÖZELTI(ÜRETİM YERİ CHUGAI),8699505773247,B02BX06,Aktif,88.05
6160,HEMLIBRA 150 MG/1 ML S.C. ENJEKSIYONLUK ÇÖZELTI(ÜRETİM YERİ SAMSUNG),8699505773247,B02BX06,Aktif,84.85
6161,HEMLIBRA 30 MG/1 ML S.C. ENJEKSIYONLUK ÇÖZELTI(ÜRETİM YERİ CHUGAI),8699505773544,B02BX06,Aktif,88.1
6162,HEMLIBRA 30 MG/1 ML S.C. ENJEKSIYONLUK ÇÖZELTI(ÜRETİM YERİ SAMSUNG),8699505773544,B02BX06,Aktif,84.86
6163,"HEMLIBRA 60 MG/0,4 ML S.C. ENJEKSIYONLUK ÇÖZELTİ (ÜRETİM YERİ CHUGAI)",8699505773551,B02BX06,Aktif,88.33
6164,"HEMLIBRA 60 MG/0,4 ML S.C. ENJEKSIYONLUK ÇÖZELTİ (ÜRETİM YERİ SAMSUNG)",8699505773551,B02BX06,Aktif,85.13
6172,HEPA-TAF 25 MG FİLM KAPLI TABLET,8699580090796,J05AF13,Aktif,82.53
6173,HEPABULIN SN 2.000 IU/10 ML IV ENJEKSIYONLUK ÇöZELTI,8681735980809,J06BB04,Aktif,90.58
6174,HEPAGAM B 1560 IU/5 ML ENJEKSİYONLUK/İNFÜZYONLUK ÇÖZELTİ,8699733980073,J06BB04,Aktif,79.12
6175,HEPAGAM B 312 IU/1 ML ENJEKSİYONLUK/İNFÜZYONLUK ÇÖZELTİ,8699733980059,J06BB04,Aktif,78.62
6176,"HEPAGARD 0,5 MG FİLM KAPLI TABLET",8699536092980,J05AF10,Aktif,74.55
6177,HEPAGARD 1 MG FİLM KAPLI TABLET,8699536093000,J05AF10,Aktif,74.26
6182,HEPARİN SODYUM PANPHARMA 25.000 IU/5 ML I.V. ENJEKSİYONLUK SOLÜSYON İÇEREN FLAKON,8699844770013,B01AB01,Pasif,71.0
6183,HEPARİNUM 25.000 IU/5 ML IV ENJEKSİYONLUK ÇÖZELTİ İÇEREN FLAKON,8681697770029,B01AB01,Pasif,76.2
6184,HEPARX 25.000 IU/ 5 ML IV/SC ENJEKSIYONLUK/İNFüZYONLUK ÇöZELTI,8699814770050,B01AB01,Pasif,84.24
6186,HEPATECT CP 2000 IU/40 ML IV İNFÜZYONLUK ÇÖZELTİ,8699535980547,J06BB04,Aktif,88.22
6187,HEPATECT CP 500 IU/10 ML IV İNFÜZYON İÇİN ÇÖZELTİ İÇEREN FLAKON,8699535980516,J06BB04,Aktif,84.14
6188,HEPATITIS B İMMUNOGLOBULIN P BEHRING 200 IU/1 ML IM KULLANIMA HAZIR ENJEKTÖRDE ENJEKSİYONLUK ÇÖZELTİ,4047725118326,J06BB04,Pasif,96.2
6193,HEPAZEC 200 MG FILM TABLET,8699680091280,A07AA11,Aktif,78.47
6197,HEPBQUİN 500 IU/5 ML IM ENJEKSİYONLUK ÇÖZELTİ İÇEREN FLAKON,8699823980129,J06BB04,Pasif,70.8
6205,HERCEPTİN 150 MG İNFÜZYONLUK ÇÖZELTİ İÇİN KONSANTRE TOZ,8699505792330,L01FD01,Aktif,76.16
6206,HERCEPTIN 600 MG/5 ML S.C. ENJEKSIYONLUK ÇöZELTI,8699505792330,L01FD01,Aktif,86.8
6208,HERNOVIR % 5 KREM,8699540350212,D06BB03,Pasif,80.28
6210,HERNOVIR 400 MG TABLET,8699540010451,J05AB01,Pasif,80.71
6215,HERZUMA 150 MG  IV İNFüZYONLUK ÇöZELTI HAZıRLAMADA KULLANILACAK KONSANTRE IÇIN TOZ,8680614140136,L01FD01,Aktif,93.17
6218,HEXARIN 25.000 IU/5 ML IV/SC  ENJEKSIYONLUK ÇöZELTI,8681735770141,B01AB01,Aktif,77.83
6225,HIBOR 10.000 IU/0.4 ML KULLANIMA HAZIR ENJEKTÖR,8699769950071,B01AB12,Aktif,80.09
6226,HIBOR 2500 IU/0.2 ML KULLANIMA HAZIR ENJEKTÖR,8699769950088,B01AB12,Pasif,93.04
6227,HIBOR 3500 IU/0.2 ML KULLANIMA HAZIR ENJEKTÖR,8699769950095,B01AB12,Pasif,93.25
6228,HIBOR 5.000 IU/0.2 ML KULLANIMA HAZIR ENJEKTÖR,8699769950101,B01AB12,Aktif,80.35
6229,HIBOR 7500 IU/0.3 ML KULLANIMA HAZIR ENJEKTÖR,8699769950064,B01AB12,Aktif,93.28
6241,HİERO 500 MG FİLM KAPLI TABLET,8699738090487,V03AC02,Aktif,71.24
6243,HİLOS FORT 100 MG FİLM TABLET,8699540093034,C09CA01,Pasif,70.61
6245,HIPER-AMONEMIX 940 MG/G GRANüL,8699708200540,A16AX03,Pasif,73.14
6247,HİPERSAR 10 MG FİLM KAPLI TABLET,8699832090079,C09CA08,Aktif,71.62
6248,HIPERSAR 10 MG FILM TABLET,8699832090079,C09CA08,Aktif,71.97
6249,HİPERSAR 20 MG FİLM KAPLI TABLET,8699832090093,C09CA08,Aktif,71.7
6250,HIPERSAR 20 MG FILM TABLET,8699832090093,C09CA08,Aktif,72.08
6251,HİPERSAR 40 MG FİLM KAPLI TABLET,8699832090116,C09CA08,Aktif,72.04
6252,HIPERSAR 40 MG FILM TABLET,8699832090116,C09CA08,Aktif,72.44
6253,HIPERSAR COMBO 20/5 MG FILM TABLET,8699832090307,C09DB02,Pasif,77.38
6254,HIPERSAR COMBO 40/10 MG FILM TABLET,8699832090321,C09DB02,Pasif,77.69
6255,HIPERSAR COMBO 40/5 MG FILM TABLET,8699832090314,C09DB02,Pasif,77.58
6271,HIPPURIN 1 G FILM KAPLI TABLET,8699559090321,J01XX05,Aktif,74.28
6282,"HIRELIX FORTE %0,445 JEL",8683256340018,C05BA01,Aktif,73.94
6287,HITRIZIN 1 MG/ML SURUP,8699525572400,R06AE07,Aktif,70.99
6288,HITRIZIN 10 MG FILM TABLET,8699525092366,R06AE07,Aktif,71.2
6290,HIVERAC 245 MG FILM KAPLI TABLET,8699680090528,J05AF07,Aktif,73.86
6302,HİZENTRA 1 G/5 ML S.C. UYGULAMA İÇİN ENJEKSİYONLUK ÇÖZELTİ,8681624980200,J06BA01,Aktif,76.1
6303,HİZENTRA 10 G/50 ML S.C. UYGULAMA İÇİN ENJEKSİYONLUK ÇÖZELTİ,8681624980279,J06BA01,Aktif,76.17
6304,HİZENTRA 2 G/10 ML S.C. UYGULAMA İÇİN ENJEKSİYONLUK ÇÖZELTİ,8681624980217,J06BA01,Aktif,76.12
6305,HİZENTRA 4 G/20 ML S.C. UYGULAMA İÇİN ENJEKSİYONLUK ÇÖZELTİ,8681624980224,J06BA01,Aktif,76.16
6306,HOLOXAN 1 G IV İNFÜZYONLUK ÇÖZELTİ HAZIRLAMAK İÇİN TOZ,8681413881084,L01AA06,Aktif,86.6
6307,HOLOXAN 2G IV İNFÜZYONLUK ÇÖZELTİ HAZIRLAMAK İÇİN TOZ,8681413881091,L01AA06,Aktif,83.17
6308,HOLOXAN 500 MG IV İNFÜZYONLUK ÇÖZELTİ HAZIRLAMAK İÇİN TOZ,8681413881077,L01AA06,Aktif,86.69
6309,HOMOSİSTİNEX® 1 G  ORAL TOZ,8699708200557,A16AA06,Pasif,74.75
6310,HUMALOG 100 IU/ML 10 ML çöZELTI IçEREN FLAKON,8699673774169,A10AD04,Pasif,80.0
6311,HUMALOG 100 IU/ML 3 ML çöZELTI IçEREN KARTUş,8699673954226,A10AB04,Aktif,76.68
6313,HUMALOG KWIKPEN 100 U/ML S.C. KULLANıMA HAZıR çöZELTI IçEREN ENJEKSIYON KALEMI,8699673954530,A10AB04,Aktif,84.81
6314,HUMALOG KWIKPEN 100 U/ML S.C. KULLANıMA HAZıR çöZELTI IçEREN ENJEKSIYON KALEMI,8699673954530,A10AB04,Aktif,84.81
6315,HUMALOG KWİKPEN 200 U/ML ENJEKSİYONLUK ÇÖZELTİ İÇEREN KULLANIMA HAZIR KALEM,8699673954530,A10AB04,Aktif,75.38
6316,HUMALOG MIX25 100 IU/ML 3 ML SüSPANSIYON IçEREN KARTUş,8699673774169,A10AD04,Pasif,81.5
6317,HUMALOG MIX25 100 U/ML SÜSPANSIYON İÇEREN FLAKON,8699673774169,A10AD04,Pasif,82.79
6319,HUMALOG MIX25 KWIKPEN 100 U/ML S.C. KULLANıMA HAZıR SüSPANSIYON IçEREN ENJEKSIYON KALEMI,8699673954530,A10AB04,Aktif,76.58
6320,HUMALOG MIX25 KWIKPEN 100 U/ML SC KULLANIMA HAZIR SÜSPANSİYON İÇEREN ENJEKSİYON KALEMİ,8699673954271,A10AD04,Aktif,72.28
6321,HUMALOG MIX50 100 IU/ML 3 ML SüSPANSIYON IçEREN KARTUş,8699673774169,A10AD04,Pasif,79.85
6322,HUMALOG MIX50 100 U/ML S.C. SÜSPANSIYON İÇEREN KARTUŞ,8699673954202,A10AD04,Aktif,80.61
6323,HUMALOG MIX50 KWIKPEN 100 U/ML S.C. KULLANıMA HAZıR SüSPANSIYON IçEREN ENJEKSIYON KALEMI,8699673954530,A10AB04,Aktif,76.68
6324,HUMALOG MİX50 KWIKPEN 100 U/ML SC KULLANIMA HAZIR SÜSPANSİYON İÇEREN ENJEKSİYON KALEMİ,8699673954301,A10AB04,Aktif,71.08
6325,HUMAN ALBUMIN %20 BEHRING (DÜŞÜK TUZ) 100 ML IV INFÜZYON IÇIN ÇÖZELTI IÇEREN FLAKON,8681624980125,B05AA01,Aktif,94.95
6326,HUMAN ALBUMIN %20 BEHRING (DÜŞÜK TUZ) 50 ML IV INFÜZYON IÇIN ÇÖZELTI IÇEREN FLAKON,8681624980125,B05AA01,Aktif,94.4
6327,HUMAN ALBUMİN %20 TAKEDA 100 ML IV İNFÜZYON İÇİN  ÇÖZELTİ İÇEREN FLAKON,8681429550110,B05AA01,Aktif,82.93
6328,HUMAN ALBUMIN %20 TAKEDA FLEXBUMIN 100 ML IV İNFüZYON İÇİN ÇÖZELTİ İÇEREN TORBA,8681429550127,B05AA01,Pasif,87.12
6331,HUMAN ALBUMIN OCTAPHARMA %20 100ML IV INFÜZYON IÇIN ÇÖZELTI IÇEREN FLAKON,8699686690012,B05AA01,Pasif,88.61
6332,HUMAN ALBUMIN OCTAPHARMA %20 50ML IV INFÜZYON IÇIN ÇÖZELTI IÇEREN FLAKON,8699686690012,B05AA01,Pasif,88.87
6333,HUMİRA 20 MG/0.2 ML ENJEKSİYONLUK ÇÖZELTİ İÇEREN KULLANIMA HAZIR ENJEKTÖR,8680656080414,L04AB04,Aktif,76.74
6334,"HUMİRA 40 MG/0,4 ML ENJEKSİYONLUK ÇÖZELTİ İÇEREN KULLANIMA HAZIR ENJEKTÖR",8680656080414,L04AB04,Aktif,75.56
6335,HUMIRA ENJEKSIYONLUK ÇÖZELTI İÇEREN(ADALIMUMAB 40 MG/0.8 ML) KULLANIMA HAZIR ENJEKTÖR,8680656080414,L04AB04,Aktif,93.97
6336,"HUMİRA PEN 40 MG/0,4 ML ENJEKSİYONLUK ÇÖZELTİ İÇEREN KULLANIMA HAZIR KALEM",8680656080421,L04AB04,Aktif,74.56
6344,"HYAVIT-D3 150.000 I.U./10 ML ORAL DAMLA, ÇöZELTI",8682764002081,A11CC05,Aktif,70.77
6353,HYMPAVZI 150 MG/ML ENJEKSIYONLUK ÇöZELTI İçEREN KULLANıMA HAZıR KALEM,8681308951038,B02BX11,Aktif,92.81
6356,HYPERHEP B 1 ML IM ENJEKSIYON IÇIN ÇÖZELTI IÇEREN KULLANIMA HAZIR ENJEKTÖR,8699738981099,J06BB04,Pasif,70.39
6357,HYPERHEP B 5 ML IM ENJEKSIYON IÇIN ÇÖZELTI IÇEREN FLAKON,8699769980184,J06BB04,Pasif,74.1
6358,HYPERIUM 1 MG TABLET,8699552010524,C02AC06,Aktif,86.08
6359,HYPERRHO S/D RHO(D) IMMUNGLOBULIN(INSAN) 1500 IU(300 MCG) FULL DOZ IM ENJEKSIYON IÇIN ÇÖZELTI IÇEREN KULLANIMA HAZIR ENJEKTÖR,8699769980139,J06BB01,Pasif,72.81
6365,HYRIMOZ 40 MG/0.8 ML ENJEKSIYONLUK ÇÖZELTI  İÇEREN KULLANIMA HAZIR ENJEKTÖR,8681428951505,L04AB04,Aktif,90.53
6366,HYRIMOZ 40 MG/0.8 ML ENJEKSIYONLUK ÇÖZELTI İÇEREN KULLANIMA HAZIR KALEM,8681428951505,L04AB04,Aktif,96.47
6367,"HYRıMOZ 40 MG/0,4 ML ENJEKSIYONLUK ÇöZELTI  İçEREN KULLANıMA HAZıR KALEM",8681428951505,L04AB04,Aktif,91.58
6368,"HYRıMOZ 80 MG/0,8 ML ENJEKSIYONLUK ÇöZELTI  İçEREN KULLANıMA HAZıR KALEM",8681428951505,L04AB04,Aktif,90.42
6372,HYTRIN BP TEDAVIYE BAŞLAMA PAKETI-KT,8699548011146,G04CA03,Aktif,78.14
6373,HYZAAR 100/12.5 MG FİLM KAPLI TABLET,8683280337213,C09DA01,Aktif,70.3
6375,HYZAAR FORT 100 MG / 25 MG FİLM KAPLI TABLET,8683280337251,C09DA01,Aktif,73.51
6384,IBU PHARMA BIOS 600 MG DEğIşTIRILMIş SALıMLı TABLET,8684214030019,M01AE01,Aktif,91.35
6385,İBU-BABY 125 MG SUPOZİTUVAR,8699591890088,M01AE01,Aktif,76.67
6386,İBU-BABY 60 MG SUPOZİTUVAR,8699591890088,M01AE01,Aktif,78.63
6387,İBU-FORT 200 MG/5 ML SÜSPANSIYON,8699591700233,M01AE01,Aktif,80.82
6389,IBUACTIVE % 5 KREM,8680760350021,M02AA13,Aktif,73.63
6394,İBUFEN 100MG/5ML PEDIATRIK ŞURUP,8699548570759,M01AE01,Aktif,86.74
6395,İBUJEZIK BABY 60 MG SUPOZITUVAR,8680150890021,M01AE01,Aktif,90.39
6398,İBUPROFEN-PF 400 MG/4 ML I.V. İNFÜZYONLUK ÇÖZELTİ,8699606776666,M01AE01,Aktif,81.64
6399,İBUPROFEN-PF 800 MG/8 ML I.V. İNFÜZYONLUK ÇÖZELTİ,8699606776673,M01AE01,Aktif,82.14
6408,İBUTRİT 400 MG FILM TABLET,8699828090038,M01AE01,Pasif,71.32
6410,ICARUS 20 MG AĞIZDA DAĞILAN FİLM,8681735070227,G04BE08,Pasif,86.51
6421,İDEBEX 45 MG FILM TABLET,8680881093579,N06BX13,Aktif,73.08
6422,İDEBEX 90 MG FILM TABLET,8680881093593,N06BX13,Aktif,72.83
6450,İESPOR 1000 MG IM ENJEKSIYONLUK ÇöZELTİ HAZIRLAMAK İÇİN TOZ VE ÇÖZÜCÜ,8699508270576,J01DB04,Aktif,72.73
6451,İESPOR 1000 MG IM/IV ENJEKSIYONLUK ÇöZELTI HAZIRLAMAK İÇİN TOZ VE ÇÖZÜCÜ,8699508270576,J01DB04,Aktif,73.98
6455,İESPOR 500 MG IM/IV ENJEKSIYONLUK ÇöZELTİ HAZIRLAMAK İÇİN TOZ VE ÇÖZÜCÜ,8699508270583,J01DB04,Aktif,73.71
6456,IG VENA 1 G/20 ML IV İNFÜZYON İÇİN ÇÖZELTİ,8680972009076,J06BA02,Aktif,74.87
6457,IG VENA 10 G/200 ML IV İNFÜZYON İÇİN ÇÖZELTİ,8680972009076,J06BA02,Aktif,75.88
6458,IG VENA 2.5 G/50 ML IV İNFÜZYON İÇİN ÇÖZELTİ,8680972009076,J06BA02,Aktif,74.41
6459,IG VENA 5 G/100 ML IV İNFÜZYON İÇİN ÇÖZELTİ,8680972009076,J06BA02,Aktif,75.24
6461,İGNIS 15 MG TABLET,8699536011578,N05AX12,Aktif,87.07
6463,İGNIS 30 MG TABLET,8699536011592,N05AX12,Aktif,86.78
6469,İKTU 30MG/3ML ÇÖZELTİ İÇEREN KULLANIMA HAZIR ENJEKTÖR,8699715952142,B06AC02,Aktif,72.89
6470,ILARIS  150  MG/ML  ENJEKSIYONLUK  ÇöZELTI,8699504270075,L04AC08,Aktif,91.52
6471,ILARIS 150 MG/ML ENJEKSIYONLUK ÇöZELTI İçIN TOZ İçEREN FLAKON,8699504270051,L04AC08,Aktif,87.78
6476,"İLIADIN MERCK %0,025 PEDIATRIK SPREY, ÇÖZELTİ",8699563546029,R01AA05,Aktif,73.77
6477,"İLIADIN MERCK %0,05 DOZAJLI SPREY",8699563544902,R01AA05,Aktif,73.42
6478,İLKO MELATONIN 3 MG FILM KAPLI TABLET,8699680092065,N05CH01,Aktif,94.47
6479,İLKSEF 1000 MG IM/IV ENJEKSİYONLUK ÇÖZELTİ HAZIRLAMAK İÇİN TOZ VE ÇÖZÜCÜ,8681281000235,J01DB04,Aktif,82.51
6485,İMAFEN 400 MG FILM KAPLI TABLET,8684201364073,L01EA01,Aktif,73.3
6498,İMAVEC 100 MG KAPSÜL,8699828150534,L01EA01,Aktif,70.45
6499,İMAVEC 400 MG KAPSÜL,8699828150527,L01EA01,Aktif,72.55
6500,IMBRUVICA 140 MG FILM KAPLI TABLET,8699593095580,L01EL01,Aktif,95.67
6501,IMBRUVICA 140 MG SERT KAPSÜL,8699593151224,L01EL01,Aktif,88.08
6502,IMBRUVICA 280 MG FILM KAPLI TABLET,8699593095597,L01EL01,Aktif,95.72
6503,IMBRUVICA 420 MG FILM KAPLI TABLET,8699593095603,L01EL01,Aktif,95.79
6504,IMBRUVICA 560 MG FILM KAPLI TABLET,8699593095610,L01EL01,Aktif,95.72
6505,İMEGERIA  5  MMOL/10  ML  ENJEKSIYONLUK  ÇöZELTI,8699702773101,V08CA02,Aktif,72.13
6506,İMEGERIA  7.5  MMOL/15  ML  ENJEKSIYONLUK  ÇöZELTİ,8699702773118,V08CA02,Aktif,72.88
6507,İMEGERIA 10 MMOL/20 ML ENJEKSIYONLUK çöZELTI,8699702773125,V08CA02,Aktif,72.39
6509,IMFINZI 120 MG/2.4 ML INFÜZYONLUK ÇÖZELTI HAZIRLAMAK İÇİN KONSANTRE(ÜRETİM YERİ:ABD),8699786770805,L01FF03,Aktif,91.77
6510,IMFINZI 120 MG/2.4 ML INFÜZYONLUK ÇÖZELTI HAZIRLAMAK İÇİN KONSANTRE(ÜRETİM YERİ:ALMANYA),8699786770805,L01FF03,Aktif,88.49
6511,IMFINZI 120 MG/2.4 ML INFÜZYONLUK ÇÖZELTI HAZIRLAMAK İÇİN KONSANTRE(ÜRETİM YERİ:İSVEÇ),8699786770805,L01FF03,Aktif,90.07
6512,IMFINZI 500 MG/10 ML İNFÜZYONLUK  ÇÖZELTİ HAZIRLAMAK İÇİN KONSANTRE(ÜRETİM YERİ:İSVEÇ),8699786770904,L01FF03,Aktif,87.84
6513,IMFINZI 500 MG/10 ML İNFÜZYONLUK ÇÖZELTİ HAZIRLAMAK İÇİN KONSANTRE(ÜRETİM YERİ:ABD),8699786770904,L01FF03,Aktif,89.52
6514,IMFINZI 500 MG/10 ML İNFÜZYONLUK ÇÖZELTİ HAZIRLAMAK İÇİN KONSANTRE(ÜRETİM YERİ:ALMANYA),8699786770904,L01FF03,Aktif,86.36
6516,İMİDARA %5 KREM,8680186490394,D06BB10,Aktif,74.34
6517,İMİGRAN 100 MG FİLM TABLET,8699522092918,N02CC01,Aktif,79.91
6518,İMİGRAN 50 MG FİLM TABLET,8699522092901,N02CC01,Aktif,78.18
6528,IMMUNINE 1200 IU/10 ML IV INFÜZYONLUK ÇÖZELTİ IÇIN LIYOFILIZE TOZ IÇEREN FLAKON,8681429550165,B02BD04,Aktif,77.43
6532,IMMUNORHO 300 MCG (1500 IU)/2 ML IM ENJEKSİYON İÇİN LİYOFİLİZE TOZ İÇEREN FLAKON,8680972009083,J06BB01,Aktif,79.3
6533,IMMUTECT  10 G / 200  ML  IV  İNFüZYONLUK ÇÖZELTİ,8699535980851,J06BA02,Aktif,75.18
6534,IMMUTECT  5 G / 100  ML  IV  İNFüZYONLUK ÇÖZELTI,8699535980837,J06BA02,Aktif,74.98
6535,İMNOVİD 1 MG SERT KAPSÜL,8699726151091,L04AX06,Aktif,71.75
6536,İMNOVİD 2 MG SERT KAPSÜL,8699726151107,L04AX06,Aktif,71.76
6537,İMNOVİD 3 MG SERT KAPSÜL,8699726151107,L04AX06,Aktif,70.89
6538,İMNOVİD 4 MG SERT KAPSÜL,8699726151121,L04AX06,Aktif,71.55
6540,İMOVANE 7.5 MG FILM KAPLI TABLET,8699586010231,N05CF01,Aktif,78.48
6543,IMPRIDA 10 MG/160 MG FILM KAPLI TABLET,8699074090035,C09DB01,Pasif,74.6
6552,IMURAN 25 MG FİLM KAPLI TABLET,8699874080090,L04AX01,Aktif,89.39
6553,IMURAN 50 MG FİLM KAPLI TABLET,6091403200931,L04AX01,Pasif,89.34
6559,"INBROXA 150 MCG İNHALASYON TOZU, SERT KAPSüL",8699525558954,R03AC18,Aktif,76.88
6560,"INBROXA 300 MCG İNHALASYON TOZU, SERT KAPSüL",8699525558954,R03AC18,Aktif,74.86
6566,INCURIA 120 MG FILM KAPLI TABLET,8699536091044,A10BX03,Pasif,93.74
6570,INDAPEN FILM TABLET 2.5 MG 30 TB,8699578091811,C03BA11,Pasif,82.77
6578,İNDURİN 2.5 MG TABLET,8699792011336,C03BA11,Aktif,76.91
6579,"İNDURİN SR 1,5 MG SÜREKLİ SALIM SAĞLAYAN FİLM KAPLI TABLET",8699792031518,C03BA11,Pasif,86.1
6580,İNEGY10/10 MG TABLET,8699636010648,C10BA02,Pasif,81.63
6582,İNEGY10/20 MG TABLET,8699636010648,C10BA02,Pasif,82.19
6583,İNEGY10/40 MG TABLET,8699636010662,C10BA02,Pasif,82.36
6585,İNEGY10/80 MG TABLET,8699636010648,C10BA02,Pasif,80.06
6598,İNFEX 40 MG/5 ML ORAL SÜSPANSIYON HAZIRLAMAK IÇIN KURU TOZ,8697927280169,J01DD13,Pasif,70.39
6605,İNFLACORT 0.25 MG/ ML  NEBÜLİZASYON SÜSPANSİYONU,8699569520122,R03BA02,Aktif,73.94
6606,İNFLACORT 0.5 MG/ML NEBÜLİZASYON  SÜSPANSİYONU,8699569520139,R03BA02,Aktif,73.54
6608,İNFLACORT 200 MCG İNHALER KAPSÜL,8699569550075,R03BA02,Pasif,81.39
6609,İNFLACORT 400 MCG İNHALER KAPSÜL,8699569550105,R03BA02,Pasif,81.73
6610,İNFLACORT İNHALER 50 MCG,8699569520030,R03BA02,Pasif,81.92
6615,INFLUVAC 0.5 ML/ IM/SC ENJEKSIYON İÇIN SÜSPANSIYON İÇEREN KULLANIMA HAZIR ENJEKTÖR,8699820960117,J07BB02,Aktif,75.19
6617,INFLUVIRAN 200 MG/20 ML IV İNFüZYONLUK ÇöZELTI HAZıRLAMAK  İçIN KONSANTRE,8681735761040,J05AH03,Aktif,86.05
6618,İNGLEX 120 MG FILM KAPLI TABLET,8699525096470,A10BX03,Aktif,86.83
6629,INLYTA 1 MG FILM KAPLı  TABLET,8681308099181,L01EK01,Aktif,72.27
6630,INLYTA 3 MG FILM KAPLı  TABLET,8681308099211,L01EK01,Aktif,72.49
6631,INLYTA 5 MG FILM KAPLı  TABLET,8681308099198,L01EK01,Aktif,72.29
6632,INLYTA 7 MG FILM KAPLı  TABLET,8681308099235,L01EK01,Aktif,72.73
6641,İNNOHEP 20.000 IU/ML KULLANIMA HAZIR ENJEKTÖR 0.5 ML,8699704952276,B01AB10,Pasif,73.88
6642,INNOHEP 20.000 IU/ML KULLANIMA HAZIR ENJEKTÖR 0.9 ML,8699704952283,B01AB10,Pasif,77.5
6647,İNOBEKS 500 MG TABLET,8680352000198,J05AX05,Aktif,73.44
6648,INREBIC 100 MG SERT KAPSüL,8699726156300,L01EJ02,Aktif,70.35
6651,INSOVEF 1 MG/ML ORAL ÇöZELTI,8680131757305,N05CH01,Aktif,87.28
6652,INSOVEF 2 MG UZATıLMış SALıMLı TABLET,8680131757015,N05CH01,Aktif,89.09
6662,INSULATARD HM 100 IU/ML ENJEKSIYONLUK SüSPANSIYON İçEREN  FLAKON,8699676770489,A10AC01,Pasif,70.33
6666,İNSUPRID  1  MG  TABLET,8680199031294,A10BB12,Pasif,91.66
6667,İNSUPRID 2 MG TABLET,8680199031294,A10BB12,Pasif,85.5
6668,İNSUPRID 3 MG TABLET,8680199031294,A10BB12,Pasif,74.1
6669,İNSUPRID 4 MG TABLET,8680199031317,A10BB12,Pasif,75.45
6670,INTELENCE 100 MG TABLET,8699593015298,J05AG04,Aktif,88.05
6673,İNTRAFEN 400 MG/4 ML İ.V. İNFÜZYON İÇİN ÇÖZELTİ İÇEREN FLAKON,8699783770242,M01AE01,Aktif,79.8
6674,İNTRAFEN 800 MG/8 ML İ.V. İNFÜZYON İÇİN ÇÖZELTİ İÇEREN FLAKON,8699783770259,M01AE01,Aktif,80.36
6676,INTRATECT 10 G/100 ML IV INFüZYONLUK çöZELTI,8682109319843,J06BA02,Pasif,77.77
6679,INTRATECT 20 G/200 ML IV INFüZYONLUK çöZELTI,8682109319850,J06BA02,Pasif,77.62
6681,INTRATECT 5 G/50 ML IV INFüZYONLUK çöZELTI,8682109319843,J06BA02,Pasif,77.25
6682,INVANZ 1 G İM/İV ENJEKSIYON IçIN LIYOFILIZE TOZ,8699636790205,J01DH03,Pasif,81.58
6683,İNVEGA 3 MG UZATILMIŞ SALIMLI TABLET,8699593035760,N05AX13,Aktif,90.0
6684,İNVEGA 6 MG UZATILMIŞ SALIMLI TABLET,8699593035784,N05AX13,Aktif,90.02
6685,İNVEGA 9 MG UZATILMIŞ SALIMLI TABLET,8699593035807,N05AX13,Aktif,90.08
6693,IOMERON 150 SOLÜSYON,8699564772953,V08AB10,Pasif,90.38
6694,IOMERON 200 SOLÜSYON,8699564773066,V08AB10,Pasif,92.7
6695,IOMERON 250 SOLÜSYON,8699564773196,V08AB10,Pasif,90.32
6696,IOMERON 300 SOLÜSYON,8699564772977,V08AB10,Pasif,90.58
6697,IOMERON 350 SOLÜSYON,8699564773066,V08AB10,Pasif,95.74
6698,IOMERON 400 SOLÜSYON,8699564773080,V08AB10,Pasif,90.66
6699,IOPAMIRO 300 SOLÜSYON,8699564772212,V08AB04,Pasif,86.45
6700,IOPAMIRO 370 SOLÜSYON,8699564772311,V08AB04,Pasif,82.01
6703,IPERTEN 20 MG TABLET,8699822010087,C08CA11,Pasif,76.83
6706,İPRABÜL 500 MCG/2 ML NEBÜLİZASYON İÇİN İNHALASYON ÇÖZELTİSİ,8680741520948,R03BB01,Pasif,74.36
6707,"IPRACORT 20 MCG AEROSOL İNHALASYONU, ÇöZELTI",8680199526134,R03BB01,Pasif,71.79
6711,İPRASAL NEBÜLIZASYON IÇIN TEK DOZLUK İNHALASYON ÇÖZELTISI IÇEREN FLAKON,8699569520078,R03AL02,Aktif,75.9
6712,İPRATOM  500MCG/2ML  NEBüLIZASYON  IçIN  TEK  DOZLUK  INHALASYON çöZELTISI IçEREN FLAKON,8699844521080,R03BB01,Aktif,76.71
6714,İPRAVENT 0.5MG /2.5ML + 2.5MG/2.5ML NEBüLIZASYON İçIN İNHALASYON ÇöZELTISI,8680741521174,R03AL02,Aktif,77.63
6715,İPRAVENT 20/100 MCG İNHALASYON İÇİN AEROSOL,8680741520276,R03AL02,Aktif,72.01
6716,İPRAVENTOL STERI-NEB 0.5MG/2.5MG-2.5ML NEBÜLIZASYON İÇIN İNHALASYON ÇÖZELTISI İÇEREN TEK DOZLUK AMPUL,8699638523849,R03AL02,Pasif,70.91
6718,İRBECOR 150 MG FILM TABLET,8699680090276,C09CA04,Aktif,79.39
6719,İRBECOR 300 MG FILM TABLET,8699680090283,C09CA04,Aktif,79.32
6724,İRBEDAY 300MG FILM KAPLI TABLET,8697929091947,C09CA04,Pasif,77.84
6729,IRDA 150 MG FILM TABLET,8699540098459,C09CA04,Aktif,88.7
6730,İRDA 300 MG FİLM TABLET,8699540098503,C09CA04,Aktif,70.3
6731,İRDA 75 MG  FİLM TABLET,8699540098404,C09CA04,Pasif,70.69
6732,İRDAPİN 150 MG/10 MG FİLM KAPLI TABLET,8699262090694,C09DB05,Aktif,70.14
6734,İRDAPİN 300 MG/10 MG  FİLM KAPLI TABLET,8699262090717,C09DB05,Aktif,70.03
6740,IRESSA 250 MG FİLM KAPLI TABLET,8699786092792,L01EB01,Aktif,84.34
6746,IRINOTEKAN HYDROCHLORIDE DBL HOSPIRA 100 MG/5 ML IV INFÜZYON IÇIN KONSANTRE ÇÖZELTI IÇEREN FLAKON,8699643770207,L01CE02,Pasif,76.65
6747,IRINOTEKAN HYDROCHLORIDE DBL HOSPIRA 100 MG/5 ML IV INFÜZYON IÇIN KONSANTRE ÇÖZELTI IÇEREN FLAKON,8699643770207,L01CE02,Pasif,84.68
6761,İRPRESTAN 150MG FİLM TABLET,8699517092237,C09CA04,Pasif,74.82
6762,İRPRESTAN 300 MG FİLM TABLET,8699517092312,C09CA04,Pasif,80.3
6765,ISENTRESS 400 MG FILM KAPLı TABLET,8699636090220,J05AJ01,Aktif,98.91
6770,İSOFLURAN-PF %100 İNHALASYON ÇöZELTISI,8699587652164,N01AB06,Pasif,75.24
6771,ISOFLURANE USP INHALASYON IÇIN SOLÜSYON,8699587652164,N01AB06,Pasif,88.2
6779,İSOPTIN 40MG FILM TABLET,8699548090806,C08DA01,Aktif,81.73
6780,İSOPTİN 5MG/2  ML IV İNFüZYONLUK çöZELTI IçEREN AMPUL,8699548090806,C08DA01,Aktif,70.43
6781,İSOPTIN 80MG FILM TABLET,8699548090820,C08DA01,Aktif,81.39
6783,İSOPTIN KKH 120MG FILM TABLET,8699548030420,C08DA01,Aktif,78.3
6784,İSOPTIN SR 240MG FILM TABLET,8699548031953,C08DA01,Aktif,82.46
6785,İSORAT 20 MG TABLET,8699578011819,C01DA14,Aktif,70.45
6786,İSORAT 40 MG TABLET,8699578011826,C01DA14,Aktif,70.36
6787,İSORDIL 10 MG TABLET,8699638014224,C01DA08,Aktif,73.92
6791,ITRAXYL MİKROPELLET KAPSÜL,8699839150028,J02AC02,Pasif,79.36
6796,IVHEBEX 5000 IU/ 100 ML IV EENJEKSİYON İÇİN LIİYOFİLİZE TOZ  İÇEREN FLAKON,8699538983668,J06BB04,Pasif,72.46
6800,IXIFI 100 MG  I.V. İNFÜZYONLUK ÇÖZELTİ HAZIRLAMADA KULLANILACAK KONSANTRE İÇİN TOZ,8681308771018,L04AB02,Aktif,92.32
6819,İZOTONİK SODYUM KLORÜR %0.9 BİOSEL SOLÜSYONU,8699788690453,B05XA03,Pasif,70.55
6820,İZOTONIK SODYUM KLORüR %0.9 SIBU PHARM ENJEKSIYONLUK ÇöZELTI,8684055798802,B05XA03,Aktif,88.5
6821,İZOTONİK SODYUM KLORÜR BİOSEL SOLÜSYONU %0.9,8699788690453,B05XA03,Pasif,70.55
6827,JADİROX 180 MG FİLM KAPLI TABLET,8699578090289,V03AC03,Aktif,71.68
6828,JADİROX 360 MG FİLM KAPLI TABLET,8699578090296,V03AC03,Aktif,72.48
6829,JADİROX 90 MG FİLM KAPLI TABLET,8699578090272,V03AC03,Aktif,70.38
6830,JAGLİF 10 MG FİLM KAPLI TABLET,8699540030725,A10BK01,Aktif,71.79
6831,JAGLİF 5 MG FİLM KAPLI TABLET,8699540030725,A10BK01,Aktif,70.84
6838,JANUMET 50/1000 MG FILM KAPLI TABLET (ÜRETIM YERI: ABDİ IBRAHİM İLAÇ SAN. VE TİC. A.Ş.),8699636090947,A10BD07,Aktif,79.01
6839,JANUMET 50/1000 MG FILM KAPLI TABLET (ÜRETIM YERI: BİLİM İLAÇ SAN. VE TİC. A.Ş.),8699636090947,A10BD07,Aktif,70.14
6840,JANUMET 50/500 MG FILM KAPLI TABLET (ÜRETIM YERI: ABDİ İBRAHİM İLAÇ SAN. VE TİC. A.Ş.),8699636090923,A10BD07,Aktif,79.48
6841,JANUMET 50/500 MG FILM KAPLI TABLET (ÜRETIM YERI: BİLİM İLAÇ SAN. VE TİC. A.Ş.),8699636090923,A10BD07,Aktif,81.49
6842,JANUMET 50/850 MG FILM KAPLI TABLET (ÜRETIM YERI: ABDİ İBRAHİM İLAÇ SAN. VE TİC.A.Ş.),8699636090930,A10BD07,Aktif,79.67
6843,JANUMET 50/850 MG FILM KAPLI TABLET (ÜRETIM YERI: BİLİM İLAÇ SAN. VE TİC.A.Ş.),8699636090930,A10BD07,Aktif,82.1
6844,JANUVIA 100 MG FILM KAPLı TABLET,8699636090916,A10BH01,Aktif,97.36
6846,JARDİANCE 10 MG FİLM KAPLI TABLET,8699693090119,A10BK03,Aktif,82.11
6847,JARDİANCE 25 MG FİLM KAPLI TABLET,8699693090126,A10BK03,Aktif,84.47
6852,JASİTA 100 MG FİLM KAPLI TABLET,8699540026667,A10BH01,Aktif,84.22
6853,JASİTA 25 MG FİLM KAPLI TABLET,8699540026667,A10BH01,Aktif,81.87
6854,JASİTA 50 MG FİLM KAPLI TABLET,8699540026667,A10BH01,Aktif,82.29
6861,JECTERA 10 MCG  ENJEKSIYONLUK çöZELTI HAZıRLAMAK IçIN LIYOFILIZE  TOZ VE çöZüCü,8699844792077,G04BE01,Aktif,91.96
6862,JECTERA 20 MCG  ENJEKSIYONLUK çöZELTI HAZıRLAMAK IçIN LIYOFILIZE  TOZ VE çöZüCü,8699844792084,G04BE01,Aktif,91.95
6867,JELİGRA 50 MG ORAL JEL İÇEREN SAŞE,8680955340059,G04BE03,Pasif,70.72
6868,JEMPERLI 500 MG/10 ML İNFüZYONLUK ÇöZELTI HAZıRLAMAK İçIN  KONSANTRE,8699522779420,L01FF07,Aktif,90.53
6869,"JEMVY 20 MG/0,4 ML ENJEKSİYONLUK ÇÖZELTİ İÇEREN KULLANIMA HAZIR KALEM",8699074950483,L04AG12,Aktif,84.31
6870,"JEMVY 20 MG/0,4 ML ENJEKSIYONLUK ÇÖZELTI İÇEREN KULLANıMA HAZIR ENJEKTÖR",8699074950483,L04AG12,Aktif,96.63
6871,JERASSİ 3 MG/30 MCG FILM KAPLI TABLET,8699578092016,G03AA12,Aktif,71.46
6872,JERBERA DRAJE,8699839120373,G03AA07,Pasif,85.6
6880,"JETOKAİN 100 MG/ML SPREY, ÇÖZELTİ",8699587513595,N01BB02,Aktif,71.94
6883,"JEVTANA 60 MG/1,5 ML İNFüZYONLUK KONSANTRE ÇöZELTI VE ÇöZüCü",8699809760707,L01CD04,Aktif,80.19
6884,"JİDREN 15 MG + 45 MG TABLET, TEDAVİ PAKETİ",8699578010362,C03XA01,Aktif,72.49
6885,JİDREN 15 MG TABLET,8699578010324,C03XA01,Aktif,81.13
6886,"JİDREN 30 MG + 60 MG TABLET, TEDAVİ PAKETİ",8699578010379,C03XA01,Aktif,71.12
6887,"JİDREN 30 MG + 90 MG TABLET, TEDAVİ PAKETİ",8699578010386,C03XA01,Aktif,71.62
6888,JİDREN 30 MG TABLET,8699578010348,C03XA01,Aktif,80.83
6889,JİDREN 45 MG TABLET,8699578010348,C03XA01,Aktif,76.67
6890,JİNARC 15 MG TABLET,8680683010170,C03XA01,Aktif,91.42
6891,JİNARC 30 MG TABLET,8680683010194,C03XA01,Aktif,91.31
6892,JINETERON 5 MG TABLET,8699578010270,G03DC02,Aktif,81.95
6893,JINKONID 750 MG/200 MG/100 MG VAJINAL OVüL,8681911900010,G01AF20,Aktif,71.31
6894,JINOFEKT 1000 MG VAJINAL YUMUşAK KAPSüL,8680008000107,G01AF12,Aktif,81.57
6895,JINOFEKT 600 MG VAJINAL YUMUşAK KAPSüL,8680008000107,G01AF12,Aktif,83.81
6905,JOSEİ 30 MG TABLET,8699578012267,G03AD02,Aktif,91.25
6907,"JUDEXA 0,5 MG KAPSÜL",8680972615079,L04AE01,Aktif,92.25
6912,JUVELTA 880 MG/1 G GRANÜL,8699527240147,V03AE01,Pasif,73.43
6915,K-MEXADER % 0.1 KREM,8699512008769,D07AC13,Aktif,74.56
6917,K-MEXADER %0.1 MERHEM,8699512120027,D07AC13,Aktif,79.34
6924,KADCYLA 100 MG IV İNFÜZYONLUK ÇÖZELTİ KONSANTRESİ İÇİN TOZ İÇEREN FLAKON,8699505792088,L01FD03,Aktif,86.35
6925,KADCYLA 160 MG INFüZYONLUK çöZELTI KONSANTRESI IçIN TOZ,8699505792095,L01FD03,Aktif,90.21
6927,KAFESIT 20 MG / ML IV ENJEKSIYON IÇIN ÇÖZELTI IÇEREN FLAKON 3 ML,8699591770014,N06BC01,Pasif,75.85
6931,KALADRYL 16 G/120 G+ 2 G/120 G+ 3 G/120 G LOSYON,8699479480011,D04AB01,Pasif,71.34
6932,KALETRA 200 MG/50 MG FİLM KAPLI TABLET,8680656080094,J05AR10,Aktif,80.01
6937,KALMOSAN  % 1 LOSYON,8699512480015,D04AA32,Aktif,72.89
6946,KALSIYUM FOLINAT EBEWE 200MG/ 10 ML ENJEKTABL ÇÖZELTI IÇEREN FLAKON,8699205770027,V03AF03,Pasif,81.59
6947,KALSIYUM FOLINAT EBEWE 30MG/ 3 ML ENJEKTABL ÇÖZELTI IÇEREN FLAKON,8699205770027,V03AF03,Pasif,78.55
6948,KALSIYUM FOLINAT EBEWE 50MG/ 5 ML ENJEKTABL ÇÖZELTI IÇEREN AMPUL,8699205750029,V03AF03,Pasif,80.3
6953,KANFLEKS %20 DEKSTROZ SUDAKI SOLÜSYONU,8699535691337,B05BA03,Pasif,82.17
6955,"KANFLEKS %30 DEKSTROZ SUDAKİ SOLÜSYONU (50 ML, 100 ML, 500 ML VE 1000 ML)",8699535691344,B05BA03,Pasif,80.39
6958,"KANFLEKS %5 DEKSTROZ SUDAKİ SOLÜSYONU (50 ML, 100 ML, 150 ML, 250 ML, 500 ML VE 1000 ML)",8699535691344,B05BA03,Pasif,73.68
6965,KAPEDA 500 MG FILM TABLET,8699828091196,L01BC06,Aktif,74.38
6968,"KAPRAZDİ 1,5 MG SERT KAPSÜL",8699525155801,N05AX15,Aktif,82.63
6969,KAPRAZDİ 3 MG SERT KAPSÜL,8699525158376,N05AX15,Aktif,82.7
6970,"KAPRAZDİ 4,5 MG SERT KAPSÜL",8699525158383,N05AX15,Aktif,82.75
6971,KAPRAZDİ 6 MG SERT KAPSÜL,8699525158390,N05AX15,Aktif,82.73
6972,KAPRIL 25 MG TABLET,8699541010207,C09AA01,Aktif,75.93
6973,KAPTORIL 25 MG TABLET,8699525010797,C09AA01,Aktif,88.2
6974,KAPTORIL 50 MG TABLET,8699525010803,C09AA01,Aktif,88.2
6975,KARAZEPIN 200 MG TABLET,8699792011374,N03AF01,Aktif,86.97
6976,KARAZEPIN 400 MG TABLET,8699792011398,N03AF01,Aktif,87.48
6977,KARBALEX 300 MG UZATILMIŞ SALIMLI TABLET,8699510030106,N03AF01,Pasif,94.16
6978,KARBALEX 600 MG UZATILMIŞ SALIMLI TABLET,8699510030113,N03AF01,Pasif,94.22
6980,KARBEROL 200 MG TABLET,8699523010195,N03AF01,Pasif,74.15
6986,KARDOES PREMIX  2500 MG/250 ML İNFüZYONLUK ÇöZELTI,8699814690099,C07AB09,Pasif,74.74
6987,"KARDORITM  2,5  MG  FILM  KAPLI  TABLET",8699262000198,C07AB07,Aktif,89.61
6988,KARDORITM 10 MG FILM KAPLI TABLET,8699262000198,C07AB07,Aktif,89.67
6989,KARDORITM 5 MG FILM KAPLI TABLET,8699262000198,C07AB07,Aktif,90.37
6996,KARGOCED 200 MG DAĞILABİLİR TABLET,8699540031623,A16AA05,Aktif,78.17
7006,KARUM 75MG FILM TABLET,8699536093024,B01AC04,Aktif,80.48
7007,KARVEA 150 MG FİLM KAPLI TABLET,8699809098008,C09CA04,Aktif,90.96
7008,KARVEA 300 MG FILM KAPLI TABLET,8699809097742,C09CA04,Aktif,94.84
7009,KARVEA 75 MG FILM KAPLI TABLET,8699809097735,C09CA04,Pasif,90.29
7010,KARVEA DUO 150 MG / 10 MG FİLM KAPLI TABLET,8699809098633,C09DB05,Pasif,84.87
7011,KARVEA DUO 150 MG / 5 MG FİLM KAPLI TABLET,8699809098626,C09DB05,Pasif,84.74
7012,KARVEA DUO 300 MG /  10 MG FİLM KAPLI TABLET,8699809098657,C09DB05,Pasif,84.81
7013,KARVEA DUO 300 MG / 5 MG FİLM KAPLI TABLET,8699809098657,C09DB05,Pasif,83.98
7017,KARVEZIDE 300 MG/12.5 MG FILM KAPLI TABLET,8699809097728,C09DA04,Aktif,71.46
7018,KARVEZIDE 300 MG/25 MG FILM KAPLI TABLET,8699809097865,C09DA04,Aktif,74.42
7019,KARZOM 60 MG IV İNFüZYONLUK ÇöZELTI HAZıRLAMAK İçIN TOZ,8681428272105,L01XG02,Aktif,93.14
7028,KEDAY XR 150 MG UZATILMIŞ SALIMLI TABLET,8699540030053,N05AH04,Aktif,71.6
7029,KEDAY XR 200 MG UZATILMIŞ SALIMLI TABLET,8699540030077,N05AH04,Aktif,71.29
7030,KEDAY XR 300 MG UZATILMIŞ SALIMLI TABLET,8699540030091,N05AH04,Aktif,71.68
7031,KEDAY XR 400 MG UZATILMIŞ SALIMLI TABLET,8699540030114,N05AH04,Aktif,71.72
7032,KEDAY XR 50 MG UZATILMIŞ SALIMLI TABLET,8699540030039,N05AH04,Aktif,70.93
7043,KEMOSET 4 MG/2 ML IM/IV ENJEKSİYONLUK ÇÖZELTİ İÇEREN AMPUL,8699525755445,A04AA01,Aktif,93.24
7044,KEMOSET 8 MG/4 ML IM/IV ENJEKSIYONLUK ÇÖZELTI İÇEREN AMPUL,8699525755452,A04AA01,Aktif,97.69
7053,KENGREXAL 50 MG ENJEKSIYONLUK/İNFüZYONLUK ÇöZELTI  HAZıRLAMADA KULLANıLACAK KONSANTRE İçIN TOZ,8699822780447,B01AC25,Aktif,80.79
7054,KENTERA 3.9 MG/24 SAAT TRANSDERMAL FLASTER,8699559810011,G04BD04,Pasif,74.12
7056,KEPPRA 100 MG/ML ORAL ÇÖZELTI,8699624650061,N03AX14,Aktif,79.72
7057,KEPPRA 1000 MG FILM KAPLI TABLET,8699624090089,N03AX14,Aktif,83.46
7058,KEPPRA 250 MG FILM KAPLI TABLET,8699624090065,N03AX14,Aktif,83.46
7059,KEPPRA 500 MG FILM KAPLI TABLET,8699624090072,N03AX14,Aktif,83.29
7060,KERENDİA 10 MG FİLM KAPLI TABLET,8699546094141,C03DA05,Aktif,79.66
7061,KERENDİA 20 MG FİLM KAPLI TABLET,8699546094165,C03DA05,Aktif,79.73
7062,KESTINE 1 MG/ML ŞURUP,8699586572289,R06AX22,Pasif,92.93
7063,KESTINE 10 MG FILM  KAPLI TABLET,8699586092121,R06AX22,Pasif,97.21
7064,KESTINE 10 MG FILM TABLET,8699586572289,R06AX22,Pasif,89.75
7065,KESTİNE 20 MG FILM KAPLı TABLET,8699586092237,R06AX22,Aktif,93.51
7066,KESTINE 20 MG FILM TABLET,8699586092237,R06AX22,Aktif,89.81
7067,KESTINE ŞURUP 1MG/ML,8699586572289,R06AX22,Pasif,93.0
7076,KETAVEL 25 MG FILM TABLET,8699525090331,M01AE17,Aktif,75.9
7077,KETAVEL 50 MG FILM TABLET,8699525099495,M01AE17,Pasif,77.69
7078,KETAVEL 50 MG/2 ML I.M./I.V. ENJEKSIYONLUK   çöZELTI,8699525757906,M01AE17,Aktif,78.47
7081,KETIDOSE 100 MG FILM TABLET,8699516092382,N05AH04,Pasif,71.14
7082,KETIDOSE 200 MG FILM TABLET,8699516092399,N05AH04,Pasif,71.4
7084,KETIDOSE 300 MG FILM TABLET,8699516092405,N05AH04,Pasif,71.8
7086,KETILEPT 150 MG FILM KAPLI TABLET,8697786090060,N05AH04,Pasif,70.5
7090,KETINEL 100 MG FILM KAPLI TABLET,8699578092245,N05AH04,Pasif,72.28
7091,KETINEL 150 MG FILM KAPLI TABLET,8699578092269,N05AH04,Pasif,72.96
7092,KETINEL 200 MG FILM KAPLI TABLET,8699578092283,N05AH04,Pasif,72.57
7093,KETINEL 25 MG FILM KAPLI TABLET,8699578092221,N05AH04,Pasif,72.43
7094,KETINEL 300 MG FILM KAPLI TABLET,8699578092306,N05AH04,Pasif,73.01
7098,KETODERM %2 KREM,8699792352019,D01AC08,Aktif,80.75
7103,KETORAL %2 ŞAMPUAN,8699569560012,D01AC08,Aktif,71.16
7104,KETORAL 200 MG TABLET,8699569010050,J02AB02,Pasif,75.51
7110,KETYA  200 MG FILM TABLET,8699514090274,N05AH04,Pasif,82.78
7112,KETYA 25 MG FILM KAPLI TABLET,8699514090205,N05AH04,Aktif,71.41
7113,KETYA 300 MG FILM KAPLI TABLET,8699514090281,N05AH04,Aktif,72.01
7114,KETYA XR  200  MG  UZATıLMış  SALıMLı  TABLET,8699514030294,N05AH04,Aktif,91.41
7115,KETYA XR  300  MG  UZATıLMış  SALıMLı  TABLET,8699514030300,N05AH04,Aktif,91.55
7116,KETYA XR  400  MG  UZATıLMış  SALıMLı  TABLET,8699514030317,N05AH04,Aktif,91.53
7117,KETYA XR  50  MG  UZATıLMış  SALıMLı  TABLET,8699514030287,N05AH04,Aktif,91.3
7118,KETYA XR 150 MG UZATıLMış SALıMLı TABLET,8699514030447,N05AH04,Aktif,78.46
7120,KEYTRUDA 100 MG/4 ML INFüZYONLUK çöZELTI,8699636080160,L01FF02,Aktif,98.89
7121,KIDMOL 120 MG/5 ML ORAL SüSPANSIYON,8698747700028,N02BE01,Pasif,83.26
7122,KIDMOL 250 MG/5 ML ORAL SüSPANSIYON,8698747700028,N02BE01,Pasif,85.98
7123,KIDYFEN PEDIATRIK SÜSPANSIYON,8680008010649,M01AE01,Pasif,89.72
7135,KIOVIG 10 G/100 ML IV INFÜZYON/SC KULLANIM IÇIN ÇÖZELTI IÇEREN FLAKON,8681429550196,J06BA02,Aktif,71.39
7136,KIOVIG 2.5 G/25 ML IV INFÜZYON/SC KULLANIM IÇIN ÇÖZELTI IÇEREN FLAKON,8681429550172,J06BA02,Aktif,71.42
7139,KIOVIG 5 G/ 50 ML IV INFÜZYON/SC KULLANIM IÇIN ÇÖZELTI IÇEREN FLAKON,8681429550189,J06BA02,Aktif,71.15
7142,KıNERET 100 MG/0.67 ML ENJEKSIYONLUK ÇöZELTI İçEREN KULLANıMA HAZıR ENJEKTöR,8683125910137,L04AC03,Aktif,93.27
7143,KLACID 125 MG/5 ML ORAL SÜSPANSIYON IÇIN GRANÜL,8699548281112,J01FA09,Pasif,84.22
7144,KLACID 125 MG/5 ML ORAL SÜSPANSIYON İÇIN GRANÜL,8699548281112,J01FA09,Pasif,83.22
7146,KLACID 250 MG/5 ML ORAL SÜSPANSIYON İÇIN GRANÜL,8699548281112,J01FA09,Pasif,85.28
7147,KLACID 500 MG FILM KAPLI TABLET,8699548090479,J01FA09,Aktif,81.32
7149,KLACID MR 500 MG DEĞİŞTİRİLMİŞ SALIM TABLET,8699548031601,J01FA09,Pasif,75.54
7151,KLADA 1000 MG VAJINAL YUMUşAK KAPSüL,8684071000156,G01AF12,Aktif,79.86
7157,KLAMAXIN 250MG/5ML ORAL SÜSPANSIYON HAZIRLAMAK İÇIN GRANÜL,8699508280193,J01FA09,Pasif,70.56
7170,KLARİMAX 250 MG FİLM KAPLI TABLET,8683962383286,J01FA09,Aktif,79.55
7171,KLARİMAX 500 MG FİLM KAPLI TABLET,8683962383286,J01FA09,Aktif,77.9
7202,KLAX 250  MG  FİLM  TABLET,8699622090753,J01FA09,Pasif,73.21
7219,"KLOBATE %0,05 KREM",8680061350041,D07AD01,Pasif,80.63
7220,"KLOBATE %0,05 MERHEM",8680061380031,D07AD01,Pasif,81.39
7224,KLODIN 5 MG/5 ML ŞURUP,8699523570118,R06AX13,Pasif,81.74
7226,KLOGEL 75 MG FILM KAPLı TABLET,8697936093347,B01AC04,Aktif,82.93
7229,KLOMEN 50 MG TABLET,8699828010128,G03GB02,Aktif,72.86
7230,KLOPIS 75 MG FILM TABLET,8699517092152,B01AC04,Pasif,84.28
7249,KOLESTOR 10 MG FILM TABLET,8699502091726,C10AA05,Pasif,82.46
7250,KOLESTOR 20 MG FİLM TABLET,8699502091931,C10AA05,Pasif,79.18
7251,KOLESTOR 40 MG FILM TABLET,8699502091948,C10AA05,Pasif,82.8
7252,KOLESTOR 80 MG FILM TABLET,8699502093102,C10AA05,Pasif,83.12
7253,KOLEZ 10 MG TABLET,8699578012229,C10AX09,Pasif,83.3
7256,KOLISTATE 150 MG I.M./I.V. ENJEKSIYON VE İNHALASYON İçIN LIYOFILIZE TOZ İçEREN FLAKON,8699702773026,J01XB01,Aktif,78.38
7257,KOLİSTİPOL 4.500.000 IU IM/IV ENJEKSIYON VE İNHALASYONLUK ÇÖZELTİ HAZIRLAMAK İÇİN TOZ VE ÇÖZÜCÜ,8699606795353,J01XB01,Aktif,79.78
7258,KOLROS 10 MG ÇENTIKLI FILM TABLET,8699502093300,C10AA07,Pasif,76.52
7259,KOLROS 20 MG FILM TABLET,8699502093300,C10AA07,Pasif,82.43
7260,KOLROS 40 MG FILM TABLET,8699502093386,C10AA07,Pasif,82.47
7261,"KOLSIN 0,5 MG FİLM KAPLI TABLET",8699508120253,M04AC01,Aktif,73.0
7267,KOMPLİA 10 MG SERT KAPSüL,8699519150195,L04AX04,Aktif,87.51
7268,KOMPLİA 15 MG SERT KAPSüL,8699519150201,L04AX04,Aktif,87.69
7269,KOMPLİA 25 MG SERT KAPSüL,8699519150218,L04AX04,Aktif,87.68
7270,KOMPLİA 5 MG SERT KAPSüL,8699519150188,L04AX04,Aktif,87.43
7273,KONAZOL % 2 MEDİKAL ŞAMPUAN,8699512560021,D01AC08,Aktif,82.29
7274,KONAZOL %2 KREM,8699512350042,D01AC08,Pasif,83.71
7279,KONSENIDAT 27 MG UZATILMIŞ SALIMLI  TABLET,8699638035601,N06BA04,Aktif,70.45
7280,KONSENIDAT 36 MG UZATILMIŞ SALIMLI  TABLET,8699638035618,N06BA04,Aktif,70.41
7281,KONSENIDAT 54 MG UZATILMIŞ SALIMLI  TABLET,8699638035625,N06BA04,Aktif,71.56
7285,KONTIL 250 MG / 5 ML SÜSPANSIYON,8699570700018,P02CC01,Aktif,78.81
7288,KONVERIL 20 MG TABLET,8699540010505,C09AA02,Pasif,85.47
7289,KONVERİL 5 MG TABLET,8699540010505,C09AA02,Pasif,70.46
7292,KOPAQ 350 MG I/ML ENJEKSİYONLUK ÇÖZELTİ İÇEREN FLAKON,8699715771927,V08AB02,Aktif,74.26
7293,KOPARIN 25000 IU/5 ML IV ENJEKSIYONLUK ÇÖZELTI İÇEREN FLAKON,8699828770428,B01AB01,Aktif,92.33
7294,KORABIN 100 MG/5 ML IV/SC İNTRATEKAL ENJEKSIYON/İNFüZYON İçIN ÇöZELTI İçEREN FLAKON,8699828770534,L01BC01,Aktif,81.6
7295,KORABIN 1000 MG/20 ML IV/SC İNTRATEKAL ENJEKSIYON/İNFüZYON İçIN ÇöZELTI İçEREN FLAKON,8699828770534,L01BC01,Aktif,79.71
7296,KORABIN 40 MG/2 ML IV/SC İNTRATEKAL ENJEKSIYON/İNFüZYON İçIN ÇöZELTI İçEREN FLAKON,8699828770503,L01BC01,Pasif,79.38
7297,KORABIN 500 MG/25 ML IV/SC İNTRATEKAL ENJEKSIYON/İNFüZYON İçIN ÇöZELTI İçEREN FLAKON,8699828770534,L01BC01,Aktif,80.52
7300,KORDEXA 4 MG TABLET,8699828010852,H02AB02,Aktif,70.87
7301,KORDEXA 8 MG TABLET,8699828011019,H02AB02,Aktif,71.02
7302,KORINT 10 MG FILM TABLET,8699536092171,N06DX01,Pasif,85.86
7303,KORINT 10MG/G ORAL DAMLA,8699536590028,N06DX01,Pasif,76.15
7307,"KORTILON-A ORABASE %0,1 MERHEM",8699511410013,A01AC01,Pasif,80.84
7329,"KREVAL 7,5 MG/5 ML ŞURUP",8699559570021,R05DB13,Aktif,75.31
7330,KREVAL FORTE  15 MG/5 ML ŞURUP,8699559570069,R05DB13,Aktif,80.75
7331,"KREVAL MAX 22,5 MG/5 ML ŞURUP",8699559570144,R05DB13,Aktif,82.0
7332,KREVAL SR 50 MG FİLM KAPLI TABLET,8699559030020,R05DB13,Aktif,79.45
7339,KUPHEN 100 MG ÇÖZÜNEBİLİR TABLET,8681198055083,A16AX07,Pasif,80.82
7344,KUVAN 100 MG ÇÖZÜNEBILIR TABLET,8681451379727,A16AX07,Aktif,77.9
7345,KUZELVA 70 MG ENJEKSIYONLUK ÇöZELTI İçEREN  KULLANıMA HAZıR ENJEKTöR,8699074950308,N02CD01,Pasif,96.66
7350,KWELLADA LOTION %5,8699543480039,P03AC04,Aktif,70.46
7351,KWELLADA ŞAMPUAN,8699543560038,P03AC04,Aktif,85.68
7352,"KYLEENA 19,5 MG RAHIM İçI İLAç TAşıYıCı SISTEM",8699546326723,G02BA03,Aktif,74.04
7355,KYPROLİS 60 MG IV ENJEKSİYONLUK ÇÖZELTİ İÇİN TOZ İÇEREN FLAKON,8699862270014,L01XG02,Aktif,72.98
7356,KYPROLIS 60 MG IV ENJEKSİYONLUK ÇÖZELTİ İÇİN TOZ İÇEREN FLAKON,8699862270014,L01XG02,Aktif,75.4
7359,KYTRİL 1 MG FİLM TABLET,8699708011603,A04AA02,Pasif,77.28
7360,KYTRİL 2 MG FİLM TABLET,8699708011610,A04AA02,Pasif,77.49
7361,KYTRİL 3 MG/3 ML I.V. İNFÜZYONLUK  ÇÖZELTİ,8699708751721,A04AA02,Pasif,70.37
7362,L-CETAM 1000 MG FILM TABLET,8699525098047,N03AX14,Pasif,81.21
7363,L-CETAM 250 MG FİLM KAPLI TABLET,8699525097958,N03AX14,Pasif,81.15
7364,L-CETAM 500 MG FİLM KAPLI TABLET,8699525097989,N03AX14,Pasif,80.94
7365,L-CETAM 750 MG FİLM KAPLI TABLET,8699525098016,N03AX14,Pasif,81.88
7366,L-CETAM XR 500 MG UZATILMIŞ SALIMLI TABLET,8699525030023,N03AX14,Pasif,88.59
7367,L-CETAM XR 750 MG UZATILMIŞ SALIMLI TABLET,8699525030030,N03AX14,Pasif,84.75
7371,LACIPIL 4 MG FILM TABLET,8699522092635,C08CA09,Aktif,87.39
7374,LACSELAC  667  MG/ML  ŞURUP,8681986160654,A06AD11,Aktif,75.34
7375,"LACTOSOFT 2,5 MG YUMUşAK KAPSüL",8680199011845,A06AB08,Aktif,84.21
7377,LACTULAC 670 MG/ML ŞURUP,8699828570059,A06AD11,Pasif,76.33
7406,LAKSAFENOL 50 MG TABLET,8699510011105,A06AB04,Aktif,73.43
7421,LAMERİS 800 MG FİLM KAPLI TABLET,8699514094098,V03AE02,Aktif,77.41
7422,LAMICTAL DC 100 MG ÇÖZÜNÜR/ÇIĞNEME TABLETI,8699522072545,N03AX09,Aktif,88.74
7423,LAMICTAL DC 200 MG ÇÖZÜNÜR/ÇIĞNEME TABLETI,8699522076192,N03AX09,Aktif,88.8
7424,LAMICTAL DC 25 MG ÇÖZÜNÜR/ÇIĞNEME TABLETI,8699522072538,N03AX09,Aktif,88.77
7425,LAMICTAL DC 5 MG ÇÖZÜNÜR/ÇIĞNEME TABLETI,8699522072569,N03AX09,Aktif,83.77
7426,LAMICTAL DC 50 MG ÇÖZÜNÜR/ÇIĞNEME TABLETI,8699522076185,N03AX09,Aktif,88.71
7436,LANİCZOL 5 MG/100 ML IV İNFÜZYON İÇİN KONSANTRE ÇÖZELTİ İÇEREN FLAKON,8699369070124,M05BA08,Aktif,75.87
7437,LANSARA 30 MG ENTERİK MİKROPELLET KAPSÜL,8699033160304,A02BC03,Pasif,80.84
7438,LANSAZOL 15 MG MIKROPELLET KAPSÜL,8699516153984,A02BC03,Pasif,97.26
7439,LANSAZOL 30 MG MIKROPELLET KAPSÜL,8699516154080,A02BC03,Pasif,97.23
7441,LANSOPROL 15 MG ENTERİK KAPLI MİKROPELLET KAPSÜL,8699540160453,A02BC03,Aktif,82.4
7442,LANSOPROL 30 MG ENTERİK KAPLI MİKROPELLET KAPSÜL,8699540160415,A02BC03,Aktif,80.56
7443,LANSOR 15 MG MİKROPELLET KAPSÜL,8699536160078,A02BC03,Aktif,85.44
7444,LANSOR 30 MG MİKROPELLET KAPSÜL,8699536160085,A02BC03,Aktif,84.9
7445,LANSOTER 30 MG MİKROPELLET KAPSÜL,8699792152725,A02BC03,Aktif,93.13
7446,LANSOTER 30 MG MİKROPELLET KAPSÜL - TOPRAK,8699792152725,A02BC03,Aktif,89.11
7449,LANVIS 40 MG TABLET,8699874080380,L01BB03,Aktif,99.29
7451,LANZEDİN 30 MG ENTERIK KAPLı MIKROPELLET İçEREN KAPSüL,8699578162429,A02BC03,Aktif,87.13
7452,LAPİLORİ 15 MG MİKROPELLET KAPSÜL,8699580160031,A02BC03,Pasif,82.4
7453,LAPİLORİ 30 MG MİKROPELLET KAPSÜL,8699580160031,A02BC03,Pasif,84.26
7454,LARGACTİL  25  MG  ENJEKSIYONLUK  /  INFüZYONLUK  çöZELTI  IçEREN  AMPUL,8699586750137,N05AA01,Aktif,82.14
7455,LARGACTİL 100 MG KAPLI TABLET,8699586090271,N05AA01,Aktif,86.49
7465,LARGOPEN 500 MG TABLET,8699569010067,J01CA04,Aktif,71.41
7475,LASECON 160 MCG/DOZ ÇÖZELTİ İÇEREN İNHALASYON AEROSOLÜ,8699525520180,R03BA08,Pasif,77.39
7476,LASECON 80 MCG/DOZ ÇÖZELTİ İÇEREN  İNHALASYON AEROSOLÜ,8699525520180,R03BA08,Pasif,72.51
7478,LASİRİN 20 MG TABLET,8699792012234,R06AX29,Aktif,71.55
7479,LASIX 20 MG/2ML IM/IV ENJEKSIYONLUK ÇÖZELTİ,8699809754003,C03CA01,Aktif,74.43
7480,LASİX 40 MG TABLET,8699809014008,C03CA01,Aktif,82.59
7482,LASOTAB 15 MG MIKROPELLET KAPSÜL,8697929161664,A02BC03,Pasif,87.51
7483,LASOTAB 30 MG MIKROPELLET KAPSÜL,8697929161671,A02BC03,Pasif,78.31
7486,LASTET 100 MG KAPSÜL,8699650151235,L01CB01,Pasif,94.87
7487,LASTET 100 MG KAPSÜL,8699650151235,L01CB01,Pasif,94.87
7488,LASTET 25 MG KAPSÜL,8699650151228,L01CB01,Pasif,93.7
7489,LASTET 25 MG KAPSÜL,8699650151228,L01CB01,Pasif,93.7
7490,LASTET 50 MG KAPSÜL,8699650151211,L01CB01,Aktif,89.85
7491,LASTET 50 MG KAPSÜL,8699650151211,L01CB01,Aktif,94.64
7492,"LATAFREE %0,005 TEK DOZLUK GÖZ DAMLASI, ÇÖZELTI",8699844612122,S01EE01,Aktif,96.78
7496,LATAPOL %0.005 GÖZ DAMLASI,8699514610212,S01EE01,Aktif,96.63
7497,LATASOPT % 0.005 GÖZ DAMLASI,8680199610147,S01EE01,Aktif,90.57
7499,LATIXA 1000 MG UZATILMIŞ SALIMLI TABLET,8699832090482,C01EB18,Aktif,96.76
7500,LATIXA 375 MG UZATILMIŞ SALIMLI TABLET,8699832090451,C01EB18,Aktif,96.95
7501,LATIXA 500 MG UZATILMIŞ SALIMLI TABLET,8699832090468,C01EB18,Aktif,96.71
7502,LATIXA 750 MG UZATILMIŞ SALIMLI TABLET,8699832090475,C01EB18,Aktif,96.84
7507,"LATROST %0,005 GöZ DAMLASı,  çöZELTI",8699525618269,S01EE01,Pasif,97.82
7508,"LATROST-T  %0,005+%0,5  GöZ  DAMLASı,  çöZELTI",8699525618269,S01EE01,Pasif,81.33
7509,LAUDAZOL 500 MG/3ML İNFüZYON ÇöZELTISI,8681085010645,J01XD03,Pasif,84.94
7517,LAVENİL 30 MG/5 ML ŞURUP,8699569570233,R05DB27,Aktif,80.06
7531,LEDASON  120  MG  FILM  KAPLI  TABLET,8699536093604,N05AE05,Aktif,72.41
7532,LEDASON 20 MG FILM KAPLI TABLET,8699536093604,N05AE05,Aktif,74.27
7533,LEDASON 40 MG FILM KAPLI TABLET,8699536093611,N05AE05,Aktif,74.62
7534,LEDASON 60 MG FILM KAPLI TABLET,8699536093628,N05AE05,Aktif,74.62
7535,LEDASON 80 MG FILM KAPLI TABLET,8699536093635,N05AE05,Aktif,74.98
7536,LEDEZLA 10 MG/ 20 MG/ 30 MG FILM KAPLı TABLET  TEDAVI BAşLANGıç PAKETI,8699511099041,L04AA32,Aktif,99.94
7537,LEDEZLA 30 MG FILM KAPLI TABLET,8699511099058,L04AA32,Aktif,96.83
7538,LEDROPIN 30MG/5ML ŞURUP,8699525578105,R05DB27,Aktif,84.88
7545,LEFUMIX 10 MG FILM TABLET,8697932090258,L04AK01,Pasif,80.77
7546,LEFUMIX 100 MG FILM TABLET,8697932090296,L04AK01,Pasif,79.03
7547,LEFUMIX 20 MG FILM TABLET,8697932090272,L04AK01,Pasif,80.81
7554,"LEMTRADA 12 MG/1,2 ML INFüZYONLUK çöZELTI HAZıRLAMAK IçIN KONSANTRE",8699809779228,L04AG06,Aktif,100.0
7557,LENATU 10 MG SERT KAPSüL,8699650151280,L04AX04,Aktif,89.91
7558,LENATU 15 MG SERT KAPSüL,8699650151297,L04AX04,Aktif,87.58
7559,LENATU 25 MG SERT KAPSüL,8699650151303,L04AX04,Aktif,90.04
7560,LENATU 5 MG SERT KAPSüL,8699650151310,L04AX04,Aktif,87.32
7563,LENOM 10 MG SERT KAPSÜL,8680199151565,L04AX04,Aktif,92.66
7564,LENOM 25 MG SERT KAPSÜL,8680199151541,L04AX04,Aktif,92.76
7565,LENOM 5 MG SERT KAPSÜL,8680199151572,L04AX04,Aktif,92.62
7568,LEOCTIVE 30 MG/5 ML ŞURUP,8680760570030,R05DB27,Pasif,96.36
7569,LEOCTIVE 30 MG/5 ML ŞURUP,8680760570030,R05DB27,Pasif,96.36
7570,LEODEX %1.25 JEL,8699569340072,M02AA27,Aktif,72.75
7572,LEODEX 25MG ORAL ÇÖZELTI İÇIN GRANÜL İÇEREN SAŞE,8699569240051,M01AE17,Pasif,74.75
7573,LEODEX 50 MG/2 ML ENJEKSIYONLUK ÇÖZELTI İÇEREN AMPUL,8699569750239,M01AE17,Pasif,79.67
7577,"LEOKS 2,5 MG/ML İNFÜZYONLUK ÇÖZELTİ HAZIRLAMAK İÇİN KONSANTRE",8681735690555,C01CX08,Aktif,85.86
7579,LEPONEX 100 MG TABLET,8699504010503,N05AH02,Pasif,78.92
7580,LEPONEX 25 MG TABLET,8699504010459,N05AH02,Pasif,79.05
7597,LESCOL 40 MG KAPSÜL,8699504150100,C10AA04,Pasif,82.79
7599,LETOP 100 MG FILM TABLET,8699516098261,N03AX11,Pasif,91.31
7600,LETOP 200 MG FILM TABLET,8699516098278,N03AX11,Pasif,91.42
7601,LETOP 25 MG FILM TABLET,8699516098247,N03AX11,Pasif,91.37
7602,LETOP 50 MG FILM TABLET,8699516098254,N03AX11,Pasif,91.25
7603,LETRASAN 2.5 MG FILM KAPLI TABLET,8699525096975,L02BG04,Aktif,94.02
7604,LETROKS 2.5 MG FİLM KAPLI TABLET,8699702099010,L02BG04,Aktif,90.1
7605,"LETROL 2,5 MG FİLM TABLET",8699828091233,L02BG04,Aktif,92.64
7606,LETU 2.5 MG FİLM KAPLI TABLET,8699650032541,L02BG04,Aktif,91.38
7607,"LEUCOSTİM 15 MIU/0,5 ML S.C./İ.V. ENJEKSIYONLUK ÇöZELTI İçEREN  KULLANıMA HAZıR ENJEKTöR",8699769950279,L03AA02,Aktif,81.23
7608,LEUCOSTİM 30 MIU/ML S.C./İ.V. ENJEKSIYONLUK ÇöZELTI İçEREN  KULLANıMA HAZıR ENJEKTöR,8699769950309,L03AA02,Aktif,81.09
7610,LEUCOVORIN-TEVA 15 MG TABLET,8699638012060,V03AF03,Pasif,74.05
7614,LEUKERAN 2 MG FİLM KAPLI TABLET,8699874080038,L01AA02,Aktif,84.29
7616,LEUNASE ENJEKTABL 10.000 IU,8699650791318,L01XX02,Pasif,79.56
7619,LEUSENOX 10 MG/10 ML IV İNFÜZYON İÇİN KONSANTRE ÇÖZELTİ İÇEREN AMPUL,8699828750727,L01XX27,Aktif,78.62
7622,LEV-END  500 MG FILM KAPLı TABLET,8699566096446,N03AX14,Aktif,85.37
7623,LEV-END 100 MG/ML ORAL çöZELTI,8699566656473,N03AX14,Aktif,86.15
7624,LEV-END 1000 MG FILM KAPLı TABLET,8699566096460,N03AX14,Aktif,85.41
7625,LEV-END 250 MG FILM KAPLı TABLET,8699566096439,N03AX14,Aktif,85.48
7626,LEV-END 750 MG FILM KAPLı TABLET,8699566096453,N03AX14,Aktif,85.95
7632,LEVDAY 5 MG EFERVESAN TABLET,8680881024559,R06AE09,Pasif,70.57
7635,LEVEBRAIN 1000 MG FILM KAPLI TABLET,8680199093544,N03AX14,Pasif,84.34
7636,LEVEBRAIN 250 MG FİLM KAPLI TABLET,8680199093520,N03AX14,Pasif,76.28
7637,LEVEBRAIN 500 MG FİLM KAPLI TABLET,8680199093520,N03AX14,Pasif,78.68
7638,LEVEBRAİN 500 MG/5 ML KONSANTRE INFüZYON çöZELTISI IçEREN FLAKON,8680199776300,N03AX14,Aktif,88.57
7639,LEVEMAX 1000MG FILM KAPLI TABLET,8680881094484,N03AX14,Aktif,81.98
7640,LEVEMAX 250MG FILM KAPLI TABLET,8680881094439,N03AX14,Pasif,81.16
7641,LEVEMAX 500MG FILM KAPLI TABLET,8680881094453,N03AX14,Aktif,81.82
7642,LEVEMAX XR 500 MG FİLM KAPLI TABLET,8680881036378,N03AX14,Aktif,81.53
7644,LEVEMİR FLEXPEN 100 U/ML ENJEKSİYONLUK ÇÖZELTİ İÇEREN KULLANIMA  HAZIR  KALEM,8699676950799,A10AE05,Aktif,71.35
7645,LEVEMİR PENFİLL 100 U/ML ENJEKSİYONLUK ÇÖZELTİ İÇEREN KARTUŞ,8699676950782,A10AE05,Pasif,71.15
7647,"LEVERETTE 0,15 MG/0,03 MG FILM KAPLı TABLET",8681026050099,G03AA07,Pasif,87.65
7648,LEVESTO 1000 MG FILM KAPLI TABLET,8699262090342,N03AX14,Pasif,88.95
7649,LEVESTO 250 MG FILM KAPLI TABLET,8699262090311,N03AX14,Pasif,88.94
7650,LEVESTO 500 MG FILM TABLET,8699262090328,N03AX14,Pasif,90.61
7651,LEVESTO 750 MG FILM TABLET,8699262090335,N03AX14,Pasif,89.21
7652,LEVETAM 500 MG/5 ML KONSANTRE İNFÜZYON ÇÖZELTİSİ İÇEREN FLAKON,8699606764687,N03AX14,Aktif,79.55
7658,LEVITRA 10 MG FILM KAPLI TABLET,8699546092468,G04BE09,Pasif,73.31
7659,LEVITRA 20 MG FILM KAPLI TABLET,8699546092475,G04BE09,Pasif,78.85
7660,LEVITRA 5 MG FILM KAPLI TABLET,8699546092451,G04BE09,Pasif,78.69
7662,LEVMONT 2.5/4 MG ÇİĞNEME TABLETİ,8699976081216,R03DC53,Aktif,75.53
7679,LEVOKUIN 500 MG FILM TABLET,8699516091767,J01MA12,Pasif,70.19
7680,LEVOKUIN 750 MG FILM TABLET,8699516091774,J01MA12,Pasif,71.24
7681,"LEVOLON % 0.5 GÖZ VE KULAK DAMLASI, ÇÖZELTİ",8699569610403,S01AE05,Aktif,71.58
7684,LEVONAT 500 MG FİLM KAPLI TABLET,8699717090170,J01MA12,Aktif,70.63
7685,LEVONAT 750 MG FILM TABLET,8699717090231,J01MA12,Pasif,72.34
7688,LEVOPRONT 30 MG/5ML ŞURUP,8699514573715,R05DB27,Aktif,93.6
7689,LEVOPRONT 60 MG TABLET,8699514010937,R05DB27,Aktif,86.15
7690,LEVOPRONT FORT 60 MG/5ML ŞURUP,8699514573715,R05DB27,Aktif,78.42
7691,LEVOPRONT FORT ÖKSÜRÜK ŞURUBU,8699514570066,R05DB27,Aktif,87.34
7692,LEVOPRONT FORT ÖKSÜRÜK ŞURUBU,8699514570066,R05DB27,Aktif,89.53
7693,LEVORUP 30MG/5ML ŞURUP,8699690570164,R05DB27,Aktif,74.22
7696,LEVOSOL 30 MG/ 5 ML ŞURUP,8699828570318,R05DB27,Pasif,96.32
7697,LEVOSOL FORT 60 MG/5 ML ŞURUP,8699828570356,R05DB27,Aktif,85.07
7698,LEVOTIRON 100 MCG TABLET,8699514010104,H03AA01,Pasif,72.53
7699,LEVOTIRON 125 MCG TABLET,8699514010944,H03AA01,Aktif,73.3
7700,LEVOTIRON 150 MCG TABLET,8699514010968,H03AA01,Aktif,72.99
7701,LEVOTIRON 175 MCG TABLET,8699514010982,H03AA01,Aktif,74.71
7702,LEVOTIRON 200 MCG TABLET,8699514011002,H03AA01,Aktif,72.69
7703,LEVOTIRON 25 MCG TABLET,8699514010173,H03AA01,Aktif,72.61
7704,LEVOTIRON 50 MCG TABLET,8699514010180,H03AA01,Aktif,72.66
7705,LEVOTIRON 75 MCG TABLET,8699514010197,H03AA01,Aktif,73.0
7706,LEVOWORLD  500 MG/100 ML IV İNFÜZYONLUK ÇÖZELTİ(ÜRETİM YERİ: WORLD MEDICINE İLAÇ SAN. VE TİC. A.Ş.),8680199015416,J01MA12,Pasif,81.08
7707,"LEVOWORLD %0.5 GÖZ VE KULAK DAMLASI, ÇÖZELTİ",8680199012996,S01AE05,Aktif,84.28
7708,LEVOWORLD 500 MG/100 ML IV İNFÜZYONLUK ÇÖZELTİ (ÜRETİM YERİ: MEFAR İLAÇ SANAYİ A.Ş),8680199015416,J01MA12,Pasif,73.76
7709,LEVOWORLD 500MG FİLM TABLET,8680199091076,J01MA12,Aktif,74.57
7710,LEVOXIMED % 5 GÖZ VE KULAK DAMLASI,8680199611427,S01AE05,Aktif,81.09
7716,LEVOZOPİN 30  MG/5 ML ŞURUP,8699587573704,R05DB27,Pasif,90.74
7717,LEVOZOPIN FORT 60 MG / 5 ML ŞURUP,8699587573704,R05DB27,Pasif,92.63
7718,LEVRAL 1000 MG EFERVESAN TABLET,8697930020677,N03AX14,Pasif,75.51
7719,LEVRAL 1500 MG EFERVESAN TABLET,8697930020646,N03AX14,Pasif,83.88
7721,LEVRAL 250 MG EFERVESAN TABLET,8697930020578,N03AX14,Pasif,75.36
7722,LEVRAL 500 MG EFERVESAN TABLET,8697930020608,N03AX14,Pasif,75.11
7723,LEVRAL 750 MG EFERVESAN TABLET,8697930020639,N03AX14,Pasif,90.09
7724,LEVRAL XR 750 MG FILM KAPLI TABLET-KT,8697930020639,N03AX14,Pasif,74.7
7725,LEX 20 MG FİLM TABLET,8699262090946,G04BE08,Pasif,77.78
7726,LEX 5 MG FİLM KAPLI TABLET,8699540091757,G04BE08,Aktif,82.46
7732,"LEZIN 0,5 MG/ML ORAL ÇÖZELTI",8699262570011,R06AE09,Pasif,71.3
7734,LH-RH FERRING 0.1 MG/ML IV ENJEKSIYONLUK ÇÖZELTI İÇEREN AMPUL,8697621750197,V04CM01,Aktif,94.62
7737,LIBAVIT K AMPUL,8699510750301,B02BA02,Pasif,75.16
7738,LIBENTA  400  MG  /  2  ML  ENJEKSIYONLUK  ÇöZELTI,8699510750509,V03AB03,Pasif,80.4
7747,LIDWINA 120 MG GASTROREZISTAN SERT KAPSüL,8699543160078,L04AX07,Aktif,86.79
7748,LIDWINA 240 MG GASTROREZISTAN SERT KAPSüL,8699543160085,L04AX07,Aktif,91.08
7750,LIEVO 500MG/100ML IV PERFÜZYONLUK ÇÖZELTI İÇEREN FLAKON,8699293692522,J01MA12,Pasif,72.23
7753,LİFTA 10 MG FILM KAPLI TABLET,8699514094937,G04BE08,Aktif,83.35
7755,LİFTA 20 MG FİLM KAPLI TABLET,8699514094937,G04BE08,Aktif,71.08
7756,LİFTA 5 MG FİLM KAPLI TABLET,8699514094937,G04BE08,Aktif,72.33
7761,LİMEXİD 2 MG/ 1 ML IV INFÜZYON IÇIN ÇÖZELTI IÇEREN FLAKON,8699828690030,J01XX08,Pasif,74.86
7763,LIMITEN 160 MG FILM TABLET,8697936090193,C09CA03,Pasif,73.78
7764,LIMITEN 320 MG FILM TABLET,8697936090216,C09CA03,Pasif,74.48
7765,LIMITEN 80 MG FILM TABLET,8697936090179,C09CA03,Pasif,72.61
7773,LİNATİN 5 MG FILM KAPLI TABLET,8699540022430,A10BH05,Aktif,84.87
7782,LİNEDOR 600 MG/300 ML I.V. INFüZYON IçIN çöZELTI IçEREN FLAKO,8699844690847,J01XX08,Aktif,88.59
7785,LİNEZONE 2 MG/ML IV İNFüZYON ÇöZELTISI,8697943690010,J01XX08,Pasif,74.09
7786,LİNİGA 5 MG FILM KAPLı TABLET,8699293098218,A10BH05,Aktif,79.5
7800,LINTREJA 5 MG FILM KAPLı TABLET,8681428091737,A10BH05,Aktif,95.86
7801,"LINTREJAMET  2,5  MG/1000  MG  FILM  KAPLı   TABLET",8681428091812,A10BD11,Aktif,85.82
7802,"LINTREJAMET  2,5  MG/850  MG  FILM  KAPLı   TABLET",8681428091805,A10BD11,Aktif,86.29
7803,LIORESAL 10MG TABLET,8699504010077,M03BX01,Aktif,77.34
7805,LIPANTHYL 160 MG FILM TABLET,8699817030038,C10AB05,Aktif,98.05
7806,LIPANTHYL 200 M KAPSÜL,8699820150266,C10AB05,Aktif,92.02
7807,LİPANTHYL 267 MG SERT KAPSÜL,8699820150266,C10AB05,Aktif,74.84
7809,LİPAXEL DR 135 MG SERT KAPSüL,8699680170121,C10AB11,Aktif,71.98
7812,LIPIDRA 10 MG FILM KAPLI TABLET,8699540091900,C10AA05,Pasif,91.95
7813,LIPIDRA 20 MG FILM KAPLI TABLET,8699540091924,C10AA05,Pasif,91.97
7814,LIPIDRA 40 MG FILM KAPLI TABLET,8699540091948,C10AA05,Pasif,92.13
7815,LIPIDRA 80 MG FILM KAPLI TABLET,8699540091887,C10AA05,Pasif,92.3
7823,LİPOFEN SR 250 MG MİKROPELLET KAPSÜL,8699540171121,C10AB05,Aktif,78.05
7826,LIPSUM 10 MG FILM KAPLI TABLET,8699293092445,C10AA05,Pasif,87.97
7827,LİPSUM 20 MG FİLM KAPLI TABLET,8699293092469,C10AA05,Pasif,74.28
7828,LIPSUM 20 MG FILM KAPLI TABLET,8699293092469,C10AA05,Pasif,87.99
7830,LIPSUM 40 MG FILM KAPLI TABLET,8699293092483,C10AA05,Pasif,88.18
7832,LIPSUM 80 MG FILM KAPLI TABLET,8699293092506,C10AA05,Pasif,74.64
7834,LIPVAKOL 10 MG FILM TABLET,8699540091313,C10AA01,Pasif,86.69
7835,LIPVAKOL 20 MG FILM KAPLI TABLET,8699540091337,C10AA01,Pasif,80.44
7838,LIPVAKOL 40 MG FILM TABLET,8699540091351,C10AA01,Pasif,86.88
7840,LIPVAKOL 80 MG FILM TABLET,8699540091375,C10AA01,Pasif,85.31
7842,LIR 150 MG KAPSÜL,8699889150061,N02BF02,Pasif,83.13
7843,LIR 25 MG KAPSÜL,8699889150023,N02BF02,Pasif,82.62
7844,LIR 300 MG KAPSÜL,8699889150085,N02BF02,Pasif,72.7
7845,LIR 75 MG KAPSÜL,8699889150030,N02BF02,Pasif,83.6
7848,LITHURIL 300MG KAPSÜL,8699828150053,N05AN01,Aktif,74.36
7851,"LIV-GAMMA SN 2,5 G/50 ML IV INFüZYONLUK çöZELTI",8699823980808,J06BA02,Aktif,80.94
7852,LIV-GAMMA SN 5 G/100 ML IV INFüZYONLUK çöZELTI,8699823980808,J06BA02,Aktif,81.48
7854,LİVERCOL 10 MG FİLM TABLET,8699680090344,C10AA07,Aktif,75.07
7855,LİVERCOL 20 MG FİLM TABLET,8699680090337,C10AA07,Aktif,75.16
7856,LIVERCOL 20MG FILM TABLET,8699680090337,C10AA07,Aktif,71.91
7857,LIVERCOL 40 MG FILM TABLET,8699680090320,C10AA07,Aktif,87.01
7858,LIVERCOL 40MG FILM TABLET,8699680090320,C10AA07,Aktif,70.84
7865,Lixicol 4.500.000 IU IM/IV Enjeksiyon İçin Liyofilize Toz İçeren Flakon,8697943790062,J01XB01,Pasif,72.74
7869,LIZERA 5 MG FILM KAPLı TABLET,8699514095712,A10BH05,Aktif,94.94
7870,LIZIK 40 MG TABLET,8699774010135,C03CA01,Aktif,94.71
7873,"LOCACORTENE VIOFORME 0,2 MG/G+30 MG/G KREM",8681801350710,D07BB01,Aktif,71.68
7877,LOCERYL %5 İLAÇLI TIRNAK CİLASI,8699586652622,D01AE16,Aktif,82.64
7888,"LOCOJEL %0,5 JEL",8681234741000,M02AA07,Aktif,80.24
7890,LODAVIN 100 MG ÇIĞNENEBILIR/ÇÖZÜNEBILIR TABLET,8699724070042,N03AX09,Pasif,90.02
7891,LODAVIN 200 MG ÇIĞNENEBILIR/ÇÖZÜNEBILIR TABLET,8699724070059,N03AX09,Pasif,90.06
7892,LODAVIN 25 MG ÇIĞNENEBILIR/ÇÖZÜNEBILIR TABLET,8699724070028,N03AX09,Pasif,90.04
7893,LODAVIN 5 MG ÇIĞNENEBILIR/ÇÖZÜNEBILIR TABLET,8699724070011,N03AX09,Pasif,89.94
7894,LODAVIN 50 MG ÇÖZÜNEBILIR/ÇIĞNENEBILIR TABLET,8699724070035,N03AX09,Pasif,89.99
7896,LODINE 300 MG FİLM TABLET,8699033090014,M01AB08,Aktif,87.13
7904,LODUX 30 MG GASTRO-REZISTAN SERT KAPSüL,8680638160011,N06AX21,Aktif,77.55
7905,LODUX 60 MG GASTRO-REZISTAN SERT KAPSüL,8680638160028,N06AX21,Aktif,77.73
7912,LONGIS 10 MG FİLM KAPLI TABLET,8699566093094,G04BE08,Aktif,84.28
7913,LONGIS 20 MG FILM KAPLI TABLET,8699566093094,G04BE08,Aktif,97.76
7917,LONQUEX  6  MG/0.6  ML  KULLANIMA  HAZIR  DOLU  ENJEKTÖR,8699638955374,L03AA14,Pasif,88.36
7918,LOPERAN 2 MG TABLET,8699511010077,A07DA03,Aktif,76.29
7919,LOPERMİD 2 MG TABLET,8699511010077,A07DA03,Aktif,83.16
7920,LOPID 600 MG FİLM KAPLI TABLET,8681308091239,C10AB04,Aktif,89.97
7922,LOPROX %1.5 ŞAMPUAN,8681117560018,D01AE14,Aktif,72.61
7925,LORCLAST 5 MG/10 MG FİLM KAPLI TABLET,8699540090637,R03DC53,Aktif,73.96
7926,LORDES 2.5/5ML ŞURUP,8699540571204,R06AX27,Aktif,90.15
7927,LORDES 5MG FILM KAPLI TABLET,8699540097865,R06AX27,Aktif,89.22
7928,LOREN 500 MG FILM KAPLI TABLET,8698746090090,J01MA12,Pasif,71.26
7929,LOREN 750 MG FILM KAPLI TABLET,8698746090106,J01MA12,Pasif,72.28
7931,LORIXAM 8 MG IM/IV ENJEKSIYONLUK ÇöZELTI HAZıRLAMAK IçIN LIYOFILIZE TOZ VE ÇöZüCü,8680199799941,M01AC05,Aktif,86.65
7937,LORNOX FAST 8 MG FILM KAPLı TABLET,8699514094524,M01AC05,Aktif,79.39
7938,LORVİQUA 100 MG FILM KAPLı TABLET,8681308092045,L01ED05,Aktif,80.65
7939,LORVİQUA 25 MG FILM KAPLı TABLET,8681308092007,L01ED05,Aktif,80.71
7946,LOSARTIL 100 MG FİLM KAPLI TABLET,8699580090222,C09CA01,Pasif,84.82
7947,LOSARTIL 50 MG FİLM KAPLI TABLET,8699580090215,C09CA01,Pasif,84.75
7948,LOSARTIL PLUS 100 MG/ 25 MG FİLM TABLET,8699580090222,C09CA01,Pasif,73.45
7949,LOSARTIL PLUS 50/12.5 MG FILM TABLET,8699580090215,C09CA01,Pasif,71.51
7951,LOSEPROL 40 MG IV ENJEKSİYON İÇİN LİYOFİLİZE TOZ İÇEREN FLAKON,8681697790034,A02BC01,Pasif,75.39
7959,"LOTEFORTE % 0,5 OFTALMIK SüSPANSIYON",8699525710055,S01BA14,Aktif,89.58
7960,LOTEMAX 5 MG/G GÖZ JELİ,8699856710038,S01BA14,Aktif,81.29
7961,LOTEMAX 5 MG/G GÖZ MERHEMI,8699856710038,S01BA14,Aktif,79.82
7962,"LOTEMAX 5 MG/ML GÖZ DAMLASI, SÜSPANSİYON",8699856710038,S01BA14,Aktif,78.45
7963,LOTENOL %0.5 GÖZ DAMLASI,8699514610298,S01BA14,Aktif,71.0
7965,LOTRIMIN SPREY,8699708510571,D01AC02,Pasif,79.17
7966,LOURES 10 MG FILM TABLET,8699772090894,N06AB10,Pasif,82.88
7967,LOURES 10 MG/ML ORAL DAMLA,8699772590035,N06AB10,Pasif,76.35
7968,LOURES 20 MG FILM TABLET,8699772090931,N06AB10,Pasif,82.94
7969,LOURES 5 MG FILM TABLET,8699772090887,N06AB10,Pasif,82.74
7971,LOVİTREC 10 MG FİLM KAPLI TABLET,8699525099501,G04BE09,Pasif,79.63
7972,LOVİTREC 20 MG FİLM KAPLI TABLET,8699525099518,G04BE09,Pasif,79.9
7976,LOXIBIN 100 MG FILM KAPLI TABLET,8699578092443,C09CA01,Pasif,83.95
7977,LOXIBIN 50 MG FILM KAPLI TABLET,8699578092429,C09CA01,Pasif,83.86
7987,LUCENTİS 10 MG/ML ENJEKSIYONLUK ÇÖZELTI İÇEREN FLAKON,8699504770254,S01LA04,Aktif,80.19
7988,LUCENTİS 10 MG/ML ENJEKSİYONLUK ÇÖZELTİ İÇEREN KULLANIMA HAZIR ENJEKTÖR,8699504770353,S01LA04,Aktif,84.66
7989,LUCRIN 5 MG/ML ENJEKTABL ÇÖZELTI,8680656080155,L02AE02,Pasif,79.43
7990,LUCRIN DEPOT 1 AY IM/SC 3.75 MG KULLANıMA HAZıR TOZ VE ÇöZüCü İçEREN ÇIFT BöLMELI ENJEKTöR,8680656080117,L02AE02,Aktif,86.48
7991,"LUCRIN DEPOT 3 AY IM/SC 11,25 MG KULLANıMA HAZıR TOZ VE ÇöZüCü İçEREN ÇIFT BöLMELI ENJEKTöR",8680656080124,L02AE02,Aktif,86.79
7995,LUDIOMIL 25 MG FILM KAPLI TABLET,8699708091483,N06AA21,Aktif,83.51
7998,LUDIOMIL 75 MG FILM KAPLI TABLET,8699708091490,N06AA21,Aktif,82.87
8006,LUKAZROL 30 MG ENTERİK KAPLI MİKROPELLET İÇEREN KAPSÜL,8699523160036,A02BC03,Pasif,71.53
8007,LUKAZROL 30 MG ENTERİK SERT KAPSÜL,8698778162444,A02BC03,Pasif,94.32
8008,LULİZOL %1 KREM,8699569350217,D01AC18,Aktif,71.24
8010,LUMAKRAS 120 MG FILM KAPLI TABLET,8699862090131,L01XX73,Aktif,95.94
8013,LUMIGAN 0.3MG/ML GÖZ DAMLASI,8699490561140,S01EE03,Pasif,86.19
8014,"LUMIGAN RC % 0,01 GöZ DAMLASI, ÇÖZELTİ",8699490561140,S01EE03,Pasif,81.84
8015,LUMINAL 100 MG TABLET,8699546010608,N03AA02,Aktif,91.73
8016,LUMINALETTEN 15 MG TABLET,8699546010615,N03AA02,Aktif,93.66
8019,LUNGES 30MG/5ML ŞURUP,8699680570013,R05DB27,Pasif,74.95
8020,LUNGES 30MG/5ML ŞURUP (FARMAMAG),8699680570013,R05DB27,Pasif,70.29
8037,LUSIMA 5MG/100ML IV İNFÜZYON ÇÖZELTISI İÇEREN FLAKON,8699536690025,M05BA08,Pasif,75.0
8038,LUSTEC 100 MG FILM TABLET,8699578092504,N06AB06,Pasif,84.97
8039,LUSTEC 50 MG FILM TABLET,8699578092481,N06AB06,Pasif,80.97
8041,LUSTRAL 50 MG ÇENTIKLI FILM KAPLI TABLET,8699532095473,N06AB06,Aktif,70.6
8042,LUSTRAL SPECIAL 100 MG FILM KAPLI TABLET,8699532095428,N06AB06,Aktif,83.81
8046,LUTINUS 100 MG VAJINAL TABLET,8697621100435,G03DA04,Aktif,98.01
8048,LUXAT 10 MG FILM KAPLI TABLET,8699525093899,R03DC03,Aktif,83.0
8050,LYMUNİR 100 MG YUMUŞAK KAPSÜL,8699525193759,L04AD01,Aktif,80.33
8051,LYMUNİR 25 MG YUMUŞAK KAPSÜL,8699525193759,L04AD01,Aktif,82.32
8052,LYMUNİR 50 MG YUMUŞAK KAPSÜL,8699525193759,L04AD01,Aktif,81.83
8056,LYNPARZA 100 MG FILM KAPLı TABLET,8699786092907,L01XK01,Aktif,96.13
8057,LYNPARZA 150 MG FILM KAPLı TABLET,8699786092921,L01XK01,Aktif,96.18
8062,LYPRE 100 MG KAPSÜL,8699578152444,N02BF02,Pasif,93.55
8063,LYPRE 150 MG KAPSÜL,8699578152451,N02BF02,Pasif,93.72
8064,LYPRE 225 MG KAPSÜL,8699578152475,N02BF02,Pasif,97.31
8065,LYPRE 25 MG KAPSÜL,8699578152413,N02BF02,Pasif,93.59
8066,LYPRE 300 MG KAPSÜL,8699578152468,N02BF02,Pasif,93.7
8067,LYPRE 50MG KAPSÜL,8699578152420,N02BF02,Pasif,87.01
8068,LYPRE 75 MG KAPSÜL,8699578152437,N02BF02,Pasif,94.02
8069,"LYPTİMZİA 284 MG/1,5 ML ENJEKSİYONLUK ÇÖZELTİ İÇEREN KULLANIMA HAZIR ENJEKTÖR",8699074950520,C10AX16,Aktif,72.24
8070,LYRICA 150 MG KAPSÜL,8699532154484,N02BF02,Aktif,97.56
8071,LYRICA 20 MG/ML ORAL ÇÖZELTİ,8699532154460,N02BF02,Aktif,83.47
8072,LYRICA 225 MG KAPSÜL,8699532154545,N02BF02,Aktif,97.75
8073,LYRICA 25 MG KAPSÜL,8699532154460,N02BF02,Aktif,97.52
8074,LYRICA 300 MG KAPSÜL,8699532154491,N02BF02,Aktif,94.84
8075,LYRICA 75 MG KAPSÜL,8699532154477,N02BF02,Aktif,97.79
8080,M-ESLON MIKROPELLET KAPSÜL 10 MG,8699540170759,N02AA01,Pasif,70.82
8081,M-ESLON MIKROPELLET KAPSÜL 100 MG,8699540170759,N02AA01,Pasif,72.05
8082,M-ESLON MIKROPELLET KAPSÜL 30 MG,8699540170650,N02AA01,Pasif,71.32
8083,M-ESLON MIKROPELLET KAPSÜL 30 MG,8699540170650,N02AA01,Pasif,71.32
8084,"M-FURO %0,1 KREM",8699561350130,D07AC13,Aktif,70.71
8085,"M-FURO %0,1 LOSYON",8699561480035,D07AC13,Aktif,72.6
8086,"M-FURO %0,1 MERHEM",8699561380014,D07AC13,Aktif,73.17
8094,MABTHERA 100 MG/10 ML IV İNFüZYON İÇIN KONSANTRE ÇöZELTI İÇEREN FLAKON,8699505763361,L01FA01,Aktif,80.2
8095,"MABTHERA 1400 MG/11,7 ML SC ENJEKSIYON IÇIN ÇÖZELTI",8699505772813,L01FA01,Aktif,93.39
8096,MABTHERA 500 MG/50 ML IV İNFÜZYON İÇİN KONSANTRE ÇÖZELTİ İÇEREN FLAKON,8699505763378,L01FA01,Aktif,80.1
8097,MACENTICA % 1 MERHEM,8699792370013,D03AX14,Aktif,74.9
8102,MACROL 250 MG/5 ML ORAL SÜSPANSIYON IÇIN GRANÜL,8699536280158,J01FA09,Pasif,72.45
8103,MACROL 250 MG/5 ML ORAL SÜSPANSIYON IÇIN GRANÜL,8699536280158,J01FA09,Pasif,72.04
8105,MACROL 500 MG MR KONTROLLÜ SALIM TABLET,8699536030104,J01FA09,Aktif,76.35
8107,MADECADERM %1 MERHEM,8680186490547,D03AX14,Aktif,76.06
8109,MADEFIX %1 MERHEM,8699586383540,D03AX14,Aktif,93.37
8110,MADEGCENTA %1 MERHEM,8681737492324,D03AX14,Aktif,74.97
8111,MADEPZOL 10 MG TABLET,8680638010200,N05AX12,Pasif,85.08
8112,MADEPZOL 15 MG TABLET,8680638010217,N05AX12,Pasif,85.32
8113,MADEPZOL 20 MG TABLET,8680638010194,N05AX12,Pasif,84.06
8114,MADEPZOL 30 MG TABLET,8680638010231,N05AX12,Pasif,85.12
8115,MADEPZOL 5 MG TABLET,8680638010194,N05AX12,Pasif,84.97
8116,MADESCAR %1 MERHEM,8681428381302,D03AX14,Aktif,83.86
8117,MADESCAR %1 MERHEM (SANTA),8681428381302,D03AX14,Aktif,82.34
8118,MADOL 100 MG/2 ML ENJEKSİYONLUK ÇÖZELTİ İÇEREN AMPUL,8699828750659,N02AX02,Pasif,78.18
8135,MAGNERAL 365 MG TABLET,8680150010030,A12CC10,Aktif,80.11
8136,Magnesie Calcinee Saba Toz,8699511940039,A02AA04,Aktif,79.25
8138,MAGNESIUM DIASPORAL PASTİL,8699708111563,A12CC04,Pasif,85.6
8141,MAGNEZYUM SÜLFAT 1500 MG/10 ML ENJEKSİYONLUK ÇÖZELTİ,8699607750535,A12CC02,Aktif,83.94
8142,MAGNEZYUM SÜLFAT BIOFARMA % 15 AMPUL,8699578752613,A12CC02,Pasif,85.43
8143,MAGNEZYUM SÜLFAT BIOFARMA % 15 AMPUL,8699578752613,A12CC02,Pasif,88.78
8144,MAGNEZYUM SÜLFAT BİOSEL AMPUL %15,8699788750652,A12CC02,Aktif,86.99
8145,MAGNEZYUM SÜLFAT FARMALAS %15 ENJEKSİYONLUK ÇÖZELTİ,8699578752613,A12CC02,Pasif,70.43
8146,MAGNEZYUM SÜLFAT ONFARMA %15 IM/IV ENJEKSİYONLUK ÇÖZELTİ,8680202600059,A12CC02,Aktif,85.36
8147,MAGNEZYUM SÜLFAT OSEL %15 İ.M/İ.V. ENJEKSİYONLUK  ÇÖZELTİ İÇEREN AMPUL,8699788750652,A12CC02,Aktif,81.52
8150,MAGNORM 365 MG EFFERVESAN TABLET,8697929020107,A12CC10,Pasif,72.98
8151,MAGNORM 365 MG TABLET,8697936014908,A12CC10,Aktif,73.28
8157,MAJEZIK % 0.25 ORAL SPREY,8699536510026,M02AA19,Pasif,83.17
8158,MAJEZIK %0.25 ORAL SPREY,8699536510026,M02AA19,Pasif,79.06
8159,"MAJEZIK %5 TOPIKAL SPREY, ÇÖZELTİ",8699536510026,M02AA19,Pasif,96.48
8160,MAJEZİK 100 MG FİLM KAPLI TABLET,8699536090122,M01AE09,Pasif,72.79
8161,MAJEZIK 100MG FILM TABLET,8699536090122,M01AE09,Pasif,84.94
8162,MAJEZİK 200 MG SR MİKROPELLET KAPSÜL,8699536170053,M01AE09,Aktif,81.26
8163,MAJEZİK 50 MG FILM TABLET,8699536090122,M01AE09,Pasif,85.57
8164,MAJEZIK DUO 100 MG/8 MG FILM KAPLI TABLET,8699536090122,M01AE09,Pasif,70.89
8165,MAJEZIK DUO TOPIKAL SPREY,8699536510033,M02AA19,Pasif,76.32
8169,MAJEZİK TOPİKAL JEL,8699536340043,M02AA19,Pasif,72.34
8171,MAKROSİLİN 1000 MG TABLET,8699560010752,J01CA01,Pasif,73.3
8173,MAKROSİLİN FORT 500 MG TABLET,8699560010752,J01CA01,Pasif,73.22
8180,MAKSIPORIN 500MG IM ENJEKSIYONLUK TOZ İÇEREN FLAKON,8698978270055,J01DB04,Pasif,76.58
8182,MAKSIPORIN 500MG IM/IV ENJEKSIYONLUK TOZ İÇEREN FLAKON,8698978270086,J01DB04,Pasif,82.43
8186,MANNITOL %20 SOLÜSYONU (CAM ŞIŞEDE),8699556695413,B05BC01,Pasif,78.22
8187,MANNITOL %20 SUDAKI SOLÜSYONU (MEDIFLEKS TORBADA),8699606691594,B05BC01,Aktif,80.37
8192,MAPROTİL 25 MG TABLET,8699792011435,N06AA21,Pasif,71.08
8193,MAPROTİL 75 MG TABLET,8699792011442,N06AA21,Pasif,70.83
8200,MARCAİNE % 0.5 ENJEKSİYONLUK ÇÖZELTİ,8699874080519,N01BB01,Aktif,77.1
8202,MARCAINE SPINAL HEAVY %0.5 ENJEKSIYONLUK ÇÖZELTİ,8699874080526,N01BB01,Aktif,85.78
8210,MASİLVA 10 MG FILM KAPLI TABLET,8699525099754,C02KX04,Aktif,77.24
8211,MASİPAH 10 MG FİLM KAPLI TABLET,8699540026469,C02KX04,Aktif,71.06
8213,MASULIN MR 0.4MG DEĞIŞTIRILMIŞ SALIMLI SERT KAPSÜL,8699569170013,G04CA02,Aktif,74.02
8218,MATOFIN 1000 MG FILM TABLET,8699536090634,A10BA02,Aktif,78.1
8219,MATOFIN 1000MG XR TABLET,8699536030142,A10BA02,Aktif,84.69
8220,MATOFIN 500 MG FILM TABLET,8699536090634,A10BA02,Aktif,73.04
8221,MATOFIN 500 MG XR TABLET,8699536030067,A10BA02,Aktif,78.68
8222,MATOFIN 850 MG FILM TABLET,8699536090627,A10BA02,Aktif,79.28
8223,MAVENCLAD 10 MG TABLET,8699808090409,L04AA40,Aktif,90.53
8227,MAXAIR 200 MCG İNHALASYON İÇIN TOZ İÇEREN KAPSÜL,8699525557933,R03BA02,Pasif,87.87
8228,MAXAIR 400 MCG İNHALASYON İÇIN TOZ İÇEREN KAPSÜL,8699525557933,R03BA02,Pasif,85.14
8230,MAXALJİN SR 200 MG KAPSüL,8699514173700,M01AE09,Pasif,86.63
8231,MAXALJIN SR 200MG MIKROPELLET KAPSÜL,8699514173700,M01AE09,Pasif,84.61
8233,MAXALT 10 MG RAPIDISC TABLET,8699636110126,N02CC04,Pasif,88.23
8234,MAXALT 5 MG RAPIDISC TABLET,8699636110126,N02CC04,Pasif,70.51
8235,MAXDOL SR 600MG FILM TABLET,8699543030081,M01AB08,Pasif,76.78
8245,MAXICLAR 500 MG  FILM KAPLI TABLET,8699828090090,J01FA09,Aktif,70.47
8254,MAXIMUS 100 MG FILM TABLET,8699580090185,M01AE09,Pasif,99.11
8257,MAXİPEN 1 G IV ENJEKSİYON VE İNFÜZYON İÇİN TOZ İÇEREN FLAKON,8699508270750,J01DH02,Aktif,75.55
8258,MAXİPEN 500 MG IV ENJEKSİYON VE İNFÜZYON İÇİN TOZ İÇEREN FLAKON,8699508270743,J01DH02,Aktif,76.68
8263,MAXRELAX MERHEM %25,8699622350185,M03BX05,Pasif,70.02
8274,MECORLONG 100MG KONTROLLÜ SALIMLI FILM TABLET,8699517030345,C07AB02,Pasif,87.24
8275,MECORLONG 25MG KONTROLLÜ SALIMLI FILM TABLET,8699517030314,C07AB02,Pasif,85.89
8276,MECORLONG 50MG KONTROLLÜ SALIMLI FILM TABLET,8699517030314,C07AB02,Pasif,86.85
8280,MEDASED 500 MG TABLET,8699828010067,N02BE01,Pasif,73.68
8282,MEDASET 325 MG TABLET,8699828010067,N02BE01,Pasif,73.02
8283,MEDASET 650 MG FORT TABLET,8699828010067,N02BE01,Pasif,86.28
8285,MEDIAVEN 10 MG TABLET,8699708010545,C05CX02,Pasif,96.71
8286,MEDIAVEN FORT 30 MG TABLET,8699708010569,C05CX02,Pasif,96.99
8303,MEDLAZİD MR 30 MG UZATıLMış SALıMLı TABLET,8680199019148,A10BB09,Aktif,81.83
8304,MEDLAZID MR 60 MG UZATıLMış SALıMLı TABLET,8680199019148,A10BB09,Aktif,84.62
8305,MEDLUKAST 10 MG FİLM TABLET,8681026050037,R03DC03,Pasif,71.3
8306,MEDNAP %10 JEL,8699828340010,M02AA12,Pasif,79.03
8307,MEDNAP 250 MG TABLET,8699828010029,M01AE02,Pasif,80.98
8308,MEDNAP 500 MG TABLET,8699828010012,M01AE02,Pasif,80.72
8315,MEDOVIR 5 MG/ML ORAL ÇÖZELTİ,8699536091839,J05AF05,Pasif,78.87
8323,MEFLORT 10 MG FİLM TABLET,8699724090477,R03DC03,Pasif,86.63
8324,MEFLORT 4 MG ÇİĞNEME TABLETİ,8699724080010,R03DC03,Pasif,84.57
8325,MEFLORT 5  MG ÇİĞNEME TABLETİ,8699724080034,R03DC03,Pasif,84.43
8329,MEGACE 160 MG TABLET,8699525016713,L02AB01,Aktif,86.95
8332,MEGALOTECT CP 1000 IU/ 10 ML IV İNFüZYONLUK ÇöZELTI,8699535980622,J06BB09,Aktif,89.31
8333,MEGALOTECT CP 5000 IU/ 50 ML IV İNFüZYONLUK ÇöZELTI,8699535980622,J06BB09,Aktif,87.5
8346,MEKARD 250 MG/20 ML I.V. KONSANTRE İNFÜZYONLUK ÇÖZELTİ,8699606756736,C01CA07,Aktif,79.21
8347,MEKINIST  2  MG  FILM  KAPLI TABLET,8699504092233,L01EE01,Aktif,93.3
8348,"MEKINIST 0,5 MG FILM KAPLI TABLET",8699504092233,L01EE01,Aktif,92.19
8350,"MEKSRATU  17,5  MG/0,7  ML  ENJEKSİYONLUK  ÇÖZELTİ  İÇEREN  KULLANIMA  HAZIR  ŞIRINGA",8699715952128,L04AX03,Aktif,80.44
8351,"MEKSRATU  22,5  MG/0,9  ML  ENJEKSİYONLUK  ÇÖZELTİ  İÇEREN  KULLANIMA  HAZIR  ŞIRINGA",8699715952135,L04AX03,Aktif,80.02
8352,MEKSRATU 10 MG/0.4 ML ENJEKSİYONLUK ÇÖZELTİ İÇEREN KULLANIMA HAZIR ŞIRINGA,8699715952111,L04AX03,Aktif,76.75
8353,"MEKSRATU 12,5 MG/0,5 ML ENJEKSIYONLUK ÇöZELTI İÇEREN KULLANıMA HAZıR ŞıRıNGA",8699715952111,L04AX03,Aktif,81.05
8354,MEKSRATU 15 MG/0.6 ML ENJEKSİYONLUK ÇÖZELTİ İÇEREN KULLANIMA HAZIR ŞIRINGA,8699715952111,L04AX03,Aktif,76.52
8355,MEKSRATU 20 MG/0.8 ML ENJEKSİYONLUK ÇÖZELTİ İÇEREN KULLANIMA HAZIR ŞIRINGA,8699715952111,L04AX03,Aktif,76.48
8356,MEKSRATU 25 MG/ ML ENJEKSİYONLUK ÇÖZELTİ İÇEREN KULLANIMA HAZIR ŞIRINGA,8699715952111,L04AX03,Aktif,76.57
8357,"MEKSRATU 7,5 MG/0,3 ML ENJEKSİYONLUK ÇÖZELTİ İÇEREN KULLANIMA HAZIR ENJEKTÖR",8699715952159,L04AX03,Aktif,78.93
8358,MEKSUN 7.5 MG TABLET,8699578012663,M01AC06,Pasif,70.02
8366,MELANDA  5  MG  +  10  MG  +  15  MG  +  20  MG  BAşLANGıç PAKETI,8699543091587,N06DX01,Aktif,79.36
8368,MELANDA 10 MG FILM TABLET,8699543090641,N06DX01,Aktif,74.85
8370,MELANDA 20MG FILM TABLET,8699543091594,N06DX01,Aktif,80.2
8371,MELANDA 5 MG/BASIŞ ORAL ÇÖZELTİ,8699543590035,N06DX01,Aktif,72.31
8372,MELANDA RAPID 10 MG AĞIZDA DAĞILAN TABLET,8699543070308,N06DX01,Aktif,92.44
8373,MELANDA RAPID 20 MG AĞIZDA DAĞILAN TABLET,8699543070315,N06DX01,Aktif,92.45
8374,MELCAM 15 MG TABLET,8699525013576,M01AC06,Aktif,76.17
8375,MELCAM 7.5 MG TABLET,8699525013552,M01AC06,Pasif,76.21
8377,MELLIDYS MR 30MG MODIFIYE SALIM TABLET,8699525037787,A10BB09,Pasif,83.64
8378,MELOGEN 1 MG/ML ORAL ÇÖZELTİ,8681117650047,N05CH01,Aktif,76.73
8379,MELONİSENK 3 MG FILM KAPLı TABLET,8680186490684,N05CH01,Aktif,87.61
8380,MELONİSENK 5 MG FİLM KAPLI TABLET,8680186490608,N05CH01,Aktif,80.77
8383,MELOX 7.5 MG TABLET,8699540015081,M01AC06,Aktif,73.62
8384,MELOX FORT 15 MG TABLET,8699540015135,M01AC06,Aktif,75.71
8385,MELURJİN 15 MG TABLET,8699580010114,M01AC06,Pasif,71.1
8386,"MELURJİN 7,5 MG TABLET",8699580010107,M01AC06,Pasif,71.14
8387,MEMANZAKS 10 MG FILM TABLET,8699783090104,N06DX01,Pasif,78.31
8390,MEMOBOOST 10 MG FILM TABLET,8697786090305,N06DA02,Pasif,92.49
8391,MEMOBOOST 5 MG FILM TABLET,8697786090299,N06DA02,Pasif,84.81
8392,MEMOTEC 10MG FILM TABLET,8699559090277,N06DX01,Pasif,77.95
8406,MENOPUR 1200 IU MULTİ DOZ İÇİN SC ENJEKSİYONLUK ÇÖZELTİ TOZU İÇEREN FLAKON VE KULLANIMA HAZIR ENJEKTÖRDE ÇÖZÜCÜ,8697621790483,G03GA02,Aktif,76.93
8408,MENOPUR 600 IU MULTİ DOZ İÇİN SC ENJEKSİYONLUK ÇÖZELTİ TOZU İÇEREN FLAKON VE KULLANIMA HAZIR ENJEKTÖRDE ÇÖZÜCÜ,8697621790476,G03GA02,Aktif,76.73
8415,MEPACT 4 MG IV INFÜZYONLUK DISPERSIYON KONSANTRESI IÇIN TOZ,8699456790041,L03AX15,Aktif,81.73
8416,MEPIRIKS  1  MG  TABLET,8699569010708,A10BB12,Pasif,96.19
8417,MEPIRIKS  2  MG  TABLET,8699569010722,A10BB12,Pasif,96.2
8418,MEPIRIKS  3  MG  TABLET,8699569010746,A10BB12,Pasif,96.23
8419,MEPOLEX 5MG/5ML IV ENJEKSIYONLUK ÇÖZELTİ,8681332750058,C07AB02,Pasif,80.54
8420,MEPRAISOL 40 MG I.V. ENJEKSIYONLUK ÇÖZELTI HAZIRLAMAK İÇİN  TOZ VE ÇÖZÜCÜ,8699606795414,A02BC01,Aktif,71.18
8424,MERASA 50MG KAPSÜL,8699587151964,N05AL01,Aktif,70.41
8426,MERESA 50 MG KAPSÜL,8699587151964,N05AL01,Aktif,95.32
8427,MERESA ENJEKSIYONLUK ÇÖZELTI İÇEREN AMPUL,8699587751997,N05AL01,Pasif,88.35
8430,MERIONAL 150 IU IM/SC ENJEKSIYON IÇIN LIYOFILIZE TOZ IÇEREN FLAKON,8680426040044,G03GA02,Pasif,77.87
8432,MERIONAL 75 IU IM/SC ENJEKSIYON IÇIN LIYOFILIZE TOZ IÇEREN FLAKON,8680426040037,G03GA02,Pasif,77.93
8435,MEROSID 1000 MG IV ENJEKSIYONLUK TOZ İÇEREN FLAKON,8699828270171,J01DH02,Aktif,77.64
8436,MEROSID 500 MG IV ENJEKSIYONLUK TOZ İÇEREN FLAKON,8699828270171,J01DH02,Aktif,79.46
8438,MEROZAN 500 MG  ENJEKSIYONLUK ÇöZELTI HAZıRLAMAK IçIN TOZ  İçEREN FLAKON,8699769270025,J01DH02,Pasif,71.23
8439,MERPURIN 50MG TABLET,8699828011064,L01BB02,Aktif,82.61
8440,MESAFALK 4 G/60 G REKTAL SüSPANSIYON,8681801920999,A07EC02,Aktif,92.42
8442,MESAVİXA 4 G/60 G REKTAL SüSPANSIYON,8681801921989,A07EC02,Aktif,89.24
8444,MESOSEL 4 G/60 G REKTAL SÜSPANSİYON,8680400771292,A07EC02,Aktif,84.4
8445,MESPERIN 20 MG DR KAPSÜL,8697927160911,A02BC05,Pasif,88.93
8446,MESPERIN 40 MG DR KAPSÜL,8697927160935,A02BC05,Pasif,89.11
8462,METALYSE 10.000 U ENJEKSİYONLUK TOZ İÇEREN FLAKON,8699693270016,B01AD11,Aktif,74.5
8474,METEOSPASMYL® 60 MG/300 MG YUMUşAK KAPSüL,8699543190020,A03AX58,Aktif,75.48
8475,METFORIX 1000 MG FILM TABLET,8680131751853,A10BA02,Aktif,78.39
8476,METFORIX 850 MG FILM TABLET,8680131751983,A10BA02,Pasif,73.18
8477,METFULL 1000MG EFERVESAN TABLET,8697929020718,A10BA02,Pasif,87.8
8478,METFULL 500MG EFERVESAN TABLET,8697929020695,A10BA02,Pasif,87.61
8479,METFULL 850MG EFERVESAN TABLET,8697929020701,A10BA02,Pasif,88.36
8481,METHOTREXAT ?EBEWE? 2.5 MG TABLET,8699205010017,L04AX03,Pasif,76.85
8485,METHOTREXAT EBEWE 2.5. MG TABLET,8699205010017,L04AX03,Pasif,72.72
8486,METHOTREXAT EBEWE 50 MG/5 ML KONSANTRE ENJEKTABL ÇÖZELTI IÇEREN FLAKON,8699510760102,L01BA01,Pasif,72.98
8487,METHOTREXAT EBEWE 500 MG/5 ML KONSANTRE ENJEKTABL ÇÖZELTI IÇEREN FLAKON,8699510760096,L01BA01,Pasif,73.12
8490,METHOTREXATE DBL 50 MG/2 ML ENJEKTABL SOLÜSYON IÇEREN FLAKON,8699643770016,L01BA01,Pasif,77.15
8491,METHOTREXATE DBL 500 MG/20 ML ENJEKSİYONLUK/İNFÜZYONLUK ÇÖZELTİ,8699643770023,L01BA01,Pasif,70.27
8493,METHOTREXATE KOÇAK 50 MG/5 ML ENJEKSİYONLUK ÇÖZELTİ,8699828770084,L01BA01,Aktif,81.69
8494,METHOTREXATE KOÇAK 500MG/20ML ENJEKSIYONLUK ÇÖZELTI İÇEREN FLAKON,8699828770381,L01BA01,Aktif,83.21
8499,"METIGAST 100 MG/ML ORAL DAMLA, EMüLSIYON",8680199597172,A03AX13,Aktif,74.28
8502,"METIGAST 40 MG/ML ORAL DAMLA, EMüLSIYON",8680199597172,A03AX13,Aktif,72.38
8508,METLOC 5 MG/5 ML I.V. İNFüZYON İçIN ÇöZELTI İçEREN AMPUL,8680400770677,C07AB02,Aktif,78.52
8509,METOART 10 MG/1 ML ENJEKSİYONLUK ÇÖZELTİ İÇEREN ENJEKTÖR,8699828950011,L04AX03,Pasif,72.77
8510,"METOART 15 MG/1,5 ML ENJEKSİYONLUK ÇÖZELTİ İÇEREN ENJEKTÖR",8699828950028,L04AX03,Pasif,73.15
8511,METOART 20 MG/2 ML ENJEKSİYONLUK ÇÖZELTİ İÇEREN ENJEKTÖR,8699828950035,L04AX03,Pasif,73.41
8512,"METOART 25 MG/2,5 ML ENJEKSİYONLUK ÇÖZELTİ İÇEREN ENJEKTÖR",8699828950042,L04AX03,Pasif,73.7
8513,"METOART CON 10 MG/0,25 ML ENJEKSİYONLUK ÇÖZELTİ İÇEREN ENJEKTÖR",8699828950233,L04AX03,Aktif,72.47
8514,"METOART CON 12,5 MG/0,3125 ML ENJEKSİYONLUK ÇÖZELTİ İÇEREN ENJEKTÖR",8699828950202,L04AX03,Aktif,76.34
8515,"METOART CON 15 MG/0,375 ML ENJEKSİYONLUK ÇÖZELTİ İÇEREN ENJEKTÖR",8699828950219,L04AX03,Aktif,75.34
8516,"METOART CON 17,5 MG/0,4375 ML ENJEKSİYONLUK ÇÖZELTİ İÇEREN ENJEKTÖR",8699828950226,L04AX03,Aktif,77.82
8517,"METOART CON 20 MG/0,5 ML ENJEKSİYONLUK ÇÖZELTİ İÇEREN ENJEKTÖR",8699828950233,L04AX03,Aktif,73.71
8518,"METOART CON 22,5MG/0,5625 ML ENJEKSİYONLUK ÇÖZELTİ İÇEREN ENJEKTÖR",8699828950240,L04AX03,Pasif,75.62
8519,"METOART CON 25 MG/0,625 ML ENJEKSİYONLUK ÇÖZELTİ İÇEREN ENJEKTÖR",8699828950257,L04AX03,Aktif,75.72
8520,"METOART CON 27,5MG/0,6875 ML ENJEKSİYONLUK ÇÖZELTİ İÇEREN ENJEKTÖR",8699828950264,L04AX03,Pasif,76.13
8521,"METOART CON 30 MG/0,75 ML ENJEKSİYONLUK ÇÖZELTİ İÇEREN ENJEKTÖR",8699828950271,L04AX03,Pasif,74.27
8522,"METOART CON 7,5 MG/0,1875 ML ENJEKSİYONLUK ÇÖZELTİ İÇEREN ENJEKTÖR",8699828950189,L04AX03,Aktif,72.57
8523,METODEL 1000 MG FİLM TABLET,8699680090689,A10BA02,Pasif,73.13
8524,METODEL 1000 MG FİLM TABLET,8699680090689,A10BA02,Pasif,73.13
8525,METODEL 850 MG FİLM TABLET,8699680090672,A10BA02,Pasif,74.54
8527,METOPLON 10 MG/2 ML IM/IV ENJEKSIYONLUK ÇÖZELTI İÇEREN AMPUL,8698747750061,A03FA01,Pasif,78.1
8532,METPAMİD 10 MG TABLET,8699506012055,A03FA01,Aktif,71.02
8536,"METRIN  %0,6 TıBBI ŞAMPUAN",8699690560363,P03AC04,Aktif,73.47
8538,METRİN %5 DERİ KREMİ,8699690350407,P03AC04,Aktif,71.12
8540,METRONİDAZOLE FRESENİUS İNFÜZYON SOLÜSYONU 500MG/100ML,8699630691300,J01XD01,Pasif,77.4
8541,"METSIKON 69,19 MG/ML SüSPANSIYON",8680131751846,A03AX13,Pasif,74.88
8542,METSIL 40 MG/5 ML SÜSPANSIYON,8699570700056,A03AX13,Aktif,73.54
8544,"METSİL DAMLA 66,6 MG / ML",8699570590039,A03AX13,Aktif,71.7
8553,MEVOPAL 50 MG TABLET,8683498330112,C07AB02,Pasif,83.17
8554,MEXIA 10 MG FILM KAPLI TABLET,8699540090866,N06DX01,Aktif,82.37
8556,MEXIA 20 MG FILM KAPLI TABLET,8699540090873,N06DX01,Aktif,82.21
8557,MEXİA 5 MG + 10 MG + 15 MG + 20 MG TEDAVİYE BAŞLAMA PAKETİ,8699540090835,N06DX01,Aktif,70.27
8558,MEXİA XR 14 MG UZATILMIŞ SALINIMLI MİKROPELLET KAPSÜL,8699540170018,N06DX01,Aktif,77.8
8559,MEXİA XR 14 MG UZATILMIŞ SALINIMLI MİKROPELLET KAPSÜL,8699540170018,N06DX01,Aktif,77.8
8560,MEXİA XR 28 MG UZATILMIŞ SALINIMLI MİKROPELLET KAPSÜL,8699540170025,N06DX01,Aktif,77.75
8561,MEXİA XR 28 MG UZATILMIŞ SALINIMLI MİKROPELLET KAPSÜL,8699540170025,N06DX01,Aktif,77.75
8565,MEXTU 50 MG/2 ML IM/IV/IA/IT ENJEKSIYON VE INFüZYON IçIN çöZELTI IçEREN FLAKON,8699650772546,L01BA01,Aktif,80.48
8568,MIAMBUTOL 500 MG TABLET,8699828010302,J04AK02,Aktif,89.55
8570,MICARDIS 40 MG TABLET,8699693010087,C09CA07,Aktif,96.11
8571,MİCARDİS 80 MG TABLET,8699693010087,C09CA07,Aktif,84.09
8572,MICARDIS PLUS 80 MG/12.5 MG TABLET,8699693010087,C09CA07,Aktif,78.34
8581,MICTONORM 15 MG KAPLI TABLET,8699559120165,G04BD06,Aktif,71.8
8582,MICTONORM 5 MG KAPLI TABLET,8699559120165,G04BD06,Aktif,70.25
8583,MICTONORM SR 30 MG SÜREKLI SALIMLI KAPSÜL,8699559170023,G04BD06,Aktif,77.52
8584,MICTONORM SR 30 MG SÜREKLI SALIMLI KAPSÜL,8699559170023,G04BD06,Aktif,77.52
8585,MICTONORM SR 30 MG SÜREKLI SALIMLI KAPSÜL,8699559170023,G04BD06,Aktif,79.55
8586,MICTONORM SR 30 MG SÜREKLI SALIMLI KAPSÜL,8699559170023,G04BD06,Aktif,70.67
8587,MICTONORM SR 45 MG SÜREKLI SALIMLI KAPSÜL,8699559170023,G04BD06,Aktif,78.96
8588,MICTONORM SR 45 MG SÜREKLI SALIMLI KAPSÜL,8699559170023,G04BD06,Aktif,72.25
8592,"MIDAX %0,5 GÖZ DAMLASI, ÇÖZELTİ",8680199612035,S01FA06,Pasif,75.1
8597,MİDİZOL  100 MG KAPSÜL,8699525150080,L01AX03,Pasif,77.77
8598,MİDİZOL 140 MG KAPSÜL,8699525150073,L01AX03,Pasif,72.27
8599,MİDİZOL 180 MG KAPSÜL,8699525150073,L01AX03,Pasif,72.19
8600,MİDİZOL 20 MG KAPSÜL,8699525150073,L01AX03,Pasif,77.64
8601,MİDİZOL 250 MG KAPSÜL,8699525150875,L01AX03,Pasif,78.18
8602,MİDİZOL 5 MG KAPSÜL,8699525150066,L01AX03,Pasif,77.61
8603,MİDOLAM 15 MG/3 ML IM/IV REKTAL ÇÖZELTİ İÇEREN AMPUL,8681697750151,N05CD08,Aktif,84.38
8604,MİDOLAM 5 MG/1 ML IM/IV REKTAL ÇÖZELTİ İÇEREN AMPUL,8681697750144,N05CD08,Pasif,84.05
8605,MİDOLAM 50 MG/10 ML IM/IV REKTAL ÇÖZELTİ İÇEREN AMPUL,8681697750168,N05CD08,Pasif,84.19
8610,MIGDIA 100MG EFERVESAN TABLET,8697929021340,A10BF02,Pasif,94.85
8611,MIGDIA 25MG EFERVESAN TABLET,8697929021333,A10BF02,Pasif,93.28
8612,MIGDIA 50MG EFERVESAN TABLET KUB,8697929021340,A10BF02,Pasif,91.33
8615,MIGLITEC 25 MG TABLET,8697930012719,A10BF02,Pasif,85.86
8616,MIGLITEC 50 MG,8697930012719,A10BF02,Pasif,86.52
8617,MIGLITEC 50MG TABLET,8697930012719,A10BF02,Pasif,89.34
8620,MİGREOUT 5 MG EFERVESAN TABLET,8697936023276,N02CC04,Aktif,77.52
8621,MIGREX 2.5 MG FILM KAPLI TABLET,8699832090802,N02CC07,Aktif,87.42
8627,MİKAFUNGUS ®  50 MG I.V. INFüZYONLUK çöZELTI HAZıRLAMADA KULLANıLACAK KONSANTRE IçIN TOZ,8699606896555,J02AX05,Aktif,71.41
8628,MİKAFUNGUS 100 MG I.V. INFüZYONLUK çöZELTI HAZıRLAMADA KULLANıLACAK KONSANTRE IçIN TOZ,8699606896555,J02AX05,Aktif,72.26
8636,MIKODERM %1 ÇöZELTI,8699587651594,D01AE18,Aktif,96.45
8637,MIKODERM POMAD,8699587651594,D01AE18,Aktif,86.74
8638,MIKONAFIN % 1 DERMAL SPREY,8699523650094,D01AE15,Pasif,79.01
8641,MIKONAFIN %1 DERMAL SPREY,8699523650094,D01AE15,Pasif,77.5
8649,MIKOSTATIN ORAL SÜSPANSIYON,8699525706768,A07AA02,Aktif,74.29
8650,MIKOTU 180 MG GASTRO REZISTAN TABLET,8699715030024,L04AA06,Aktif,72.23
8651,MIKOTU 360 MG GASTRO REZISTAN TABLET,8699715030031,L04AA06,Aktif,72.23
8652,MİLASTO 10 MG + 20 MG + 30 MG FİLM KAPLI TABLET TEDAVİYE BAŞLAMA PAKETİ,8699738090654,L04AA32,Aktif,74.18
8658,MILOZ 15MG/3ML IV/IM ÇÖZELTI İÇEREN AMPUL,8699702755015,N05CD08,Pasif,82.51
8659,MILOZ 5MG/5ML IV/IM ÇÖZELTI İÇEREN AMPUL,8699702755008,N05CD08,Pasif,85.06
8660,MILRICOR 10 MG/10 ML IV ENJEKSIYON/İNFÜZYON İÇIN ÇÖZELTI İÇEREN AMPUL,8699844750831,C01CE02,Aktif,93.76
8661,MİNAFEN 120 MG/5ML ŞURUP,8699580570021,N02BE01,Pasif,74.82
8663,MINAMOL 120 MG/5 ML ORAL SÜSPANSIYON,8680760700024,N02BE01,Aktif,89.85
8667,MINAMOL PLUS 250 MG/5 ML ORAL SÜSPANSIYON,8680760700017,N02BE01,Aktif,90.43
8669,MINIRIN 0.1 MG/ML NAZAL SPREY,8697621540330,H01BA02,Pasif,87.69
8670,"MİNİRİN İNTRANAZAL SOLÜSYON 0.1MG/ML, 2.5 ML",8697621600348,H01BA02,Pasif,78.68
8671,MINIRIN MELT 120 MCG ORAL LIYOFILIZAT,8697621050235,H01BA02,Aktif,98.7
8672,MINIRIN MELT 120 MIKROGRAM ORAL LIYOFILIZAT,8697621050235,H01BA02,Aktif,72.67
8673,MINIRIN MELT 240 MCG ORAL LIYOFILIZAT,8697621050211,H01BA02,Aktif,78.34
8674,MINIRIN MELT 240 MCG ORAL LIYOFILIZAT,8697621050211,H01BA02,Aktif,90.17
8675,MINIRIN MELT 60 MCG ORAL LIYOFILIZAT,8697621050211,H01BA02,Aktif,98.68
8676,MINIRIN MELT 60 MIKROGRAM ORAL LIYOFILIZAT,8697621050211,H01BA02,Aktif,72.29
8678,MINOPAR 120 MG/5 ML ŞURUP,8680150570138,N02BE01,Aktif,89.6
8679,MINOPAR 500 MG TABLET,8680150570138,N02BE01,Aktif,78.36
8680,MINOPAR PLUS 250 MG / 5 ML PEDIYATRIK ORAL SüSPANSIYON,8680150700061,N02BE01,Aktif,91.93
8682,MINOSET 500 MG TABLET,8699546015597,N02BE01,Aktif,87.69
8683,MINOSET PEDIATRIK ŞURUP,8699546575589,N02BE01,Pasif,83.56
8712,MIRTARON 30 MG ÇENTIKLI FILM TABLET,8699502092068,N06AX11,Aktif,85.61
8720,MITOMYCIN-C KYOWA 10 MG ENJEKTABL FLAKON,8699650272046,L01DC03,Pasif,87.02
8721,MITOMYCIN-C KYOWA 2 MG ENJEKTABL FLAKON,8699650272046,L01DC03,Pasif,87.09
8722,MITOMYCIN-C KYOWA 20 MG ENJEKTABL FLAKON,8699650272046,L01DC03,Pasif,87.8
8724,MITOXANTRONE BAXTER 20 MG/10 ML ENJEKSİYONLUK ÇÖZELTİ,8699556270108,L01DB07,Pasif,71.02
8725,MITOXANTRONE-KOÇAK 20 MG/10 ML IV İNFÜZYONLUK ÇÖZELTİ İÇEREN FLAKON,8699828770022,L01DB07,Aktif,86.09
8726,MIVUX 100 MG FILM KAPLI TABLET,8699540099005,J05AF05,Aktif,94.66
8727,MIVUX 150 MG FİLM KAPLI TABLET,8699540098008,J05AF05,Pasif,91.66
8728,MIVUX 300 MG FİLM KAPLI TABLET,8699540099005,J05AF05,Aktif,88.76
8735,MIXTARD 30 HM 100 IU/ML  ENJEKSIYONLUK SÜSPANSIYON İÇEREN FLAKON,8699676770472,A10AD01,Pasif,77.46
8739,MİYADREN RETARD 100MG MİKROPELLET KAPSÜL,8698978030017,M01AB05,Pasif,70.26
8740,MIYASTU 180 MG UZATıLMış SALıMLı TABLET,8699715030017,N07AA02,Aktif,82.09
8746,MODET 500 MG KAPSÜL,8699527150217,C05BX01,Aktif,70.31
8747,MODIODAL 100 MG TABLET,8699783010157,N06BA07,Pasif,91.03
8748,MODIODAL 100 MG TABLET,8699638013951,N06BA07,Pasif,96.95
8749,MODİOGEN 100 MG TABLET,8699783010270,N06BA07,Pasif,81.44
8750,MODİOGEN 200 MG TABLET,8699783010270,N06BA07,Pasif,78.16
8753,MODIVIGIL 100 MG TABLET,8680698010370,N06BA07,Pasif,78.31
8754,MODIVIGIL 200 MG TABLET,8680698010387,N06BA07,Pasif,78.47
8755,MODIWAKE 100 MG TABLET,8699293012610,N06BA07,Aktif,86.18
8756,MODIWAKE 200 MG TABLET,8699293012627,N06BA07,Aktif,86.28
8768,MOLCEF 100 MG / 5 ML ORAL SüSPANSIYON HAZıRLAMAK  IçIN KURU TOZ,8680881286162,J01DD08,Aktif,72.23
8787,MOLREM 15MG EFERVESAN TABLET,8697933020711,N06AX11,Pasif,76.14
8788,MOLREM 30MG EFERVESAN TABLET,8697933020728,N06AX11,Pasif,76.95
8789,MOLREM 45MG EFERVESAN TABLET,8697933020735,N06AX11,Pasif,76.73
8791,MOMECON  % 0.1 KREM,8699569350095,D07AC13,Aktif,77.84
8792,MOMECON % 0.1 LOSYON,8699569480037,D07AC13,Aktif,78.11
8793,"MOMECON %0.05 BURUN SPREYİ, SÜSPANSİYON",8699569540069,R01AD09,Aktif,79.13
8794,MOMECON %0.1 POMAT,8699569380030,D07AC13,Aktif,77.49
8795,"MOMENTUM  LOSYON  %0,1",8699828480037,D07AC13,Pasif,81.0
8797,"MOMESY % 0,05 BURUN SPREYI, SüSPANSIYON",8680199021073,R01AD09,Aktif,80.56
8825,MONDES 5/10 MG FİLM TABLET,8680760091856,R03DC53,Pasif,72.12
8829,MONODUR 60 MG UZATILMIŞ ETKİLİ (DURULES) TABLET,8699809018785,C01DA14,Aktif,86.99
8831,MONOKET 20 MG TABLET,8699587011039,C01DA14,Aktif,91.79
8832,MONOKET 40 MG TABLET,8699587011046,C01DA14,Aktif,92.0
8833,MONOKET LONG 25 MG RETARD KAPSÜL,8699587011046,C01DA14,Aktif,77.23
8834,MONOKET LONG 50 MG RETARD KAPSÜL,8699587011046,C01DA14,Aktif,77.47
8836,MONOLONG® 40 MG SR MIKROPELLET KAPSÜL,8699543170022,C01DA14,Pasif,83.22
8837,MONOLONG® 60 MG SR MIKROPELLET KAPSÜL,8699543170015,C01DA14,Pasif,83.22
8843,MONOTONE %20 KREM,8699708350108,D11AX13,Aktif,98.04
8844,MONOVAS 10 MG TABLET,8699541012010,C08CA01,Pasif,77.72
8845,MONOVAS 5 MG TABLET,8699541012119,C08CA01,Pasif,77.5
8848,MONOVIT C 500 MG/2 ML IV/IM ENJEKSIYONLUK ÇöZELTI,8699828750062,A11GA01,Pasif,74.73
8850,"MONOVIT D3 50.000 IU/15 ML ORAL DAMLA, ÇÖZELTİ",8699828590026,A11CC05,Aktif,74.7
8854,MONUROL 3 G GRANUL İÇEREN SAŞE,8699569240266,J01XX01,Aktif,72.08
8856,MOPEM 1 G I.V. ENJEKSIYON İÇIN TOZ İÇEREN FLAKON,8699814270536,J01DH02,Aktif,75.71
8857,MOPEM 500 MG I.V. ENJEKSIYON IÇIN TOZ IÇEREN FLAKON,8699814270529,J01DH02,Aktif,79.51
8859,MORESERC 16 MG TABLET,8680008010038,N07CA01,Pasif,76.6
8860,MORESERC 24 MG TABLET,8680008010014,N07CA01,Pasif,72.49
8871,MORFOZİD 500 MG TABLET,8699828010104,J04AK04,Pasif,74.02
8876,MOTİLİUM 1 MG/ML ORAL SÜSPANSİYON,8699593701054,A03FA03,Pasif,85.45
8877,MOTİLİUM 10 MG FİLM TABLET,8699593091063,A03FA03,Pasif,81.27
8878,MOTILIUM SUPPOZITUVAR,8699593091063,A03FA03,Pasif,85.81
8879,MOTIS 1 MG/ML ORAL SüSPANSIYON,8699525707734,A03FA03,Aktif,89.58
8880,MOTIS 10 MG TABLET,8699525014115,A03FA03,Pasif,76.09
8884,"MOUNJARO 10 MG/0,5 ML ENJEKSİYONLUK ÇÖZELTİ",8699673765334,A10BX16,Aktif,85.75
8886,"MOUNJARO 12,5 MG/0,5 ML ENJEKSİYONLUK ÇÖZELTİ",8699673765334,A10BX16,Aktif,84.16
8888,"MOUNJARO 15 MG/0,5 ML ENJEKSİYONLUK ÇÖZELTİ",8699673765334,A10BX16,Aktif,84.46
8890,"MOUNJARO 2,5 MG/0,5 ML ENJEKSİYONLUK ÇÖZELTİ",8699673765327,A10BX16,Aktif,84.78
8892,"MOUNJARO 5 MG/0,5 ML ENJEKSİYONLUK ÇÖZELTİ",8699673765327,A10BX16,Aktif,85.1
8894,"MOUNJARO 7,5 MG/0,5 ML ENJEKSIYONLUK ÇÖZELTİ",8699673765327,A10BX16,Aktif,89.54
8919,"MOZOFOR 24 MG/1,2 ML S.C. ENJEKSİYONLUK ÇÖZELTİ",8699606777595,L03AX16,Aktif,80.48
8920,MOZOSENT 24 MG/1.2 ML S.C. ENJEKSIYONLUK ÇÖZELTI,8681248076051,L03AX16,Aktif,80.74
8939,MUCOLATOR  200  MG /5  ML PEDIATRIK ŞURUP HAZıRLAMAK İçIN TOZ,8699828570202,R05CB01,Pasif,76.04
8941,MUCOLATOR 200 MG TOZ IÇEREN ŞASE,8699828250036,R05CB01,Pasif,73.08
8944,MUCOLATOR PLUS 600 MG TOZ İÇEREN SAŞE,8699828250043,R05CB01,Pasif,73.2
8946,MUCOMAX 400 MG EFERVESAN TABLET,8680881023521,R05CB01,Aktif,70.22
8948,MUCONEX 600 MG GRANÜL İÇEREN SAŞE,8699772250021,R05CB01,Pasif,72.28
8949,MUCONEX 900 MG EFERVESAN TABLET,8699772020013,R05CB01,Aktif,71.44
8950,MUCONEX FORT 1200MG EFERVESAN TABLET,8699772020020,R05CB01,Aktif,70.34
8951,MUCONEX-C 600 MG/200 MG EFERVESAN TABLET,8699772020044,R05CB10,Aktif,71.51
8952,MUCOPLUS 1200 MG EFERVESAN TABLET,8682758020046,R05CB01,Aktif,70.73
8959,MUFINES 100 MG I.V. İNFÜZYONLUK ÇÖZELTİ HAZIRLAMAK İÇİN LİYOFİLİZE TOZ,8699606276869,J02AX06,Aktif,78.31
8965,MUKORAL  30 MG TABLET,8699578012618,R05CB06,Pasif,76.72
8966,MUKORAL 15 MG/5 ML PEDİATRİK ŞURUP,8699578572624,R05CB06,Pasif,71.19
8967,MUKORAL 30 MG/5 ML ŞURUP,8699578572617,R05CB06,Pasif,77.52
8972,MUKOTIK 250 MG/5 ML ŞURUP,8699828570103,R05CB03,Aktif,79.0
8973,MUKOTIK FORT 375 MG TABLET,8699828010289,R05CB03,Pasif,80.4
8974,MUKOZERO %4 ŞURUP HAZIRLAMAK İÇIN GRANÜL,8680760200012,R05CB01,Pasif,70.8
8975,MUKOZERO 1200 MG EFERVESAN TABLET,8680760020054,R05CB01,Aktif,73.26
8976,MUKOZERO 400 MG EFERVESAN TABLET,8680760020085,R05CB01,Aktif,72.45
8977,MUKOZERO 600 MG EFERVESAN TABLET,8680760020023,R05CB01,Aktif,74.08
8978,MUKOZERO 900 MG EFERVESAN TABLET,8680760020047,R05CB01,Aktif,73.93
8982,MULTIBIC 2 MMOL/L POTASYUMLU HEMOFILTRASYON SOLÜSYONU,8699684675127,B05ZB,Aktif,81.94
8983,MULTIBIC 3 MMOL/L POTASYUMLU HEMOFILTRASYON SOLÜSYONU,8699684675134,B05ZB,Aktif,81.98
8984,MULTIBIC 4 MMOL/L POTASYUMLU HEMOFILTRASYON SOLÜSYONU,8699684675141,B05ZB,Aktif,81.97
8985,MULTIBIC POTASYUMSUZ HEMOFILTRASYON SOLÜSYONU,8699684675103,B05ZB,Aktif,81.39
9007,MULTISEF 250 MG IM/IV ENJEKTABL TOZ IÇEREN FLAKON,8699541274555,J01DC02,Pasif,72.83
9010,MULTISEF 750 MG IM/IV ENJEKTABL TOZ IÇEREN FLAKON,8699541274555,J01DC02,Pasif,71.96
9012,MUPİDERM % 2 MERHEM,8699828380085,D06AX09,Aktif,78.12
9013,MUPİDERM %2 KREM,8699828350125,D06AX09,Pasif,82.07
9021,MUSCOBLOC  50  MG/5  ML  İ.V. ENJEKSIYONLUK  ÇöZELTI,8699606775362,M03AC09,Aktif,70.5
9048,MVASİ 100 MG/4 ML İNFÜZYONLUK ÇÖZELTİ HAZIRLAMAK İÇİN KONSANTRE,8699862760034,L01FG01,Aktif,78.1
9049,MVASİ 400 MG/16 ML İNFÜZYONLUK ÇÖZELTİ HAZIRLAMAK İÇİN KONSANTRE,8699862760041,L01FG01,Aktif,78.86
9050,MYACİT  100  MG  INFüZYONLUK çöZELTI HAZıRLAMAK IçIN TOZ,8699606896555,J02AX05,Aktif,75.34
9051,MYACİT  50  MG  INFüZYONLUK çöZELTI HAZıRLAMAK IçIN TOZ,8699606896555,J02AX05,Aktif,74.12
9056,MYCAMINE 100 MG ıV İNFÜZYONLUK ÇÖZELTİ İÇİN KONSANTRE TOZ,8681428792023,J02AX05,Aktif,71.13
9057,MYCAMINE 50 MG IV İNFüZYONLUK ÇöZELTI İçIN KONSANTRE TOZ,8681428792023,J02AX05,Aktif,71.9
9059,MYCOBUTIN  150  MG  KAPSüL,8681308151094,J04AB04,Aktif,90.7
9062,MYCOCUR 125 MG TABLET,8699540016262,D01BA02,Pasif,70.48
9063,MYCOCUR 250 MG TABLET,8699540016262,D01BA02,Pasif,75.65
9064,MYCONAF KREM %1,8699828350040,D01AE15,Pasif,72.44
9065,MYCOSPOR %1 KREM,8699546351411,D01AC10,Aktif,95.9
9070,MYESED  5  MG  FILM  KAPLı  TABLET,8680760092570,G04BE08,Aktif,97.83
9071,MYESED 10MG FILM TABLET,8680760090712,G04BE08,Pasif,77.8
9072,MYESED 20 MG FILM KAPLI TABLET,8680760092570,G04BE08,Aktif,86.23
9076,MYLORGE 100 MG FİLM KAPLI TABLET,8699514012757,L01EA02,Aktif,74.81
9077,MYLORGE 20 MG FİLM KAPLI TABLET,8699514012726,L01EA02,Aktif,74.18
9078,MYLORGE 50 MG FİLM KAPLI TABLET,8699514012733,L01EA02,Aktif,74.18
9079,MYLORGE 70 MG FİLM KAPLI TABLET,8699514012740,L01EA02,Aktif,75.16
9080,MYLOTARG 5 MG IV İNFüZYONLUK ÇöZELTI HAZıRLAMADA  KULLANıLACAK KONSANTRE İçIN TOZ,8681308271099,L01FX02,Aktif,92.72
9088,MYRALON 150 MCG/20 MCG TABLET,8683280337282,G03AA09,Aktif,80.35
9090,MYREY %0.05 BURUN SPREYI,8699536540016,R01AD09,Pasif,71.75
9092,MYSOLINE 250 MG TABLET,8680395500020,N03AA03,Aktif,97.77
9093,"N-CORT %0,055 NAZAL SPREY, SÜSPANSİYON",8699591540143,R01AD11,Aktif,70.9
9094,N-FESS 10 MG ÇIĞNEME TABLETI,8699559080049,R03DC03,Pasif,84.22
9095,N-FESS 10 MG FİLM KAPLI TABLET,8699559090239,R03DC03,Aktif,78.49
9096,N-FESS 4 MG ÇIĞNEME TABLETI,8699559080032,R03DC03,Pasif,85.23
9097,N-FESS 4 MG ÇIĞNEME TABLETI,8699559080032,R03DC03,Pasif,86.52
9098,N-FESS 4 MG PEDIYATRIK ORAL GRANÜL,8699559240023,R03DC03,Pasif,79.69
9099,N-FESS 5 MG ÇIĞNEME TABLETI,8699559080049,R03DC03,Pasif,86.41
9100,N-FESS 5 MG ÇIĞNEME TABLETI,8699559080049,R03DC03,Pasif,71.47
9107,NABOTA  100  ÜNİTE  ENJEKSİYONLUK  ÇÖZELTİ  HAZIRLAMAK  İÇİN  LİYOFİLİZE  TOZ,8680869372016,M03AX01,Aktif,72.69
9108,NAC 200 MG EFERVESAN TABLET,8697928020078,R05CB01,Pasif,72.44
9110,NAC 900 MG EFERVESAN TABLET,8697928020214,R05CB01,Aktif,74.04
9117,NADACNE %1 KREM,8680019354008,D10AF05,Pasif,76.95
9118,NADIXA %1 KREM,8699587352804,D10AF05,Aktif,82.53
9119,NAFDERİLEX  %1  KREM,8699819351704,D01AE22,Aktif,78.56
9120,NAFTİROX %1 KREM,8699792353832,D01AE22,Aktif,70.93
9122,NAGLID 120MG FILM TABLET,8699514091011,A10BX03,Pasif,80.53
9125,NANOGAM 10 G/100 ML İNFÜZYONLUK ÇÖZELTİ İÇEREN FLAKON,8681735980397,J06BA02,Pasif,72.62
9126,NANOGAM 10 G/200 ML IV İNFÜZYON İÇIN ÇÖZELTI İÇEREN FLAKON,8681735980038,J06BA02,Pasif,72.89
9128,"NANOGAM 2,5 G/25 ML İNFÜZYONLUK ÇÖZELTİ İÇEREN FLAKON",8681735980397,J06BA02,Pasif,74.74
9129,"NANOGAM 2,5 G/50 ML IV İNFÜZYON İÇIN ÇÖZELTI İÇEREN FLAKON",8681735980014,J06BA02,Pasif,70.26
9130,NANOGAM 20 G/200 ML İNFÜZYONLUK ÇÖZELTİ İÇEREN FLAKON,8681735980427,J06BA02,Aktif,72.57
9131,NANOGAM 30 G/300 ML İNFÜZYONLUK ÇÖZELTİ İÇEREN FLAKON,8681735980397,J06BA02,Pasif,71.99
9132,NANOGAM 5 G/100 ML IV İNFÜZYON İÇIN ÇÖZELTI İÇEREN FLAKON,8681735980021,J06BA02,Pasif,72.67
9134,NANOGAM 5 G/50 ML İNFÜZYONLUK ÇÖZELTİ İÇEREN FLAKON,8681735980397,J06BA02,Pasif,73.41
9138,NAPRADOL FORT FİLM TABLET,8699518090157,M01AE02,Pasif,79.45
9141,NAPREN-S FORT 550 MG FİLM KAPLI TABLET,8697772090067,M01AE02,Aktif,74.14
9144,NAPROFF 275 MG FİLM TABLET,8680199090468,M01AE02,Pasif,72.98
9145,NAPROFF 275 MG FİLM TABLET,8680199090468,M01AE02,Pasif,72.98
9146,NAPROFF 275 MG FİLM TABLET,8680199090468,M01AE02,Pasif,72.98
9148,NAPROFF FORTE  550 MG FİLM TABLET,8680199090468,M01AE02,Pasif,86.85
9149,NAPROFF FORTE 550MG FİLM TABLET,8680199090468,M01AE02,Pasif,72.17
9150,NAPROSYN %10 JEL,8699514340089,M02AA12,Aktif,83.17
9151,NAPROSYN 500 MG SUPOZİTUVAR,8699514890058,M01AE02,Aktif,72.42
9152,NAPROSYN CR 750MG TABLET,8699514037491,M01AE02,Aktif,81.11
9153,NAPROSYN EC 500 MG FORT TABLET,8699514130123,M01AE02,Aktif,83.53
9154,"NAPROSYN PLUS %10 + %5 DERIYE UYGULANACAK SPREY, çöZELTI",8699514510079,M02AA12,Aktif,79.88
9155,NAPROSYN PLUS JEL,8699514340041,M02AA12,Aktif,73.46
9157,"NASACORT AQ 55 MCG/DOZ BURUN SPREYİ, SÜSPANSİYON",8683060700015,R01AD11,Aktif,85.62
9160,NASONEX AQUEOUS NASAL SPREY,8699636540015,R01AD09,Pasif,76.78
9161,"NASOVİNE  %0.1  NAZAL  SPREY,  ÇÖZELTİ",8681030790097,R01AA07,Pasif,73.79
9163,"NASOVİNE PEDİATRİK %0,05 BURUN SPREYİ, ÇÖZELTİ",8681030790103,R01AA07,Pasif,70.08
9164,"NASOWELL 1 MG/ML + 50 MG/ML  BURUN SPREYİ , ÇÖZELTİ",8680199543643,R01AB06,Aktif,71.83
9167,NAT-ALA 120MG/200MG FILM KAPLI TABLET,8697929090902,A10BX03,Pasif,71.73
9168,NAT-ALA 180MG/200MG FILM KAPLI TABLET,8697929090919,A10BX03,Pasif,71.33
9171,NATEFUL 120 MG FILM KAPLı TABLET,8680881091896,A10BX03,Pasif,92.34
9172,NATEFUL 180 MG FILM KAPLı TABLET,8680881091896,A10BX03,Pasif,86.07
9181,"NATRIXAM 1,5 MG / 10  MG DEĞİŞTIRILMIŞ SALIMLI TABLET",8699552030119,C08GA02,Pasif,78.27
9182,NATRIXAM 1.5 MG / 5  MG DEĞİŞTIRILMIŞ SALIMLI TABLET,8699552030102,C08GA02,Pasif,78.3
9183,NATYSIN 10 MG FILM TABLET,8699772091051,G04BD08,Aktif,77.91
9184,NATYSIN 5 MG FILM TABLET KT,8699772091037,G04BD08,Aktif,76.69
9185,NAUZEX 8 MG/4 ML IM/IV ENJEKSİYONLUK/İNFÜZYONLUK ÇÖZELTİ,8699606756729,A04AA01,Aktif,80.04
9186,NAVELBİNE 10 MG/1 ML ENJEKSİYONLUK ÇÖZELTİ,8699749770019,L01CA04,Pasif,74.29
9187,NAVELBİNE 20 MG YUMUŞAK KAPSÜL,8699749190039,L01CA04,Aktif,76.97
9188,NAVELBİNE 30 MG YUMUŞAK KAPSÜL,8699749190046,L01CA04,Aktif,76.98
9189,NAVELBİNE 50 MG/5 ML ENJEKSIYONLUK ÇÖZELTİ,8699749770026,L01CA04,Pasif,76.95
9190,NAVOBAN 5 MG KAPSÜL-KT,8699504150155,A04AA03,Pasif,86.09
9191,NAVOBAN 5 MG/5 ML AMPUL,8699504750454,A04AA03,Pasif,86.72
9192,"NAXODER %1 DERİYE UYGULANACAK SPREY, ÇÖZELTİ",8680131752454,D01AE22,Pasif,75.4
9194,"NAZALASTİN 0.14 MG PÜSKÜRTME BURUN SPREYİ, ÇÖZELTİ",8680150540032,R01AC03,Aktif,88.24
9195,NAZE BURUN SPREYI 10 ML,8699730540119,R01AA07,Pasif,73.38
9196,NAZE PEDIATRIK BURUN SPREYI 10 ML,8699730540133,R01AA07,Pasif,77.36
9197,"NAZETIN 0.14 MG / PüSKüRTME BURUN SPREYI,  ÇöZELTI",8699591540150,R01AC03,Aktif,84.43
9198,NAZOBEC 100 MCG NAZAL SPREY,8680955540060,R01AD01,Aktif,75.15
9202,"NAZOSTER %0.05 BURUN SPREYİ, SÜSPANSİYON",8699566543308,R01AD09,Aktif,76.29
9203,NEBIDO 250 MG/ML IM ENJEKSIYONLUK ÇöZELTI İçEREN FLAKON,8699508770120,G03BA03,Aktif,77.46
9205,Nebiworld 2.5 mg Tablet,8680199031348,C07AB12,Pasif,86.02
9206,NEBİWORLD 5 MG TABLET,8680199031348,C07AB12,Pasif,71.11
9207,NECETAM 1200 MG FİLM KAPLI TABLET,8680199090789,N06BX03,Aktif,74.7
9208,NECETAM 800 MG FİLM KAPLI TABLET,8680199090789,N06BX03,Aktif,81.32
9209,NEFOVIR 245 MG FILM KAPLı TABLET,8699738090043,J05AF07,Aktif,84.83
9212,NEFRO-CARNITIN IV İNFÜZYON SOLÜSYONU İÇEREN AMPUL,8699708750359,A16AA01,Pasif,74.78
9223,NELARAMAX 250 MG/50 ML IV İNFüZYONLUK ÇöZELTI,8681198055106,L01BB07,Pasif,87.86
9241,NEOFLEKS %0.9 İZOTONİK SODYUM KLORÜR SUDAKİ ÇÖZELTİSİ,8697637690029,B05XA03,Aktif,70.82
9243,NEOFLEKS %10 DEKSTROZ SUDAKI SOLÜSYON,8697637690272,B05BA03,Aktif,70.19
9245,NEOFLEKS %20 MANNITOL SUDAKI ÇÖZELTISI,8697637691422,B05BC01,Aktif,97.61
9246,NEOFLEKS %30 DEKSTROZ SUDAKI SOLÜSYON,8697637690470,B05BA03,Aktif,70.12
9248,NEOFLEKS %5 DEKSTROZ %0.45 SODYUM KLORÜR SUDAKİ ÇÖZELTİSİ,8697637691040,B05BB02,Aktif,74.95
9250,NEOFLEKS %5 DEKSTROZ LAKTATLI RINGER SUDAKI SOLÜSYONU,8697637691248,B05BB02,Aktif,70.09
9251,NEOFLEKS %5 DEKSTROZ SUDAKI  ÇÖZELTİSİ,8697637690166,B05BA03,Aktif,77.67
9252,NEOFLEKS %5 DEKSTROZ SUDAKI SOLÜSYON,8697637690159,B05BA03,Aktif,70.07
9256,NEOFLEKS HIPERTONIK % 3 SODYUM KLORÜR SUDAKI ÇÖZELTISI,8697637691309,B05XA03,Aktif,88.83
9257,NEOFLEKS İZOPLEN-P %5 DEKSTROZLU DENGELI ELEKTROLIT İÇEREN İNFÜZYON IÇIN ÇÖZELTI,8697637691569,B05XA30,Aktif,70.28
9263,NEOGABA  25 MG KAPSÜL,8699508150304,N02BF02,Pasif,72.69
9264,NEOGABA 150 MG KAPSÜL,8699508150328,N02BF02,Pasif,75.76
9265,NEOGABA 300 MG KAPSüL,8699508150342,N02BF02,Pasif,75.69
9266,NEOGABA 75 MG KAPSÜL,8699508150311,N02BF02,Pasif,76.04
9272,NEOPROFEN JEL,8699033340140,M02AA13,Pasif,84.8
9274,"NEORIS 0,5MG EFERVESAN TABLET",8697930021292,N05AX08,Pasif,76.49
9275,NEORIS 1MG EFERVESAN TABLET,8697930021315,N05AX08,Pasif,74.9
9276,NEORIS 2MG EFERVESAN TABLET,8697930021339,N05AX08,Pasif,74.7
9277,NEORIS 3MG EFERVESAN TABLET,8697930021315,N05AX08,Pasif,73.62
9278,NEORIS 4MG EFERVESAN TABLET,8697930021377,N05AX08,Pasif,74.47
9279,NEORIS 6MG EFERVESAN TABLET,8697930021308,N05AX08,Pasif,74.45
9280,NEOSET 3 MG/3 ML IV INFÜZYON IÇIN ÇÖZELTI IÇEREN AMPUL,8699525756299,A04AA02,Pasif,85.68
9281,"NEOSTIGMIN 0,5 MG/ML IM/IV/SC ENJEKSIYONLUK ÇöZELTI",8699587751607,N07AA01,Aktif,82.76
9282,NEOSTIGMINE AMPUL,8699587751607,N07AA01,Aktif,77.48
9283,NEOTAB 40 MG FİLM TABLET,8699525091031,A02BA03,Pasif,71.91
9290,NEPITIN 600 MG ÇENTIKLI FILM TABLET,8699543090726,N02BF01,Aktif,88.55
9291,NEPITIN 800 MG ÇENTIKLI FILM TABLET,8699543090733,N02BF01,Aktif,98.04
9298,NERUDA 100 MG FILM TABLET,8699536091686,N02BF01,Pasif,98.85
9299,NERUDA 250MG/5ML ORAL ÇÖZELTİ,8699536650111,N02BF01,Aktif,89.1
9300,NERUDA 300 MG FILM TABLET,8699536091693,N02BF01,Pasif,95.89
9301,NERUDA 400 MG FILM TABLET,8699536091709,N02BF01,Pasif,95.93
9302,NERUDA 600 MG FILM TABLET,8699536091716,N02BF01,Pasif,95.98
9303,NERUDA 800 MG FILM TABLET,8699536091723,N02BF01,Pasif,96.11
9305,NERVİUM 5 MG TABLET,8699511010145,N05BA01,Aktif,76.87
9308,NETFEN 200MG SR KAPSÜL,8680881170638,M01AE09,Aktif,81.12
9309,"NETİLCİN %0,3 GÖZ DAMLASI, ÇÖZELTİ",8699844612139,S01AA23,Aktif,75.83
9310,"NETİLDEX %0,3+%0,1 GÖZ DAMLASI, ÇÖZELTİ",8682225810057,S01AA23,Aktif,71.58
9311,"NETİLDEX TEK DOZ %0,3+%0,1 GÖZ DAMLASI, ÇÖZELTİ",8682225810064,S01AA23,Aktif,74.44
9312,"NETILGUT % 0,3 GöZ DAMLASı, ÇöZELTI",8699569610441,S01AA23,Aktif,79.6
9314,"NETİRA %0,3 GÖZ DAMLASI, ÇÖZELTİ",8682225810057,S01AA23,Aktif,79.88
9315,"NETİRA TEK DOZ %0,3 GÖZ DAMLASI, ÇÖZELTİ",8682225810064,S01AA23,Aktif,82.23
9319,NETROLEX 100 MG/ML ORAL ÇÖZELTI,8699536650043,N03AX14,Aktif,86.15
9320,NETROLEX 1000 MG FILM KAPLI TABLET,8699536091822,N03AX14,Aktif,84.32
9321,NETROLEX 1000 MG XR TABLET,8699536030197,N03AX14,Aktif,83.7
9322,NETROLEX 250 MG FILM KAPLI TABLET,8699536091808,N03AX14,Aktif,82.37
9323,NETROLEX 500 MG FILM KAPLI TABLET,8699536091815,N03AX14,Aktif,84.11
9324,NETROLEX 500 MG XR TABLET,8699536030159,N03AX14,Aktif,83.53
9325,NETROLEX 500 MG/5 ML KONSATRE INFÜZYON ÇÖZELTISI IÇEREN FLAKON,8699536760049,N03AX14,Pasif,76.22
9327,NETROLEX 750 MG XR TABLET,8699536030173,N03AX14,Aktif,84.39
9328,NETROMYCINE ENJEKTABL 150 MG/1.5 ML AMPUL,8699636750605,J01GB07,Pasif,71.19
9329,NETROMYCINE ENJEKTABL 400 MG/2 ML AMPUL,8699790750190,J01GB07,Pasif,70.82
9330,NETROMYCINE ENJEKTABL 50 MG/2 ML AMPUL,8699636750629,J01GB07,Pasif,70.38
9337,NEULASTİM 6MG/0.6ML SC ENJEKSİYON İÇİN KULLANIMA HAZIR ŞIRINGA,8699862950145,L03AA13,Aktif,79.46
9339,NEUREM 10 MG FİLM KAPLI TABLET,8680881093784,N06DA02,Pasif,77.78
9340,NEUREM 5 MG FİLM KAPLI TABLET,8680881093777,N06DA02,Pasif,77.6
9341,NEURICA 150 MG KAPSÜL,8699828150497,N02BF02,Pasif,97.23
9342,NEURICA 25 MG KAPSÜL,8699828150473,N02BF02,Pasif,97.17
9343,NEURICA 300 MG KAPSÜL,8699828150503,N02BF02,Pasif,97.22
9344,NEURICA 75 MG KAPSÜL,8699828150480,N02BF02,Pasif,97.49
9345,NEUROBER 150MG SERT KAPSÜL,8699591150304,N02BF02,Pasif,82.85
9346,NEUROBER 25MG SERT KAPSÜL,8699591150311,N02BF02,Pasif,81.73
9347,NEUROBER 300MG SERT KAPSÜL,8699591150335,N02BF02,Pasif,83.31
9348,NEUROBER 75MG SERT KAPSÜL,8699591150328,N02BF02,Pasif,81.41
9349,NEURONTIN 100 MG KAPSÜL,8699756154390,N02BF01,Aktif,90.38
9350,NEURONTIN 300 MG KAPSÜL,8699756154406,N02BF01,Aktif,90.56
9351,NEURONTIN 400 MG KAPSÜL,8699756154413,N02BF01,Aktif,90.63
9352,NEURONTIN 600 MG ÇENTIKLI FILM KAPLI TABLET,8699532095527,N02BF01,Aktif,91.52
9353,NEURONTIN 800 MG ÇENTIKLI FILM KAPLI TABLET,8699532095534,N02BF01,Aktif,91.67
9358,NEUTAXAN 60 MG/1.5 ML İNFÜZYON İÇİN KONSANTRE ÇÖZELTİ İÇEREN FLAKON,8699541761116,L01CD04,Aktif,72.9
9369,"NEVANAC 3 MG/ML GöZ DAMLASı, SüSPANSIYON",8699504710151,S01BC10,Pasif,87.92
9372,NEVIMOL 10MG TABLET,8680881011467,C07AB12,Aktif,86.02
9373,"NEVIMOL 2,5 MG TABLET",8680881011443,C07AB12,Aktif,80.54
9374,NEVIMOL 20 MG TABLET,8680881011443,C07AB12,Aktif,95.25
9375,NEVIMOL 5 MG TABLET,8680881011443,C07AB12,Aktif,96.35
9378,NEVOFAM 20 MG TABLET,8681911010054,A02BA03,Aktif,79.42
9379,NEVOFAM 40 MG TABLET,8681911010061,A02BA03,Aktif,80.23
9385,NEVOTEK 500MG/100ML İ.V. İNFÜZYON İÇIN ÇÖZELTI İÇEREN FLAKON,8699578692810,J01MA12,Pasif,72.24
9394,NEWAGRA 100 MG FILM KAPLı TABLET,8682773010299,G04BE03,Aktif,84.87
9395,NEWAGRA 50 MG FILM KAPLı TABLET,8682773010299,G04BE03,Aktif,83.61
9398,NEXAVAR 200 MG FILM KAPLI TABLET,8699546090044,L01EX02,Aktif,92.11
9403,NEXFUL 40 MG IV İİNFÜZYON/ENJEKSİYONLUK ÇÖZELTİ İÇİN TOZ,8680712790042,A02BC05,Pasif,84.24
9404,NEXİUM 20 MG ENTERIK KAPLI PELLET TABLET,8699786040038,A02BC05,Aktif,73.34
9405,NEXİUM 40 MG ENTERİK KAPLI PELLET TABLET,8699786040045,A02BC05,Aktif,86.98
9406,NEXIVOL 10 MG TABLET,8699514010364,C07AB12,Aktif,98.89
9407,NEXIVOL 5 MG TABLET,8699514010036,C07AB12,Aktif,96.47
9408,NEXOMEP 20MG ENTERIK KAPLI PELLET TABLET,8699516043018,A02BC05,Pasif,74.27
9409,NEXOMEP 40MG ENTERIK KAPLI PELLET TABLET,8699516043032,A02BC05,Pasif,73.72
9410,NEXPLANON 68 MG İMPLANT,8683280337299,G03AC08,Aktif,92.78
9411,NEXPOVIO 20 MG FILM KAPLI TABLET,8699831090360,L01XX66,Aktif,72.71
9414,NEXSTEP 20 MG ENTERİK KAPLI TABLET,8680881040696,A02BC05,Aktif,92.05
9415,NEXSTEP 40 MG ENTERİK KAPLI TABLET,8680881040696,A02BC05,Aktif,93.96
9419,"NGENLA 24 MG /1,2 ML ENJEKSİYONLUK ÇÖZELTİ İÇEREN KULLANIMA HAZIR KALEM",8681308951007,H01AC08,Aktif,92.83
9420,"NGENLA 60 MG /1,2 ML ENJEKSIYONLUK ÇöZELTI  İçEREN KULLANıMA HAZıR KALEM",8681308951106,H01AC08,Aktif,95.61
9430,NİBULEN %1 KREM,8683060350012,D01AE14,Aktif,70.21
9431,NİBULEN 10 MG/ML DERMAL ÇÖZELTİ,8683060650013,D01AE14,Aktif,72.8
9432,NİBULEN 80 MG/G TIRNAK CİLASI SETİ,8683060650020,D01AE14,Pasif,77.9
9435,NICORETTE COOLS 2 MG NANELI PASTIL,8683873411535,N07BA01,Aktif,82.11
9436,NICORETTE COOLS 4 MG NANELI PASTIL,8683873411566,N07BA01,Aktif,82.14
9437,NİCORETTE FRESHFRUİT 2 MG MEYVELİ SAKIZ,8683873423095,N07BA01,Aktif,85.22
9438,NİCORETTE FRESHFRUİT 4 MG MEYVELİ SAKIZ,8683873423156,N07BA01,Aktif,85.25
9439,NICORETTE FRESHMINT 2 MG NANELI SAKıZ,8683873423217,N07BA01,Aktif,93.44
9440,NİCORETTE FRESHMİNT 4 MG NANELİ SAKIZ,8683873423279,N07BA01,Aktif,84.11
9441,NİCORETTE INVISI 10 MG / 16 SAAT TRANSDERMAL FLASTER,8683873481309,N07BA01,Aktif,86.68
9443,NICORETTE İNVISI 15 MG/16 SAAT TRANSDERMAL FLASTER,8683873481323,N07BA01,Aktif,89.36
9444,NICORETTE İNVISI 25 MG/16 SAAT TRANSDERMAL FLASTER,8683873481354,N07BA01,Aktif,89.33
9445,"NICORETTE QUICKMIST 1 MG/SPREY MEYVELI ORAL  MUKOZAYA  UYGULANACAK  SPREY, ÇöZELTI",8683873452460,N07BA01,Aktif,94.76
9446,"NICORETTE QUICKMIST 1 MG/SPREY NANELI ORAL MUKOZAYA  UYGULANACAK  SPREY,  ÇöZELTI",8683873452439,N07BA01,Aktif,94.57
9448,NICOTINELL 21 MG/24 SAAT TRANSDERMAL FLASTER,8681291810268,N07BA01,Pasif,70.32
9449,NICOTINELL 7 MG/24 SAAT TRANSDERMAL FLASTER,8681291810268,N07BA01,Pasif,72.21
9456,"NİDAZOL %0,5 IV SOLÜSYON",8699508700042,P01AB01,Aktif,77.51
9458,NİDAZOL 250 MG FİLM TABLET,8699508090211,P01AB01,Aktif,77.42
9459,NİDAZOL 250 MG FİLM TABLET,8699508090211,P01AB01,Aktif,77.42
9461,NIDAZOL 500 MG FILM KAPLı TABLET,8699508090075,P01AB01,Aktif,91.46
9465,Nifunis 500 mg/200.000 I.U. Vajinal Ovül,8699324900015,G01AA51,Pasif,73.26
9478,NIMELID JEL % 1,8699525345264,M02AA26,Aktif,94.53
9479,NIMELID TABLET 100 MG,8699525013859,M01AX17,Aktif,95.12
9481,NIMES 100 MG TABLET,8699536010205,M01AX17,Aktif,94.44
9485,NIMES TOPIKAL JEL %1,8699536340029,M02AA26,Aktif,94.97
9486,"NIMIDO PLUS %1 + %5 DERIYE UYGULANACAK SPREY, ÇöZELTI",8680199030693,M02AA26,Aktif,86.67
9488,NIMOTOP 10 MG / 50 ML İNFüZYON ÇöZELTISI,8699546750399,C08CA06,Aktif,84.27
9489,NIMOTOP 30 MG FILM KAPLı TABLET,8699546010387,C08CA06,Aktif,94.82
9491,NINLARO 2.3 MG KAPSüL,8699456150036,L01XG03,Aktif,80.74
9492,NINLARO 3 MG KAPSüL,8699456150043,L01XG03,Aktif,75.33
9493,NINLARO 4 MG KAPSüL,8699456150050,L01XG03,Aktif,75.05
9510,NIZORAL 200 MG TABLET,8699593351075,D01AC08,Pasif,86.41
9511,NIZORAL 200MG TABLET,8699593351075,D01AC08,Pasif,84.45
9512,NIZORAL 400MG OVÜL,8699593351075,D01AC08,Pasif,81.17
9519,NOBECID 250 MG/5 ML SÜSPANSIYON HAZIRLAMAK IÇIN TOZ,8699540280328,J01CR04,Pasif,80.08
9525,NOBİCİA 5 MG FİLM KAPLI TABLET,8684071000088,G04BE08,Aktif,82.52
9530,NOGESİC 1 G/2 MLİ.M./İ.V.ENJEKSIYONLUK ÇöZELTI,8699828750017,N02BB02,Pasif,82.78
9531,"NOGESİC 2,5 G/5 MLİ.M./İ.V.ENJEKSIYONLUK ÇöZELTI",8699828750048,N02BB02,Pasif,83.5
9532,NOGESİC 500 MG TABLET,8699828010036,N02BB02,Pasif,73.56
9534,NOKTÜRN 10 MG FİLM TABLET,8699536091129,N06AB05,Pasif,74.21
9535,NOKTÜRN 20 MG FİLM TABLET,8699536091143,N06AB05,Pasif,74.3
9536,NOKTÜRN 30 MG FİLM TABLET,8699536091167,N06AB05,Pasif,74.28
9537,NOKTÜRN 40 MG FİLM TABLET,8699536091181,N06AB05,Pasif,74.69
9544,NOLVADEX 20 MG FILM TABLET,8699786090019,L02BA01,Pasif,84.41
9545,NONAFACT 1000 IU/ 10 ML KT,8699823980082,B02BD04,Pasif,70.44
9547,NOOTROPIL 1200 MG FILM TABLET,8699624090102,N06BX03,Pasif,88.28
9550,NOOTROVER 1 G/5 ML İNFÜZYONLUK ÇÖZELTİ İÇEREN AMPUL,8680400770370,N06BX03,Pasif,76.19
9551,NOPARKS 1 MG TABLET,8699819010557,N04BD02,Pasif,74.52
9552,NOPARKS 1 MG TABLET,8699819010557,N04BD02,Pasif,74.52
9557,NÖRAFİT 150 MG EFERVESAN TABLET,8697930022190,N02BF02,Pasif,70.32
9560,NöRAFIT 25 MG EFERVESAN TABLET,8697930022169,N02BF02,Pasif,79.92
9561,NÖRAFİT 300 MG EFERVESAN TABLET,8697930022206,N02BF02,Pasif,70.22
9562,NöRAFIT 75 MG EFERVESAN TABLET,8697930022183,N02BF02,Pasif,80.42
9574,NORDİTROPİN® NORDİFLEX® 10 MG/1.5 ML ENJEKSİYONLUK ÇÖZELTİ İÇEREN KULLANIMA HAZIR KALEM,8699676950232,H01AC01,Pasif,84.64
9575,NORDİTROPİN® NORDİFLEX® 15 MG/1.5 ML ENJEKSİYONLUK ÇÖZELTİ İÇEREN KULLANIMA HAZIR KALEM,8699676950249,H01AC01,Pasif,84.74
9576,NORDİTROPİN® NORDİFLEX® 5 MG/1.5 ML ENJEKSİYONLUK ÇÖZELTİ İÇEREN KULLANIMA HAZIR KALEM,8699676950225,H01AC01,Pasif,84.66
9580,NORLEVO 1.5 MG TABLET,8699704011638,G03AD01,Pasif,82.95
9581,NORLOPIN 10 MG TABLET,8699511010169,C08CA01,Aktif,74.76
9584,NORMATİN % 0.5 GÖZ DAMLASI,8680199610116,S01ED01,Pasif,75.46
9586,NORMOPRES TABLET 10 MG,8699543010618,C08CA01,Aktif,84.53
9587,NORMOPRES TABLET 5 MG,8699543010601,C08CA01,Aktif,84.39
9588,"NORMOTRI 10 MG/1,25 MG/4,07 MG FILM KAPLI TABLET",8699543091891,C09BX01,Aktif,79.63
9589,"NORMOTRI 5 MG/0,625 MG/2,035 MG FILM KAPLı TABLET",8699543091907,C09BX01,Aktif,70.16
9590,"NORMOTRI 5 MG/1,25 MG/4,07 MG FILM KAPLI TABLET",8699543091884,C09BX01,Aktif,79.56
9591,"NORMOTRI FORT 10 MG/2,5 MG/8,14 MG FILM KAPLI TABLET",8699543091914,C09BX01,Aktif,83.75
9592,"NORMOTRI FORT 5 MG/2,5 MG/8,14 MG FILM KAPLI TABLET",8699543091907,C09BX01,Aktif,80.06
9594,NORODOL 10 MG TABLET,8699543010083,N05AD01,Aktif,98.98
9595,NORODOL 10 MG/2 ML SOLÜSYON IÇEREN AMPUL I.M./I.V.,8699543750071,N05AD01,Aktif,78.65
9596,NORODOL 2 MG / ML ORAL DAMLA,8699543590028,N05AD01,Aktif,90.74
9597,NORODOL 20 MG TABLET,8699543010090,N05AD01,Aktif,99.06
9598,NORODOL 5 MG TABLET,8699543010076,N05AD01,Aktif,99.01
9599,NORODOL 5 MG/1 ML SOLÜSYON IÇEREN AMPUL I.M./I.V.,8699543750040,N05AD01,Aktif,78.75
9600,Norodol dekanoat 150mg-3 ml enjeksiyon için çözelti,8699543750101,N05AD01,Aktif,80.87
9601,"NORODOL DEKANOAT 50 MG/ML İ.M. ENJEKSIYON İÇIN ÇÖZELTI, 1 ML",8699543750095,N05AD01,Pasif,80.97
9602,"NORODOL DEKANOAT 50 MG/ML I.M. ENJEKSIYON IÇIN ÇÖZELTI, 1 ML",8699543750095,N05AD01,Pasif,88.25
9603,"NORODOL DEKANOAT 50 MG/ML İ.M. ENJEKSIYON İÇIN ÇÖZELTI, 3 ML",8699543750118,N05AD01,Pasif,82.07
9604,"NORODOL DEKANOAT 50 MG/ML I.M. ENJEKSIYON IÇIN ÇÖZELTI, 3 ML",8699543750118,N05AD01,Pasif,82.17
9605,"NORODOL DEKANOAT 50 MG/ML I.M. ENJEKSIYON IÇIN ÇÖZELTI, 3 ML",8699543750118,N05AD01,Pasif,88.29
9608,NÖROMAT 100 MG FİLM TABLET,8699578092849,N03AX11,Pasif,79.63
9609,NÖROMAT 200 MG FİLM TABLET,8699578092856,N03AX11,Pasif,79.84
9610,NÖROMAT 25 MG FİLM TABLET,8699578092825,N03AX11,Pasif,79.74
9611,NÖROMAT 50 MG FİLM TABLET,8699578092832,N03AX11,Pasif,79.5
9612,NÖROTROP 1 G/5ML IM/IV AMPUL,8697772750015,N06BX03,Pasif,78.48
9615,NORPROLAC 25 MG + 50 MG TABLET (BAŞLANGIÇ PAKETI),8697621010253,G02CB04,Pasif,82.3
9616,NORPROLAC 75 MG TABLET,8697621010260,G02CB04,Pasif,82.85
9618,NORTAN 100 MG FİLM TABLET,8699809097681,C07AB03,Pasif,72.17
9619,NORTAN 50 MG FİLM TABLET,8699809097674,C07AB03,Pasif,71.99
9620,NORVADIN 10 MG TABLET,8699514012085,C08CA01,Pasif,79.74
9621,NORVADIN 5 MG TABLET,8699514012122,C08CA01,Pasif,85.77
9623,NORVASC 10 MG TABLET,8699532015334,C08CA01,Aktif,75.31
9625,NORVASC 5 MG TABLET,8699532015327,C08CA01,Aktif,75.08
9626,NORVİR 100 MG FİLM KAPLI TABLET,8680656080308,J05AE03,Aktif,86.71
9627,NORVIR 100 MG YUMUŞAK KAPSÜL,8680656080308,J05AE03,Aktif,70.73
9628,NORVIR 100 MG YUMUŞAK KAPSÜL,8680656080308,J05AE03,Aktif,88.15
9629,NORVIR 80 MG/ML ORAL SOLÜSYON,8699548150609,J05AE03,Pasif,75.28
9632,NOSPAZM 40 MG FILM KAPLı TABLET,8680760090569,A03AB06,Aktif,76.32
9638,NOTTA 10 MG FİLM KAPLI TABLET,8699536093116,R03DC03,Aktif,85.4
9639,NOTTA 4 MG ÇİĞNEME TABLETİ,8699536080116,R03DC03,Aktif,83.5
9640,NOTTA 4 MG PEDİYATRİK ORAL GRANÜL,8699536250151,R03DC03,Pasif,80.82
9641,NOTTA 5 MG ÇİĞNEME TABLETİ,8699536080130,R03DC03,Aktif,83.34
9642,NOTUSS  15  MG/5  ML  ŞURUP,8699772570006,R05DB13,Aktif,83.48
9643,NOTUSS 50 MG SR TABLET,8699772030135,R05DB13,Aktif,80.65
9644,"NOTUSS 7,5 MG/5 ML ŞURUP",8699772570013,R05DB13,Aktif,78.38
9645,"NOTUSS FORT 22,5 MG/5 ML ŞURUP",8699772570020,R05DB13,Aktif,75.14
9646,NOTUSS FORT ŞURUP,8699772570020,R05DB13,Aktif,86.34
9649,NOVALGIN 1G/2ML IM/IV ENJEKSİYONLUK ÇÖZELTİ,8683060750102,N02BB02,Aktif,75.96
9651,NOVALGIN 250 MG/5  ML ŞURUP,8683060570052,N02BB02,Aktif,88.65
9653,NOVALGIN 500 MG TABLET,8683060010107,N02BB02,Aktif,89.13
9654,NOVALGIN 500 MG/ML ORAL DAMLA,8683060750102,N02BB02,Aktif,82.51
9664,NOVAVIR 75 MG SERT KAPSüL,8699828150589,J05AH02,Aktif,88.23
9672,NOVO RAPID FLEXPEN 3ML 100U/ML,8699676950676,A10AB05,Aktif,83.65
9682,NOVOMIX 30 FLEXPEN 100 U/ML ENJEKSIYONLUK SüSPANSIYON İçEREN KULLANıMA HAZıR KALEM,8699676950829,A10AD05,Pasif,82.61
9683,NOVOMIX 30 PENFILL  100 U/ML ENJEKSIYONLUK SüSPANSIYON İçEREN KARTUş,8699676950690,A10AD05,Aktif,79.78
9684,NOVOMİX 50 FLEXPEN 100 U/ML ENJEKSİYONLUK SÜSPANSİYON İÇEREN KULLANIMA HAZIR KALEM,8699676950829,A10AD05,Pasif,76.86
9686,NOVORAPİD 100 U/ML ENJEKSİYONLUK ÇÖZELTİ İÇEREN FLAKON,8699676770656,A10AB05,Aktif,79.87
9687,NOVORAPİD FLEXPEN 100 U/ML ENJEKSİYONLUK ÇÖZELTİ İÇEREN KULLANIMA HAZIR KALEM,8699676950676,A10AB05,Aktif,76.22
9688,NOVORAPİD PENFİLL 100 U/ML ENJEKSİYONLUK ÇÖZELTİ İÇEREN KARTUŞ,8699676950669,A10AB05,Pasif,74.0
9702,NOXAFIL 100 MG ENTERİK KAPLI TABLET,8699636041284,J02AC04,Aktif,81.11
9703,NOXAFIL 300 MG İNFÜZYONLUK KONSANTRE ÇÖZELTİ,8699636791271,J02AC04,Aktif,83.81
9704,NOXAFIL 40MG /ML ORAL SÜSPANSIYON,8699636280799,J02AC04,Aktif,83.6
9707,NPLATE 250 MCG ENJEKSİYONLUK ÇÖZELTİ HAZIRLAMAK İÇİN TOZ(ÜRETİM YERİ: AMGEN TECHNOLOGY (IRELAND)),8699862270045,B02BX04,Aktif,74.21
9708,NPLATE 250 MCG ENJEKSİYONLUK ÇÖZELTİ HAZIRLAMAK İÇİN TOZ(ÜRETİM YERİ:PATHEON ITALIA S.P.A),8699862270045,B02BX04,Aktif,73.99
9709,NPLATE 500 MCG ENJEKSİYONLUK ÇÖZELTİ HAZIRLAMAK İÇİN TOZ(ÜRETİM YERİ: AMGEN TECHNOLOGY(IRELAND)),8699862270045,B02BX04,Aktif,72.76
9714,NUBEQA 300 MG FİLM KAPLI TABLET,8699546093991,L02BB06,Aktif,83.87
9715,NUCALA    100    MG   SC  ENJEKSIYONLUK  ÇÖZELTI  İÇİN LIYOFILIZE TOZ,8699522779987,R03DX09,Aktif,88.85
9716,NUCALA 100 MG/ML SC ENJEKSIYONLUK ÇöZELTİ İÇEREN KULLANIMA HAZıR KALEM,8699522958528,R03DX09,Aktif,96.92
9717,NUCALA 100 MG/ML SC ENJEKSIYONLUK ÇöZELTİ İÇEREN KULLANıMA HAZıR ENJEKTÖR,8699522958542,R03DX09,Aktif,97.14
9718,"NUCALA 40 MG/0,4 ML S.C. ENJEKSIYONLUK ÇöZELTI İçEREN KULLANıMA HAZıR ENJEKTöR",8699522958542,R03DX09,Aktif,85.91
9719,NÜFRO SÜSPANSİYON (60 ML),8699523700027,A07AX03,Pasif,70.55
9725,NUROFEN 200 MG KAPLI TABLET,8690570120028,M01AE01,Pasif,76.87
9726,NUROFEN 400 DRAJE,8690570120028,M01AE01,Pasif,76.36
9729,NURTEC PFİZER 75 MG AĞIZDA DAĞILABİLİR TABLET,8681308050014,N02CD06,Aktif,85.74
9747,NYSTAFUR 500 MG/200.000 I.U. VAJINAL OVüL,8680199198744,G01AA51,Aktif,79.48
9750,"OBRAMİS %0.3 GöZ DAMLASı, çöZELTI",8680199002089,S01AA12,Aktif,90.88
9753,OCLADRA 2 MG / ML ENJEKSİYONLUK ÇÖZELTİ İÇEREN FLAKON,8699702775099,L01BB04,Aktif,79.49
9754,OCLADRA 2 MG/ML ENJEKSİYONLUK ÇÖZELTİ İÇEREN FLAKON,8699702775099,L01BB04,Aktif,80.67
9755,OCREVUS 300 MG/10 ML İNFÜZYONLUK ÇÖZELTİ HAZIRLAMAK İÇİN KONSANTRE,8699505761978,L04AG08,Aktif,88.1
9773,OCTANINE F 1000 IU IV ENJEKSIYON IÇIN TOZ IÇEREN FLAKON,8699686980151,B02BD04,Aktif,70.92
9776,OCTANINE F 500 IU IV ENJEKSIYON IÇIN TOZ IÇEREN FLAKON,8699686980168,B02BD04,Pasif,70.66
9780,"OCUFAMED % 0.3 GöZ DAMLASı, ÇöZELTI",8680030190104,S01AX,Aktif,76.34
9783,ODANAZOL 500 MG/3 ML I.V. İNFÜZYON İÇİN ÇÖZELTİ,8680400770912,J01XD03,Pasif,81.49
9786,ODOMZO 200 MG SERT KAPSüL,8699769150082,L01XJ02,Aktif,74.63
9788,ODYPARK 100 MG/ML ORAL ÇÖZELTİ,8699772650029,N03AX14,Pasif,76.47
9789,OFANS ODT 10 MG AĞIZDA DAĞILAN TABLET,8697929071581,N05AH03,Pasif,91.58
9790,OFANS ODT 10 MG AĞIZDA DAĞILAN TABLET,8697929071581,N05AH03,Pasif,97.66
9791,OFANS ODT 15 MG AĞIZDA DAĞILAN TABLET,8697929071604,N05AH03,Pasif,97.7
9792,"OFANS ODT 2,5 MG AĞIZDA DAĞILAN TABLET",8697929071567,N05AH03,Pasif,97.31
9793,OFANS ODT 20 MG AğıZDA DAğıLABILIR TABLET,8697929071567,N05AH03,Pasif,79.16
9794,OFANS ODT 5 MG AĞIZDA DAĞILAN TABLET,8697929071567,N05AH03,Pasif,97.65
9795,"OFANS ODT 7,5 MG AĞIZDA DAĞILAN TABLET",8697929071567,N05AH03,Pasif,96.56
9796,OFERTA 10 MG FILM KAPLI TABLET,8699536090849,N05AH03,Aktif,92.31
9797,OFERTA 15 MG FILM KAPLI TABLET,8699536091754,N05AH03,Pasif,92.5
9798,OFERTA 2.5 MG FILM  KAPLI TABLET,8699536092430,N05AH03,Pasif,87.89
9799,OFERTA 20 MG FILM KAPLI TABLET,8699536091778,N05AH03,Pasif,92.35
9800,OFERTA 5 MG FILM KAPLI TABLET,8699536090801,N05AH03,Aktif,92.22
9801,OFERTA 7.5 MG FILM KAPLI TABLET,8699536090825,N05AH03,Aktif,92.52
9802,OFEV 100 MG YUMUşAK KAPSüL,8699693190079,L01EX09,Aktif,98.22
9803,OFEV 150 MG  YUMUşAK KAPSüL,8699693190093,L01EX09,Aktif,98.24
9804,OFKOZİN 200 MG FİLM TABLET,8699828090076,J01MA01,Pasif,71.58
9808,OFNOL %0.1 STERIL OFTALMIK ÇöZELTI,8699514610120,S01GX09,Aktif,92.44
9809,OFNOL FRESH STERİL OFTALMİK ÇÖZELTİ,8699514610205,S01GX09,Aktif,71.22
9810,OFNOL S %0.2 STERİL OFTALMİK ÇÖZELTİ,8699514610229,S01GX09,Aktif,77.56
9812,"OFTAMYCİN % 0.3 STERIL GöZ DAMLASı, ÇöZELTI",8699525618252,S01AA12,Aktif,84.7
9822,OKSAMEN 20 MG FİLM KAPLI TABLET,8699541092005,M01AC02,Aktif,71.54
9825,OKSAPAR  10000  ANTİ-XA  IU/1  ML ENJEKSİYONLUK  ÇÖZELTİ  İÇEREN KULLANIMA HAZIR ENJEKTÖR,8699828950073,B01AB05,Pasif,80.28
9826,OKSAPAR  12000  ANTİ-XA  IU/0.8  ML ENJEKSİYONLUK ÇÖZELTİ İÇEREN KULLANIMA HAZIR ENJEKTÖR,8699828950080,B01AB05,Pasif,82.31
9827,"OKSAPAR  2000  ANTİ-XA  IU/0,2  ML ENJEKSİYONLUK  ÇÖZELTİ  İÇEREN KULLANIMA HAZIR ENJEKTÖR",8699828950097,B01AB05,Pasif,80.38
9828,"OKSAPAR  4000  ANTİ-XA  IU/0,4  ML ENJEKSİYONLUK  ÇÖZELTİ  İÇEREN KULLANIMA HAZIR ENJEKTÖR",8699828950103,B01AB05,Aktif,80.53
9829,"OKSAPAR  6000  ANTİ-XA  IU/0,6  ML ENJEKSİYONLUK  ÇÖZELTİ  İÇEREN KULLANIMA HAZIR ENJEKTÖR",8699828950110,B01AB05,Aktif,80.68
9830,"OKSAPAR  8000  ANTİ-XA  IU/0,8  ML ENJEKSİYONLUK  ÇÖZELTİ  İÇEREN KULLANIMA HAZIR ENJEKTÖR",8699828950127,B01AB05,Aktif,80.85
9831,OKSAPAR 10000 ANTI-XA IU/1.0 ML ENJEKSİYONLUK ÇÖZELTİ İÇEREN KULLANIMA HAZIR ENJEKTÖR,8699828950073,B01AB05,Pasif,84.51
9832,"OKSAPAR 12000 ANTİ-XA  IU/0,8  ML  ENJEKSİYONLUK ÇÖZELTİ  İÇEREN KULLANIMA HAZIR ENJEKTÖR",8699828950080,B01AB05,Pasif,78.41
9833,OKSAPAR 2000 ANTİ-XA  IU/0.2  ML ENJEKSİYONLUK ÇÖZELTİ İÇEREN KULLANIMA HAZIR ENJEKTÖR,8699828950097,B01AB05,Pasif,84.41
9834,OKSAPAR 4000 ANTI-XA IU/0.4ML ENJEKSİYONLUK ÇÖZELTİ İÇEREN KULLANIMA HAZIR ENJEKTÖR,8699828950103,B01AB05,Aktif,82.39
9835,OKSAPAR 6000 ANTI-XA IU/0.6ML ENJEKSİYONLUK ÇÖZELTİ İÇEREN KULLANIMA HAZIR ENJEKTÖR,8699828950110,B01AB05,Aktif,82.25
9836,OKSAPAR 8000 ANTI-XA IU/0.8 ML ENJEKSİYONLUK ÇÖZELTİ İÇEREN KULLANIMA HAZIR ENJEKTÖR,8699828950127,B01AB05,Aktif,84.79
9837,OKSIASKARIL ŞURUP,8699651570042,P02CB01,Pasif,83.11
9840,OLADİN % 0.1 GÖZ DAMLASI,8699569610229,S01GX09,Aktif,72.45
9841,"OLADİN % 0.1 GÖZ DAMLASI, ÇÖZELTİ",8699569610229,S01GX09,Aktif,71.23
9842,OLAFER 10 MG EFERVESAN TABLET,8697935020177,N05AH03,Pasif,86.28
9843,OLAFER 15 MG EFERVESAN TABLET,8697935020191,N05AH03,Pasif,86.53
9844,"OLAFER 2,5 MG EFERVESAN TABLET",8697935020115,N05AH03,Pasif,86.35
9845,OLAFER 20 MG EFERVESAN TABLET,8697935020214,N05AH03,Pasif,86.32
9846,OLAFER 5 MG EFERVESAN TABLET,8697935020139,N05AH03,Pasif,86.16
9847,"OLAFER 7,5 MG EFERVESAN TABLET",8697935020153,N05AH03,Pasif,86.56
9849,OLAXINN 10 MG AĞIZDA DAĞILAN TABLET,8699293053026,N05AH03,Aktif,85.75
9850,OLAXINN 10MG AĞIZDA DAĞILAN TABLET,8699293053026,N05AH03,Aktif,82.66
9851,OLAXINN 10MG AĞIZDA DAĞILAN TABLET,8699293053026,N05AH03,Aktif,82.05
9852,OLAXINN 15MG AĞIZDA DAĞILAN TABLET,8699293053033,N05AH03,Aktif,81.18
9853,OLAXINN 15MG AĞIZDA DAĞILAN TABLET,8699293053033,N05AH03,Aktif,81.18
9854,OLAXINN 15MG AĞIZDA DAĞILAN TABLET,8699293053033,N05AH03,Aktif,80.78
9855,OLAXINN 20MG AĞIZDA DAĞILAN TABLET,8699293053040,N05AH03,Aktif,82.68
9856,OLAXINN 20MG AĞIZDA DAĞILAN TABLET,8699293053040,N05AH03,Aktif,82.68
9857,OLAXINN 20MG AĞIZDA DAĞILAN TABLET,8699293053040,N05AH03,Aktif,82.07
9858,OLAXINN 5 MG AĞIZDA DAĞILAN TABLET,8699293053019,N05AH03,Aktif,85.67
9859,OLAXINN 5MG AĞIZDA DAĞILAN TABLET,8699293053019,N05AH03,Aktif,82.69
9873,OLFREX  15  MG  FILM KAPLI TABLET,8699540095120,N05AH03,Aktif,91.24
9874,"OLFREX  2,5  MG  FILM KAPLI TABLET",8699540095007,N05AH03,Aktif,93.04
9875,"OLFREX  7,5  MG  FILM KAPLI TABLET",8699540095007,N05AH03,Aktif,90.39
9876,OLFREX 10 MG FILM KAPLI TABLET,8699540095090,N05AH03,Aktif,91.03
9877,OLFREX 20 MG FILM KAPLI TABLET,8699540095151,N05AH03,Aktif,91.07
9878,OLFREX 5 MG  FILM KAPLI TABLET,8699540095007,N05AH03,Aktif,92.01
9879,OLFREX EASYTAB 10 MG AĞIZDA DAĞILAN TABLET,8699262070054,N05AH03,Pasif,96.24
9880,OLFREX EASYTAB 15 MG AĞIZDA DAĞILAN TABLET,8699262070054,N05AH03,Pasif,95.86
9881,"OLFREX EASYTAB 2,5 MG AĞIZDA DAĞILAN TABLET",8699262070054,N05AH03,Pasif,97.34
9882,OLFREX EASYTAB 20 MG AĞIZDA DAĞILAN TABLET,8699540070073,N05AH03,Aktif,89.71
9883,OLFREX EASYTAB 5 MG AĞIZDA DAĞILAN TABLET,8699262070054,N05AH03,Pasif,96.89
9884,OLGEN 10 MG FILM KAPLI TABLET,8699293093138,C09CA08,Pasif,84.42
9885,OLGEN 20 MG FILM KAPLI TABLET,8699293093152,C09CA08,Pasif,84.47
9886,OLGEN 40 MG FILM KAPLI TABLET,8699293093138,C09CA08,Pasif,82.52
9895,OLIGMA 0.5MG KAPSÜL,8699586152061,L04AD02,Pasif,70.69
9897,OLIGMA 5MG KAPSÜL,8699586152085,L04AD02,Pasif,70.46
9912,OLLAFAX 10 MG FILM  TABLET,8699559090062,N05AH03,Aktif,97.44
9923,OLMEDAY 10 MG FILM TABLET,8680881093937,C09CA08,Pasif,82.06
9924,OLMEDAY 20 MG FILM TABLET,8680881093937,C09CA08,Pasif,83.45
9925,OLMEDAY 40 MG FILM TABLET,8680881093951,C09CA08,Pasif,83.65
9930,OLMETEC 10 MG FILM KAPLI TABLET,8699228090126,C09CA08,Aktif,76.43
9931,OLMETEC 20 MG FILM KAPLI TABLET,8699228090133,C09CA08,Aktif,76.49
9932,OLMETEC 40 MG FILM KAPLI TABLET,8699228090140,C09CA08,Aktif,76.69
9938,OLMYSAR 10 MG FILM KAPLI TABLET,8699569091264,C09CA08,Pasif,83.6
9939,OLMYSAR 20 MG FİLM KAPLI TABLET,8699569091271,C09CA08,Aktif,71.66
9940,OLMYSAR 40 MG FILM KAPLI TABLET,8699569091288,C09CA08,Pasif,81.16
9946,OLNEGİS 10 MG FİLM TABLET,8699738090319,N05AH03,Aktif,80.34
9947,OLNEGIS 10 MG FILM TABLET,8697786090237,N05AH03,Pasif,93.03
9948,OLNEGİS 15 MG FİLM TABLET,8699738090326,N05AH03,Pasif,80.72
9949,OLNEGIS 15 MG FILM TABLET,8697786090251,N05AH03,Pasif,93.14
9951,OLNEGİS 20 MG FİLM TABLET,8699738090333,N05AH03,Aktif,80.42
9952,OLNEGIS 20 MG FILM TABLET,8697786090275,N05AH03,Pasif,95.49
9954,OLNEGİS 5 MG FİLM TABLET,8699738090296,N05AH03,Aktif,80.16
9955,OLNEGIS 5 MG FILM TABLET,8697786090190,N05AH03,Pasif,95.45
9958,OLNEGIS 7.5 MG FILM TABLET,8697786090213,N05AH03,Pasif,95.56
9960,OLSART 10 MG FILM TABLET,8699262090229,C09CA08,Pasif,86.14
9961,OLSART 20 MG FILM TABLET,8699262090236,C09CA08,Pasif,86.18
9962,OLSART 40 MG FILM TABLET,8699262090243,C09CA08,Pasif,86.34
9967,OLVIN 1 MG/ML DOZ AYARLı BURUN SPREYI,8681911540018,R01AA07,Aktif,78.98
9971,OLZANID 10MG FILM TABLET,8699516092221,N05AH03,Pasif,78.65
9972,OLZANID 10MG FILM TABLET,8699516092221,N05AH03,Pasif,78.65
9973,OLZANID 5MG FILM TABLET,8699516092214,N05AH03,Pasif,79.77
9976,OMEPRAZİD 20 MG MİKROPELLET KAPSÜL,8699540160101,A02BC01,Pasif,81.34
9977,OMEPREFUL 40 MG I.V. ENJEKSIYONLUK çöZELTI HAZıRLAMAK IçIN TOZ VE çöZüCü,8699606795414,A02BC01,Aktif,94.15
9978,OMEPROL 20 MG KAPSÜL,8699516154202,A02BC01,Pasif,92.85
9979,OMEPROL 40 MG IV İNFÜZYON İÇIN LIYOFILIZE TOZ İÇEREN FLAKON,8699516793968,A02BC01,Pasif,86.4
9981,OMESEK 20 MG MİKROPELLET KAPSÜL,8699792152121,A02BC01,Aktif,91.23
9982,OMETAN  20 MG FILM KAPLI TABLET,8699525099303,C09CA08,Pasif,83.29
9983,OMETAN 10 MG  FILM KAPLI TABLET,8699525099365,C09CA08,Pasif,83.24
9984,OMETAN 40 MG FILM KAPLI TABLET,8699525099365,C09CA08,Pasif,81.2
9985,OMETAN 5 MG FILM KAPLı TABLET,8699525099365,C09CA08,Pasif,78.66
9993,"OMNIPAQUE 350 MG I /ML IA, IV ENJEKSIYON IÇIN ÇÖZELTI IÇEREN FLAKON",8699688771566,V08AB02,Pasif,72.01
9996,OMNITROPE® 10 MG (30 IU)/1.5 ML SC ENJEKSIYON IçIN çöZELTI IçEREN KARTUş,8681428950126,H01AC01,Aktif,88.82
9997,OMNITROPE® 15 MG (45 IU)/1.5 ML SC ENJEKSIYON IçIN çöZELTI IçEREN KARTUş,8681428950126,H01AC01,Aktif,93.02
9998,OMNITROPE® 5 MG (15 IU)/1.5 ML SC ENJEKSIYON IçIN çöZELTI IçEREN KARTUş,8681428950126,H01AC01,Aktif,90.9
10003,ONADRON SIMPLE %0.1 GöZ/KULAK DAMLASı,8699508610013,S03BA01,Aktif,71.13
10006,ONAXAN 20 MG FILM KAPLı TABLET,8699543092102,B01AF01,Aktif,75.75
10008,ONAXAN® 15 MG FILM KAPLı TABLET,8699543092096,B01AF01,Aktif,70.97
10011,ONCEAIR 10 MG FİLM KAPLI TABLET,8699514096092,R03DC03,Aktif,89.96
10012,ONCEAIR 4 MG CIGNEME TABLETİ,8699514086079,R03DC03,Aktif,95.23
10013,ONCEAIR 4 MG PEDIYATRIK ORAL GRANÜL,8699514240013,R03DC03,Aktif,87.23
10014,ONCEAIR 5 MG ÇİĞNEME TABLETİ,8699514086086,R03DC03,Aktif,87.89
10015,"ONCEFT 0,5 G IM ENJEKSIYONLUK ÇöZELTI  HAZıRLAMAK  İçIN  TOZ  VE  ÇöZüCü",8680712270193,J01DD04,Aktif,81.1
10016,"ONCEFT 0,5 G IV ENJEKSIYONLUK ÇöZELTI  HAZıRLAMAK  İçIN  TOZ  VE  ÇöZüCü",8680712270193,J01DD04,Aktif,82.51
10017,ONCEFT 1 G IM ENJEKSIYONLUK ÇöZELTI  HAZıRLAMAK  İçIN  TOZ  VE  ÇöZüCü,8680712270216,J01DD04,Aktif,81.01
10018,ONCEFT 1 G IV ENJEKSIYONLUK ÇöZELTI  HAZıRLAMAK  İçIN  TOZ  VE  ÇöZüCü,8680712270216,J01DD04,Aktif,82.42
10021,ONDAREN 4 MG/2 ML ENJEKSIYONLUK ÇÖZELTI IÇEREN AMPUL,8699844750404,A04AA01,Aktif,91.6
10022,ONDAREN 8MG/4ML ENJEKSIYONLUK ÇÖZELTI IÇEREN AMPUL,8699844750398,A04AA01,Aktif,86.64
10030,ONEPTUS 24 MG/ 26 MG FILM KAPLı TABLET,8699074090530,C09DX04,Aktif,85.8
10031,ONEPTUS 49 MG/ 51 MG FILM KAPLı TABLET,8699074090547,C09DX04,Aktif,86.1
10032,ONEPTUS 97 MG/ 103 MG FILM KAPLı TABLET,8699074090554,C09DX04,Aktif,86.31
10039,ONGLYZA 5 MG FILM KAPLI TABLET,8699786090569,A10BH03,Aktif,84.03
10045,ONTIRAN 2G ORAL SÜSPANSIYON İÇIN GRANÜL,8699262240013,M05BX03,Pasif,79.16
10046,ONUREG 200 MG FİLM KAPLI TABLET,8699726098204,L01BC07,Aktif,86.2
10047,ONUREG 300 MG FİLM KAPLI TABLET,8699726098006,L01BC07,Aktif,86.27
10050,ONZYD 4 MG AĞIZDA DAĞILAN TABLET,8699369070049,A04AA01,Aktif,96.0
10052,ONZYD 8 MG AĞIZDA DAĞILAN TABLET,8699369070056,A04AA01,Aktif,96.01
10054,OPAGİS 30 MG KAPSÜL,8681911160018,A02BC03,Aktif,70.4
10055,OPAXOL 300 MGI/ML IA/IV/İNTRATEKAL ENJEKSIYONLUK ÇÖZELTİ,8682279997421,V08AB02,Aktif,75.44
10056,OPAXOL 350 MGI/ML IA/IV ENJEKSIYONLUK ÇÖZELTİ,8682279997452,V08AB02,Aktif,79.66
10057,OPDIVO 100 MG/10 ML İV İNFÜZYONLUK ÇÖZELTİ KONSANTRESİ İÇEREN FLAKON,8699726765502,L01FF01,Aktif,73.73
10058,OPDIVO 40 MG/4 ML İV İNFÜZYONLUK ÇÖZELTİ KONSANTRESİ İÇEREN FLAKON,8699726765007,L01FF01,Aktif,73.47
10060,OPEMİN 800 MG FİLM TABLET,8699578093013,N06BX03,Aktif,70.49
10061,OPILOX 80 MG /G TIRNAK CILASI SETI,8699738650025,D01AE14,Aktif,76.47
10066,OPRAKS 275 MG FİLM KAPLI TABLET,8699622090036,M01AE02,Pasif,80.91
10067,OPRAKS FORT FİLM KAPLI TABLET,8699622090050,M01AE02,Pasif,74.92
10068,OPRELAST 10 MG+20 MG+30 MG FILM KAPLı TABLET TEDAVIYE  BAşLAMA PAKETI,8699586096068,L04AA32,Aktif,95.97
10069,OPRELAST 30 MG FİLM KAPLI TABLET,8699586096051,L04AA32,Aktif,88.99
10071,OPSENTAN 10 MG FİLM KAPLI TABLET,8699769090265,C02KX04,Aktif,79.57
10073,OPSUMİT 10 MG FİLM KAPLI TABLET,8699593095467,C02KX04,Aktif,81.37
10074,OPSYNVİ 10 MG/40 MG FİLM KAPLI TABLET,8699593095672,C02KX54,Aktif,85.54
10077,OPTIRAY 240 STERIL ENJEKTABL ÇÖZELTI IÇEREN CAM ŞIŞE,8699679777096,V08AB07,Pasif,86.37
10079,OPTİRAY 300 MG/ML ENJEKSİYONLUK ÇÖZELTİ İÇEREN CAM ŞİŞE,8699679777096,V08AB07,Pasif,77.41
10080,OPTİRAY 300 MG/ML ENJEKSİYONLUK ÇÖZELTİ İÇEREN KULLANIMA HAZIR ENJEKTÖR,8699679957016,V08AB07,Pasif,75.67
10081,OPTIRAY 320 STERIL ENJEKTABL ÇÖZELTI IÇEREN CAM ŞIŞE,8699679777096,V08AB07,Pasif,86.57
10082,OPTIRAY 320 STERIL ENJEKTABL ÇÖZELTI IÇEREN KULLANIMA HAZIR ŞIRINGA,8699679957016,V08AB07,Pasif,88.93
10083,OPTİRAY 350 MG / ML ENJEKSİYONLUK ÇÖZELTİ İÇEREN CAM ŞİŞE,8699679777140,V08AB07,Pasif,78.16
10084,OPTİRAY 350 MG/ML ENJEKSİYONLUK ÇÖZELTİ İÇEREN KULLANIMA HAZIR ENJEKTÖR,8699679957054,V08AB07,Pasif,76.34
10090,ORAKSETIL 250 MG FILM TABLET,8699517090332,J01DC02,Pasif,74.61
10091,ORAKSETIL 500 MG FILM TABLET,8699517090325,J01DC02,Pasif,72.4
10092,ORALAC 670 MG/ML ŞURUP,8680530620088,A06AD11,Aktif,78.54
10096,ORCAFİL 10 MG FİLM TABLET,8680199090567,G04BE08,Aktif,71.11
10098,ORCAFİL 5 MG FILM KAPLI TABLET,8680199090567,G04BE08,Aktif,83.49
10102,ORENCIA 250 MG KONSANTRE PERFÜZYONLUK ÇÖZELTİ İÇİN TOZ İÇEREN FLAKON,8699726266405,L04AA24,Aktif,78.45
10103,ORENCIA SC 125 MG/ML ENJEKSİYONLUK ÇÖZELTİ İÇEREN KULLANIMA HAZIR DOLU ENJEKTÖR,8699726950601,L04AA24,Aktif,74.17
10105,ORGALUTRAN 0.25 MG/0.5 ML ENJEKSİYONLUK ÇÖZELTİ,8683280337312,H01CC01,Aktif,75.99
10106,ORGAMETRIL 5 MG TABLET,8683280337336,G03DC03,Aktif,91.34
10111,ORLOFF 120 MG SERT KAPSüL,8680199157864,A08AB01,Aktif,95.9
10112,ORLOFF 60 MG SERT KAPSüL,8680199157864,A08AB01,Aktif,92.86
10113,ORNİDONE 250 MG FİLM TABLET,8699772090108,P01AB03,Pasif,79.98
10115,ORNİSİD 250 MG FİLM  KAPLI TABLET,8699514092315,P01AB03,Aktif,77.33
10116,ORNİSİD 500 MG VAJİNAL TABLET,8699514102366,G01AF06,Aktif,75.38
10117,ORNİSİD FORT 500 MG FİLM KAPLI TABLET,8699514092377,P01AB03,Aktif,76.48
10118,ORNITOP 250 MG FILM KAPLI TABLET,8699622090203,P01AB03,Pasif,96.36
10119,ORNITOP 500 MG FILM TABLET,8699622090210,P01AB03,Aktif,97.92
10120,OROFEN %5 KREM,8683498449029,M02AA13,Aktif,86.3
10122,OROFERON DEPO 80 MG KAPLı TABLET,8699828140030,B03AA07,Aktif,75.04
10126,ORSERDU 345 MG FILM KAPLı TABLET,8699831090421,L02BA04,Aktif,85.22
10127,ORSERDU 86 MG FILM KAPLı TABLET,8699831090414,L02BA04,Aktif,84.32
10130,ORYVA 10 MG TABLET,8699541015295,N05AX12,Aktif,70.26
10131,ORYVA 15 MG TABLET,8699541015301,N05AX12,Aktif,70.85
10132,ORYVA 30 MG TABLET,8699541015318,N05AX12,Aktif,70.35
10133,ORYVA 5 MG TABLET,8699541015288,N05AX12,Aktif,81.82
10142,OSEFLU 30 MG GRANüL IçEREN SAşE,8680881242359,J05AH02,Pasif,90.51
10143,OSEFLU 30 MG KAPSÜL,8697932150136,J05AH02,Pasif,76.83
10144,OSEFLU 30 MG KAPSÜL,8680881154591,J05AH02,Aktif,73.84
10145,OSEFLU 45 MG KAPSÜL,8697932150143,J05AH02,Pasif,77.91
10146,OSEFLU 45 MG KAPSÜL,8680881154591,J05AH02,Aktif,72.43
10147,OSEFLU 75 MG KAPSÜL,8680881154591,J05AH02,Aktif,77.7
10148,"OSEL %10 DEKSTRAN-40 %0,9 İZOTONİK SODYUM KLORÜR  ÇöZELTISI",8699788695267,B05AA05,Aktif,75.24
10149,"OSEL %6 DEKSTRAN-70 %0,9 İZOTONİK SODYUM KLORÜR ÇÖZELTİSİ",8699788695274,B05AA05,Aktif,76.17
10150,OSELMİR 12 MG/ML ORAL SüSPANSIYON HAZıRLAMAK IçIN TOZ,8699569280552,J05AH02,Aktif,88.5
10151,OSELMIR 30 MG SERT KAPSüL,8699569150633,J05AH02,Aktif,94.03
10152,OSELMIR 45 MG SERT KAPSüL,8699569150633,J05AH02,Aktif,92.13
10153,OSELMIR 75 MG SERT KAPSüL,8699569150633,J05AH02,Aktif,97.36
10156,OSETRON 4MG/2ML I.V./I.M. ENJEKSİYONLUK ÇÖZELTİ İÇEREN AMPUL,8680400770387,A04AA01,Aktif,80.8
10157,OSETRON 8MG/4ML I.V./I.M. ENJEKSİYONLUK ÇÖZELTİ İÇEREN AMPUL,8680400770394,A04AA01,Aktif,79.67
10164,OSİREC 4 G/60 ML REKTAL SÜSPANSİYON,8681807005188,A07EC02,Aktif,83.36
10167,OSMOLAK  667 MG/ML SOLUSYON,8699578653019,A06AD11,Aktif,72.69
10168,OSSİ 4 MG/5 ML I.V. KONSANTRE İNFÜZYONLUK ÇÖZELTİ,8699606906414,M05BA08,Aktif,77.82
10181,OSTRİOL 1 MCG/ML İ.V. ENJEKSIYONLUK çöZELTI IçEREN AMPUL,8699844751029,A11CC04,Aktif,76.3
10182,OSTRİOL 2 MCG/ML İ.V. ENJEKSIYONLUK çöZELTI IçEREN AMPUL,8699844751029,A11CC04,Aktif,77.18
10183,OSVAREN 435 MG / 235 MG FILM KAPLI TABLET,8699684681241,V03AE04,Pasif,72.34
10184,OSVAREN 435 MG/235 MG FILM KAPLI TABLET,8699684681241,V03AE04,Pasif,72.34
10190,OTILIKS 40MG FILM KAPLI TABLET,8699569091363,A03AB06,Pasif,73.55
10192,OTILIUM 1 MG ORAL SÜSPANSIYON,8699593701054,A03FA03,Pasif,94.12
10194,OTIPAX % 1 KULAK DAMLASI,8699265620034,S02DA01,Aktif,78.78
10197,"OTRIVINE MENTHOL 1 MG/ML DOZ AYARLI BURUN SPREYİ, ÇÖZELTİ",8681291540134,R01AA07,Aktif,76.26
10198,"OTRIVINE PEDIATRIK 0.5 MG/ML DOZ AYARLI BURUN SPREYI , ÇÖZELTİ",8681291540134,R01AA07,Aktif,74.3
10208,"OVİTRELLE 250 MİKROGRAM/0,5 ML KULLANIMA HAZIR ŞIRINGADA ENJEKSİYONLUK ÇÖZELTİ",8699777950308,G03GA08,Aktif,70.42
10209,OXALIDEM 100MG IV İNFÜZYON İÇIN TOZ İÇEREN FLAKON,8699769790073,L01XA03,Pasif,74.55
10210,OXALIDEM 50MG IV İNFÜZYON İÇIN TOZ İÇEREN FLAKON,8699769790066,L01XA03,Pasif,74.1
10213,OXALİPLATİN HOSPİRA 100MG/20ML İV İNFÜZYON İÇİN KONSANTRE ÇÖZELTI İÇEREN FLAKON,8699643770238,L01XA03,Pasif,71.22
10214,OXALİPLATİN HOSPİRA 200MG/40ML İV İNFÜZYON İÇİN KONSANTRE ÇÖZELTI İÇEREN FLAKON,8699643770245,L01XA03,Pasif,71.58
10215,OXALİPLATİN HOSPİRA 50MG/10ML İV İNFÜZYON İÇIN KONSANTRE ÇÖZELTI İÇEREN FLAKON,8699643770221,L01XA03,Pasif,72.66
10218,OXALPIN 50 MG/10 ML IV INFÜZYON IÇIN LIYOFILIZE TOZ IÇEREN FLAKO,8699525795953,L01XA03,Aktif,72.94
10219,OXAQUAL 100 MG/20 ML I.V.İNFÜZYON İÇIN KONSANTRE ÇÖZELTI İÇEREN FLAKON,8699673769011,L01XA03,Pasif,70.37
10220,OXAQUAL 50 MG/10 ML I.V.İNFÜZYON İÇIN KONSANTRE ÇÖZELTI İÇEREN FLAKON,8699673769028,L01XA03,Pasif,70.22
10222,OXATU-S 100MG/20ML IV İNFÜZYON İÇIN KONSANTRE ÇÖZELTI İÇEREN FLAKON,8699650772287,L01XA03,Aktif,77.77
10223,OXATU-S 50MG/10ML IV İNFÜZYON İÇIN KONSANTRE ÇÖZELTI İÇEREN FLAKON,8699650772270,L01XA03,Aktif,77.51
10230,OXCARPİN 300 MG DIVITAB FILM TABLET,8699523090630,N03AF02,Pasif,74.79
10231,OXCARPİN 600 MG DIVITAB FILM TABLET,8699523090647,N03AF02,Pasif,75.04
10232,OXEROL 100 MG/20 ML IV İNFÜZYON İÇIN LIYOFILIZE TOZ İÇEREN FLAKON,8699502790223,L01XA03,Pasif,75.02
10233,OXEROL 100 MG/20 ML IV İNFÜZYON İÇIN LIYOFILIZE TOZ İÇEREN FLAKON,8699502790223,L01XA03,Pasif,75.02
10235,"OXEZOLE % 1 DERİ SPREYİ, ÇÖZELTİ",8680760510043,D01AC11,Aktif,78.76
10236,OXEZOLE % 1 KREM,8680760350144,D01AC11,Aktif,73.66
10237,OXFET 180 MG FİLM KAPLI TABLET,8699527090896,V03AC03,Pasif,81.3
10238,OXFET 360 MG FİLM KAPLI TABLET,8699527090919,V03AC03,Aktif,81.91
10239,OXFET 90 MG FİLM KAPLI TABLET,8699527090872,V03AC03,Pasif,80.26
10247,OXIS TURBUHALER 9 MCG/DOZ INHALASYON IÇIN TOZ,8699786550070,R03AC13,Pasif,70.09
10248,OXOBEST 50MG/5ML ŞURUP,8699825570014,R05DB07,Pasif,72.83
10252,OXOTİDE 250 MCG ENJEKSİYONLUK ÇÖZELTİ HAZIRLAMAK İÇİN TOZ VE ÇÖZÜCÜ,8699844792855,H01CC02,Aktif,73.49
10256,OXXA ŞURUP %4 HAZIRLAMAK İÇIN GRANÜL,8699622280321,R05CB01,Pasif,76.77
10257,"OXYGO %0,05 BURUN SPREYI, ÇöZELTI",8680177693506,R01AA05,Aktif,78.62
10258,"OXYNAZ ®  %0,05 BURUN SPREYI, ÇÖZELTI",8682109004022,R01AA05,Aktif,71.53
10259,"OXYNAZ ® %0,01 PEDIATRIK BURUN SPREYİ, ÇÖZELTİ",8682109004039,R01AA05,Aktif,75.51
10260,OZAPRIN 10 MG FILM KAPLI TABLET,8699543092218,N05AH03,Aktif,88.22
10261,"OZAPRIN 2,5 MG FILM KAPLı TABLET",8699543092218,N05AH03,Aktif,95.48
10262,OZAPRIN 20 MG FILM KAPLI TABLET,8699543092218,N05AH03,Aktif,88.46
10263,OZAPRIN 5 MG FILM KAPLI TABLET,8699543092218,N05AH03,Aktif,89.42
10264,OZAPRİN RAPİD 10 MG AĞIZDA ÇÖZÜNEBİLİR TABLET,8699543070193,N05AH03,Aktif,77.26
10265,OZAPRİN RAPİD 15 MG AĞIZDA ÇÖZÜNEBİLİR TABLET,8699543070209,N05AH03,Aktif,77.5
10266,OZAPRİN RAPİD 20 MG AĞIZDA ÇÖZÜNEBİLİR TABLET,8699543070216,N05AH03,Aktif,77.3
10267,OZAPRİN RAPİD 5 MG AĞIZDA ÇÖZÜNEBİLİR TABLET,8699543070186,N05AH03,Aktif,77.14
10268,"OZEMPIC® 0,25 MG ENJEKSIYONLUK çöZELTI IçEREN KULLANıMA HAZıR KALEM",8699676950300,A10BJ06,Aktif,91.63
10269,"OZEMPIC® 0,5 MG ENJEKSIYONLUK çöZELTI IçEREN KULLANıMA HAZıR KALEM",8699676950317,A10BJ06,Aktif,91.11
10270,OZEMPIC® 1 MG ENJEKSIYONLUK çöZELTI IçEREN KULLANıMA HAZıR KALEM,8699676950324,A10BJ06,Aktif,91.54
10272,PABAL 100 MCG/ML İ.V. ENJEKSİYONLUK ÇÖZELTİ İÇEREN AMPUL,8697621750463,H01BB03,Pasif,74.01
10293,PADCEV 20 MG İNFÜZYONLUK ÇÖZELTİ HAZIRLAMADA KULLANILACAK KONSANTRE İÇİN TOZ,8699043890529,L01FX13,Aktif,92.96
10294,PADCEV 30 MG İNFÜZYONLUK ÇÖZELTİ HAZIRLAMADA KULLANILACAK KONSANTRE İÇİN TOZ,8699043890536,L01FX13,Aktif,92.96
10295,PADEN 150 MG SERT KAPSÜL,8699569150312,N02BF02,Pasif,89.9
10296,PADEN 300 MG SERT KAPSÜL,8699569150329,N02BF02,Pasif,93.3
10297,PADEN 75MG SERT KAPSÜL,8699569150299,N02BF02,Pasif,84.24
10299,PADERO 4 MG TABLET,8699540017351,C09AA04,Pasif,70.14
10300,PADERO 8 MG TABLET,8699540017405,C09AA04,Pasif,70.33
10303,PADERO PLUS 4 MG/1.25 MG TABLET,8699540017351,C09AA04,Pasif,73.5
10306,PAGADIN 150MG KAPSÜL,8699819151441,N02BF02,Pasif,87.72
10307,PAGADİN 25MG KAPSÜL,8699819151441,N02BF02,Pasif,76.63
10308,PAGADİN 300 MG KAPSÜL,8699819151441,N02BF02,Pasif,84.49
10309,PAGADİN 75 MG KAPSÜL,8699819151441,N02BF02,Pasif,79.84
10310,PAGAMAX 150MG SERT JELATIN KAPSÜL,8699262150046,N02BF02,Pasif,93.62
10311,PAGAMAX 25MG SERT JELATIN KAPSÜL,8699262150015,N02BF02,Pasif,93.01
10312,PAGAMAX 300MG SERT JELATIN KAPSÜL,8699262150053,N02BF02,Pasif,93.95
10313,PAGAMAX 75MG SERT JELATIN KAPSÜL,8699262150022,N02BF02,Pasif,92.64
10314,PAGAMAX PLUS 150 MG/1 MG KAPSÜL,8699262150046,N02BF02,Pasif,74.41
10315,PAGAMAX PLUS 300 MG/1 MG KAPSÜL,8699262150053,N02BF02,Pasif,74.33
10316,PAGAMAX PLUS 75 MG/1 MG KAPSÜL,8699262150022,N02BF02,Pasif,74.71
10317,PAHTAFIL 20 MG FILM TABLET,8699502094635,G04BE08,Pasif,94.63
10318,PAİNEX % 10 JEL,8699622340018,M02AA06,Pasif,79.14
10319,PAİNEX %5 JEL,8699622340018,M02AA06,Pasif,78.12
10321,"PAINOUT ICE %1 DERİYE UYGULANACAK SPREY, ÇÖZELTİ",8699293516019,M02AA15,Aktif,76.26
10322,PAİSOFOL %1 200 MG/20 ML I.V. ENJEKSIYONLUK/INFüZYONLUK EMüLSIYON,8699606756231,N01AX10,Aktif,81.96
10331,"PALEXİL  % 0,1 JEL",8699828340027,D10AD03,Pasif,87.42
10332,PALIGIS 3 MG UZATıLMış SALıMLı TABLET,8699738030018,N05AX13,Aktif,96.47
10333,PALIGIS 6 MG UZATıLMış SALıMLı TABLET,8699738030025,N05AX13,Aktif,96.48
10334,PALIGIS 9 MG UZATıLMış SALıMLı TABLET,8699738030032,N05AX13,Aktif,96.51
10335,PALLADA % 0.1 GÖZ DAMLASI,8680199610055,S01GX09,Aktif,77.76
10336,"PALLADA %0.2 GöZ DAMLASı, çöZELTI",8680199610055,S01GX09,Aktif,83.29
10337,"PALLADA-NS 6,65 MG/ML NAZAL SPREY",8680199542462,R01AC08,Aktif,82.73
10338,PALODIN 250 MCG/5ML İV ENJEKSIYONLUK ÇÖZELTI İÇEREN FLAKON,8699828770411,A04AA05,Aktif,84.46
10339,PALOJECT 250 MCG / 5 ML IV ENJEKSİYONLUK ÇÖZELTİ,8699814750427,A04AA05,Pasif,81.8
10340,PALOJECT 250MCG/5ML IV ENJEKSİYONLUK ÇÖZELTİ İÇEREN FLAKON,8699814750427,A04AA05,Pasif,77.69
10341,PALONDEM 250 MCG/5 ML IV ENJEKSIYONLUK ÇÖZELTI IÇEREN FLAKON,8699738770815,A04AA05,Pasif,84.8
10347,PALOXİTRON  250 MCG/5 ML I.V. ENJEKSIYONLUK ÇöZELTI,8681697750106,A04AA05,Pasif,77.4
10356,PAMEX 90 MG IV İNFÜZYON İÇIN LIYOFILIZE TOZ İÇEREN FLAKON,8699525796097,M05BA03,Pasif,76.42
10357,PAMIDEM 30 MG I.V. ENJEKSIYON IÇIN LIYOFILIZE TOZ IÇEREN FLAKON,8699769790028,M05BA03,Pasif,83.6
10358,PAMİDRİA 90 MG/10 ML I.V. INFüZYON IçIN KONSANTRE çöZELTI IçEREN FLAKON,8681697770012,M05BA03,Aktif,80.1
10359,PAMIDRONAT DISODYUM DBL 90 MG/10 ML IV İNFÜZYON İÇIN ÇÖZELTI İÇEREN FLAKON,8699643770184,M05BA03,Pasif,78.21
10360,PAMİNTU 10 MG/ML ENJEKSİYONLUK ÇÖZELTİ İÇEREN FLAKON,8699715771859,V03AB14,Aktif,76.1
10361,PAMİRAY 300 ENJEKTABL SOLÜSYON İÇEREN FLAKON,8699702775051,V08AB04,Pasif,74.5
10362,PAMIRAY 370 ENJEKSIYONLUK ÇÖZELTI İÇEREN FLAKON,8699702775051,V08AB04,Pasif,76.28
10369,PANDEV 20 MG ENTERİK KAPLI TABLET,8699525043924,A02BC02,Aktif,92.79
10370,PANDEV 40 MG ENTERIK KAPLI TABLET,8699525043948,A02BC02,Aktif,77.22
10377,PANOCER 40 MG ENTERİK KAPLI TABLET,8699680040035,A02BC02,Aktif,83.26
10382,PANOSPORIN 100MG YUMUŞAK JELATIN KAPSÜL,8699702196023,L04AD01,Pasif,87.97
10383,PANOSPORIN 25MG YUMUŞAK JELATIN KAPSÜL,8699702196009,L04AD01,Pasif,87.11
10384,PANOSPORIN 25MG YUMUŞAK JELATIN KAPSÜL,8699702196009,L04AD01,Pasif,87.11
10385,PANOSPORIN 50 MG YUMUŞAK JELATIN KAPSÜL,8699702196016,L04AD01,Pasif,87.11
10386,PANOSPORIN 50 MG YUMUŞAK JELATIN KAPSÜL,8699702196016,L04AD01,Pasif,87.11
10387,PANOSPORIN 50 MG YUMUŞAK JELATIN KAPSÜL,8699702196016,L04AD01,Pasif,90.77
10388,PANREF 20 MG ENTERIK KAPLI TABLET,8699578043438,A02BC02,Pasif,96.65
10389,PANREF 40 MG ENTERİK KAPLI TABLET,8699578043421,A02BC02,Aktif,90.9
10391,PANTACTİVE 20 MG ENTERİK KAPLI TABLET,8680760040038,A02BC02,Pasif,85.76
10392,PANTACTİVE 40 MG ENTERİK KAPLI TABLET,8680760040038,A02BC02,Pasif,87.68
10394,PANTENOL %5 KREM,8699511350029,D03AX03,Aktif,73.3
10396,PANTGES 40 MG ENTERIK KAPLı TABLET,8684263040021,A02BC02,Aktif,82.6
10397,PANTHEC 20 MG ENTERİK KAPLI TABLET,8699536040028,A02BC02,Aktif,84.62
10398,PANTHEC 40 MG ENTERİK KAPLI TABLET,8699536040028,A02BC02,Aktif,90.31
10403,PANTO 40 MG ENTERIK KAPLI TABLET,8699516044510,A02BC02,Aktif,91.46
10404,PANTO 40 MG IV ENJEKSİYONLUK LİYOFİLİZE TOZ İÇEREN FLAKON,8699516276126,A02BC02,Pasif,78.0
10410,PANTOZOL 40 MG IV ENJEKSIYONLUK LIYOFILIZE TOZ İçEREN FLAKON,8680712790141,A02BC02,Aktif,83.15
10411,PANTPAS 40 MG ENTERİK KAPLI TABLET,8682758040020,A02BC02,Aktif,84.4
10412,PANTPAS 40 MG IV ENJEKSIYONLUK TOZ İçEREN FLAKON,8682758790017,A02BC02,Pasif,88.05
10416,PAPAVERIN HCL GALEN 40 MG/2 ML IM/IV ENJEKSIYONLUK ÇöZELTI,8699607750337,A03AD01,Aktif,74.83
10417,PAPAVERIN HCL GALEN 50 MG/2 ML IM/IV ENJEKSIYONLUK ÇöZELTI,8699607750337,A03AD01,Aktif,75.04
10418,PAPAVERIN HCL GALEN 60 MG/2 ML IM/IV ENJEKSIYONLUK ÇöZELTI,8699607750337,A03AD01,Aktif,74.83
10420,PARACEROL  10  MG/ML  I.V.  İNFüZYON  İçIN  ÇöZELTI  İçEREN    FLAKON,8699606694649,N02BE01,Aktif,79.31
10430,PARAKODIN 500 MG/10 MG TABLET,8699717010079,N02AJ06,Pasif,78.26
10438,PARASEDOL 10 MG/ML İ.V. İNFÜZYON ÇÖZELTISI İÇEREN FLAKON,8699828690115,N02BE01,Pasif,82.57
10439,PARASEDOL 120 MG/5 ML PEDİATRİK ELİKSİR,8699828580010,N02BE01,Pasif,74.01
10440,PARASEDOL 500 MG TABLET,8699579010088,N02BE01,Pasif,82.03
10445,PARCETOL  500 MG TABLET,8697772010058,N02BE01,Aktif,84.07
10446,PARCETOL 120 MG/5 ML ŞURUP,8697772570033,N02BE01,Aktif,86.93
10459,PARİET 20 MG ENTERIK KAPLı TABLET,8699593045295,A02BC04,Aktif,89.0
10460,PARİGEN 10 MCG/2 ML I.V. ENJEKSİYONLUK ÇÖZELTİ İÇEREN AMPUL,8699783750176,H05BX02,Pasif,72.65
10461,PARİGEN 5 MCG/ML I.V. ENJEKSİYONLUK ÇÖZELTI İÇEREN AMPUL,8699783750176,H05BX02,Pasif,73.97
10465,PARİSİTOL 5 MCG/1 mL İ.V. ENJEKSİYONLUK ÇÖZELTİ İÇEREN AMPUL,8699742750117,H05BX02,Pasif,70.06
10476,PARKOFF 20 MG/2 ML ENJEKSIYONLUK/İNFüZYONLUK ÇöZELTI,8680955750117,N04BC07,Aktif,70.94
10477,PARKOFF 50 MG/5 ML ENJEKSIYONLUK/İNFÜZYONLUK ÇÖZELTİ,8680955750117,N04BC07,Aktif,73.36
10479,PARKYN 0.250 MG TABLET,8699514010166,N04BC05,Aktif,81.35
10481,"PARKYN ER 0,75 MG UZATILMIŞ SALIMLI TABLET",8699514031284,N04BC05,Aktif,78.38
10482,PARKYN ER 0.375 MG UZATILMIŞ SALIMLI TABLET,8699514031239,N04BC05,Aktif,87.06
10483,"PARKYN ER 1,5 MG UZATILMIŞ SALIMLI TABLET",8699514031253,N04BC05,Aktif,78.71
10484,"PARKYN ER 2,25 MG UZATILMIŞ SALIMLI TABLET",8699514031260,N04BC05,Aktif,81.78
10485,PARKYN ER 3 MG UZATILMIŞ SALIMLI TABLET,8699514031277,N04BC05,Aktif,78.8
10486,"PARKYN ER 3,75 MG UZATILMIŞ SALIMLI TABLET",8699514031284,N04BC05,Aktif,79.55
10487,"PARKYN ER 4,5 MG UZATILMIŞ SALIMLI TABLET",8699514031291,N04BC05,Aktif,78.85
10488,PARLIN 1 MG TABLET,8699262010166,N04BD02,Aktif,73.24
10490,PARLODEL SRO 2.5MG YAVAŞ SALIMLI KAPSÜL,8698856170040,G02CB01,Pasif,80.63
10491,PARLODEL SRO 5MG YAVAŞ SALIMLI KAPSÜL,8698856170057,N04BC01,Pasif,80.58
10498,PAROL 10 MG/ML İNFÜZYON İÇIN ÇÖZELTI İÇEREN FLAKON,8699717690035,N02BE01,Pasif,81.15
10499,PAROL 120 MG/5 ML ORAL SÜSPANSİYON,8699717700062,N02BE01,Aktif,82.28
10501,PAROL 500 MG TABLET,8699717010109,N02BE01,Aktif,86.82
10505,PAROL PLUS 250MG/5ML ORAL SÜSPANSIYON,8699717700079,N02BE01,Aktif,78.14
10507,PAROSET UNO PLUS 250 MG/5 ML SüSPANSIYON,8681085010348,N02BE01,Pasif,91.76
10515,PARTEMOL 1 G/ 100 ML INFüZYON IçIN çöZELTI IçEREN FLAKON,8699844770716,N02BE01,Aktif,86.54
10517,"PARVİSTEN %0.025 GÖZ DAMLASI, ÇÖZELTİ",8680199617320,S01GX08,Aktif,75.26
10519,"Parvus 30 MIU/0,5 ml IV Infüzyon/SC Enjeksiyon İçin Çözelti İçeren Kullanıma Hazır Enjektör",8680833770015,L03AA02,Aktif,79.63
10523,PASİLOPRAM 20 MG FİLM TABLET,8699516097882,N06AB04,Pasif,77.31
10524,PASİLOPRAM 40 MG FİLM TABLET,8699516097905,N06AB04,Pasif,77.65
10525,PASİLOPRAM 40 MG FİLM TABLET,8699516097905,N06AB04,Pasif,77.65
10526,PASİLOPRAM 40 MG FİLM TABLET,8699516097905,N06AB04,Pasif,77.65
10533,PATENTOFEN 10 MG/2 ML I.V. İNFÜZYONLUK ÇÖZELTİ,8699606777069,C01EB16,Aktif,87.2
10534,PATRIL  20  MG  ENTERİK  KAPLI TABLET,8699525040015,A02BC04,Pasif,81.75
10535,PATYCA  600 MG ÇENTİKLİ FİLM TABLET,8699514092063,N02BF01,Pasif,83.99
10536,PATYCA 800 MG ÇENTIKLI FILM TABLET,8699514092070,N02BF01,Pasif,97.41
10537,PAUSED 10 MG SERT KAPSüL,8680833150299,L04AX04,Aktif,91.31
10538,PAUSED 15 MG SERT KAPSüL,8680833150305,L04AX04,Aktif,91.46
10539,PAUSED 25 MG SERT KAPSüL,8680833150312,L04AX04,Aktif,91.44
10540,PAUSED 5 MG SERT KAPSüL,8680833150282,L04AX04,Aktif,91.24
10555,PAXIPRID 200 MG TABLET,8699517011795,N05AL05,Pasif,95.88
10556,PAXIPRID 400 MG TABLET,8699517091674,N05AL05,Pasif,96.6
10558,PAXOTIN 20 MG FILM KAPLI TABLET,8699587093189,N06AB05,Pasif,71.9
10561,PAZOPANİB-TURGUT 200 MG FILM KAPLı TABLET,8699519090132,L01EX03,Pasif,89.14
10562,PAZOPANİB-TURGUT 400 MG FILM KAPLı TABLET,8699519090156,L01EX03,Pasif,88.95
10569,PEDİFEN 100 MG/5ML PEDIATRIK ŞURUP,8699717570016,M01AE01,Aktif,73.93
10571,PEDİFEN PEDİATRİK ŞURUP,8699717570016,M01AE01,Aktif,72.91
10572,PEDIPAR 120 MG / 5 ML PEDIATRIK SüSPANSIYON,8699587703446,N02BE01,Pasif,89.18
10573,PEDIPAR 120 MG/5 ML SÜSPANSIYON,8699587703446,N02BE01,Pasif,81.47
10574,PEDIPAR 120 MG/5 ML SÜSPANSIYON,8699587703446,N02BE01,Pasif,72.0
10575,PEDIPAR PLUS 250 MG/5 ML SÜSPANSIYON,8699587703453,N02BE01,Pasif,78.03
10576,PEDİPAR® PLUS 250 MG / 5 ML SüSPANSIYON,8699587703453,N02BE01,Pasif,78.27
10586,Pefsal 50 mcg/100 mcg İnhaler Kapsül,8680199556858,R03AK06,Pasif,71.18
10587,Pefsal 50 mcg/250 mcg İnhaler Kapsül,8680199556865,R03AK06,Pasif,70.99
10588,Pefsal 50 mcg/500 mcg İnhaler Kapsül,8680199556872,R03AK06,Aktif,70.88
10589,PEGASYS 135 MCG/0.5 ML ENJEKSIYONLUK ÇöZELTI İçEREN KULLANıMA HAZıR ŞıRıNGA,8699505950792,L03AB11,Pasif,79.19
10590,PEGASYS 180 MCG/0.5 ML ENJEKSIYONLUK ÇöZELTI İçEREN KULLANıMA HAZıR ŞıRıNGA,8699505950815,L03AB11,Pasif,78.68
10593,"PEGEA % 0.005 GÖZ DAMLASI, ÇÖZELTİ",8699569610342,S01EE01,Pasif,95.52
10594,PEGINTRON 100MCG,8699636950678,L03AB10,Pasif,82.3
10595,PEGINTRON 120MCG,8699636950685,L03AB10,Pasif,81.71
10596,PEGINTRON 150MCG,8699636950692,L03AB10,Pasif,82.09
10597,PEGINTRON 50-80-100-120-150 MCG ENJ.ÇÖZELTI TUZU VE ÇÖZÜCÜ,8699790790479,L03AB10,Pasif,74.21
10598,PEGINTRON 50MCG,8699636950708,L03AB10,Pasif,82.04
10599,PEGINTRON 80MCG,8699636950715,L03AB10,Pasif,82.09
10600,PEGINTRON PEN 100 MİKROGRAM ENJEKTABL TOZ VE ÇÖZELTİ İÇEREN KULLANIMA HAZIR KALEM,8699636790465,L03AB10,Pasif,73.51
10601,PEGINTRON PEN 120 MİKROGRAM ENJEKTABL TOZ VE ÇÖZELTİ İÇEREN KULLANIMA HAZIR KALEM,8699636790472,L03AB10,Pasif,73.82
10602,PEGINTRON PEN 150 MİKROGRAM ENJEKTABL TOZ VE ÇÖZELTİ İÇEREN KULLANIMA HAZIR KALEM,8699636790489,L03AB10,Pasif,73.71
10603,PEGINTRON PEN 50 MİKROGRAM ENJEKTABL TOZ VE ÇÖZELTİ İÇEREN KULLANIMA HAZIR KALEM,8699636790465,L03AB10,Pasif,72.83
10606,PEGINTRONPEN 120MCG,8699636950685,L03AB10,Pasif,79.17
10607,PEGINTRONPEN 120MCG,8699636950685,L03AB10,Pasif,79.67
10608,PEGINTRONPEN 50MCG,8699636950708,L03AB10,Pasif,79.94
10609,PEGINTRONPEN 80MCG,8699636950715,L03AB10,Pasif,79.99
10610,PEİTEL % 0.25 KREM,8699587354099,D07AC18,Aktif,70.75
10617,PEMETU 100 MG IV İNFÜZYONLUK ÇÖZELTİ HAZIRLAMADA KULLANILACAK KONSANTRE İÇİN TOZ,8699650772713,L01BA04,Aktif,75.71
10618,PEMETU 500 MG IV İNFÜZYONLUK ÇÖZELTİ HAZIRLAMADA KULLANILACAK KONSANTRE İÇİN TOZ,8699650772720,L01BA04,Aktif,75.75
10619,PEMTREX 100 MG IV INFÜZYON IÇIN LIYOFILIZE TOZ IÇEREN FLAKON,8699828790211,L01BA04,Aktif,81.66
10620,PEMTREX 500 MG IV İNFÜZYON İÇIN LIYOFILIZE TOZ İÇEREN FLAKON,8699828790228,L01BA04,Aktif,76.3
10632,PENCOLD 200 MG / 30 MG FILM TABLET,8699033090571,M01AE51,Pasif,71.76
10634,"PENEPİN JR. 0,15 MG/0,3 ML İ.M ENJEKSİYONLUK  ÇÖZELTİ İÇEREN OTO ENJEKTÖR",8680184950159,C01CA24,Pasif,70.59
10644,PENSARTAN 100 MG FILM KAPLI TABLET,8699033090175,C09CA01,Pasif,83.43
10645,PENSARTAN 50 MG FILM KAPLI TABLET,8699033090175,C09CA01,Pasif,84.88
10646,PENSARTAN PENSARTAN PLUS 100 MG/25 MG FILM KAPLI TABLET,8699033090175,C09CA01,Pasif,76.45
10654,PENTASA 1 G SUPOZİTUVAR,8697621890138,A07EC02,Aktif,76.85
10655,PENTASA 1 G UZATILMIŞ SALIMLI GRANÜL,8697621220126,A07EC02,Pasif,92.89
10656,PENTASA 1 G UZATILMIŞ SALIMLI TABLET,8697621030596,A07EC02,Pasif,91.3
10657,PENTASA 2 G UZATILMIŞ SALIMLI GRANÜL,8697621220270,A07EC02,Aktif,92.4
10658,PENTASA 500MG UZATILMIŞ SALIMLI TABLET,8697621030596,A07EC02,Pasif,90.97
10664,PENTOX SR 400 MG KAPSÜL,8699514157908,C04AD03,Pasif,75.41
10665,PENVASC 10 MG TABLET,8699033010098,C08CA01,Pasif,86.25
10666,PENVASC 5 MG TABLET,8699033010111,C08CA01,Pasif,86.13
10667,PENZOL 40 MG ENTERİK KAPLI TABLET,8699033040286,A02BC02,Pasif,77.22
10671,PEPTİCER 15 MG ENTERİK MİKROPELLET KAPSÜL,8699680160016,A02BC03,Pasif,84.07
10672,PEPTİCER 30 MG ENTERİK MİKROPELLET KAPSÜL,8699680160030,A02BC03,Aktif,83.63
10682,PERBRONŞ ŞURUP,8699649570047,R05DB07,Aktif,73.79
10694,PERFOSE 800 MG FİLM TABLET,8699844091248,V03AE02,Aktif,73.44
10695,PERGE 150 MG KAPSÜL,8699543150079,N02BF02,Aktif,93.08
10696,PERGE 225 MG KAPSÜL,8699543150222,N02BF02,Aktif,97.04
10697,PERGE 25 MG KAPSÜL,8699543150055,N02BF02,Aktif,92.92
10698,PERGE 300MG KAPSÜL,8699543150109,N02BF02,Aktif,86.29
10699,PERGE 75 MG KAPSÜL,8699543150062,N02BF02,Aktif,93.41
10701,PERIDAY 2 MG FILM KAPLI TABLET,8680881091209,C09AA04,Pasif,76.64
10702,PERIDAY 4 MG FILM KAPLI TABLET,8680881091230,C09AA04,Pasif,76.74
10710,PERILIFE 1 MG/ML ORAL ÇÖZELTI,8699559590029,N05AX08,Pasif,91.35
10731,PERJETA 420 MG/14 ML IV KONSANTRE İNFÜZYON ÇÖZELTİSİ,8699505762791,L01FD02,Aktif,90.63
10733,PERLUGA  200  MG  DAĞILABİLİR  TABLET,8680885507201,A16AA05,Aktif,80.28
10746,PEXA   XR 3.75 MG UZATıLMış SALıMLı TABLET,8699543030296,N04BC05,Aktif,85.61
10747,"PEXA  0,5 MG TABLET",8699543011240,N04BC05,Aktif,75.65
10748,PEXA  1 MG TABLET,8699543011257,N04BC05,Aktif,75.38
10752,PEXA XR 2.25 MG UZATıLMış SALıMLı TABLET,8699543030289,N04BC05,Aktif,73.54
10758,"PEXOLA ER 0,375 MG UZATILMIŞ SALIMLI TABLET",8699693030047,N04BC05,Aktif,85.0
10759,"PEXOLA ER 0,75 MG UZATILMIŞ SALIMLI TABLET",8699693030078,N04BC05,Aktif,82.6
10760,"PEXOLA ER 1,5 MG UZATILMIŞ SALIMLI TABLET",8699693030160,N04BC05,Aktif,83.41
10761,PEXOLA ER 3 MG UZATILMIŞ SALIMLI TABLET,8699693030139,N04BC05,Aktif,84.08
10762,"PEXOLA ER 4,5 MG UZATILMIŞ SALIMLI TABLET",8699693030160,N04BC05,Aktif,84.1
10766,PF % 5 DEKTROZ %0.45 SODYUM KLORÜR %0.3 POTASYUM KLORÜR I.V. INFÜZYON IÇIN ÇÖZELTI,8699606692713,B05BB02,Aktif,77.4
10776,"PF %5 DEKSTROZ %0,45 SODYUM KLORÜR I.V. İNFÜZYON İÇİN ÇÖZELTİ",8699606692713,B05BB02,Aktif,74.92
10782,PF 100 MG/ML DEKSTRAN 40 + 9 MG/ML İZOTONİK SODYUM KLORÜR I.V. İNFÜZYON İÇİN ÇÖZELTİ,8699606692935,B05AA05,Aktif,74.42
10783,PF 60 MG/ML DEKSTRAN 70+9 MG/ML İZOTONİK SODYUM KLORÜR IV  İNFÜZYON İÇİN ÇÖZELTİ,8699606692911,B05AA05,Aktif,71.63
10784,PF HIPERALAMINE %10 AMINO ASIT İ.V. İNFÜZYON İÇIN ÇÖZELTI,8699606693543,B05BA01,Aktif,78.29
10789,PF İZOTONİK SODYUM KLORÜR CERRAHİ AMAÇLI KULLANIM İÇİN İRRİGASYON ÇÖZELTİ,8699606683469,B05CB01,Aktif,71.08
10796,"PF TRAUMATICAMINE %6,9 AMINO ASIT İ.V. İNFÜZYON İÇIN ÇÖZELTI KT",8699606693789,B05BA01,Aktif,80.58
10797,PHARMAVISION ARFEN 50 MG/2 ML IM/IV ENJEKSİYONLUK ÇÖZELTİ,8699526000308,M01AE17,Aktif,72.94
10798,PHARON 120 MG GASTROREZISTAN SERT KAPSüL,8699536150796,L04AX07,Aktif,86.98
10799,PHARON 240 MG GASTROREZISTAN SERT KAPSüL,8699536150512,L04AX07,Aktif,87.23
10800,PHEALERA 10 MG FİLM KAPLI TABLET,8684020726014,C02KX04,Aktif,79.54
10802,PHEBDOL 800 MG/3 ML I.M. ENJEKSIYONLUK çöZELTI,8699525759740,M03BX30,Pasif,71.41
10803,PHESGORO 1200 MG+600 MG/15 ML SC ENJEKSIYONLUK çöZELTI,8699505773728,L01FY01,Aktif,95.73
10804,PHESGORO 600 MG+600 MG/10 ML SC ENJEKSIYONLUK ÇÖZELTI,8699505773735,L01FY01,Aktif,95.89
10813,PHOSMYCİN 3 G GRANÜL İÇEREN SAŞE,8680199252569,J01XX01,Pasif,75.38
10822,PHYSIOTENS 0.2MG FILM KAPLI TABLET,8699820090081,C02AC05,Pasif,83.01
10823,PHYSIOTENS 0.4MG FILM KAPLI TABLET,8699820090104,C02AC05,Pasif,82.86
10826,PICADIL 20 MG FILM KAPLI TABLET,8699536092089,C01EB15,Pasif,72.97
10827,PICADIL MR 35 MG MODIFIYE SALIM TABLET,8699536030135,C01EB15,Pasif,79.17
10828,PİCOCAP 2.5 MG YUMUŞAK KAPSÜL,8699828190431,A06AB08,Pasif,70.93
10846,PIGUS 150MG SERT JELATIN KAPSÜL,8699516153670,N02BF02,Pasif,92.18
10847,PIGUS 25MG SERT JELATIN KAPSÜL,8699516043001,N02BF02,Pasif,91.42
10848,PIGUS 300MG SERT JELATIN KAPSÜL,8699516153687,N02BF02,Pasif,92.58
10849,PIGUS 50 MG SERT JELATIN KAPSÜL,8699516043001,N02BF02,Pasif,95.71
10850,PIGUS 75MG SERT JELATIN KAPSÜL,8699516153663,N02BF02,Pasif,91.0
10855,PILOSED %2 GÖZ DAMLASI,8699569610083,S01EB01,Aktif,72.16
10861,PIMAVANS 34 MG SERT KAPSü,8680760150423,N05AX17,Aktif,89.35
10862,PİMREVA 150 MG FILM KAPLı TABLET,8699074090912,L01EM03,Aktif,89.99
10863,PİMREVA 200 MG FILM KAPLı TABLET,8699074090950,L01EM03,Pasif,90.64
10864,PİMREVA 200 MG VE 50 MG FILM KAPLı TABLET,8699074090936,L01EM03,Aktif,90.17
10868,PINGEL 75 MG FILM TABLET,8699502091986,B01AC04,Aktif,73.85
10870,PINRAL 100 MG ÇIĞNENEBILIR / ÇÖZÜNEBILIR TABLET,8699536070049,N03AX09,Aktif,87.87
10871,PINRAL 200 MG ÇIĞNENEBILIR / ÇÖZÜNEBILIR TABLET,8699536070056,N03AX09,Aktif,89.78
10872,PINRAL 25 MG ÇIĞNENEBILIR / ÇÖZÜNEBILIR TABLET,8699536070025,N03AX09,Aktif,89.76
10873,PINRAL 5 MG ÇIĞNENEBILIR / ÇÖZÜNEBILIR TABLET,8699536070018,N03AX09,Pasif,89.65
10874,PINRAL 50 MG ÇIĞNENEBILIR / ÇÖZÜNEBILIR TABLET,8699536070032,N03AX09,Aktif,89.7
10877,PIO-MET 15/500 MG FILM TABLET,8697936090575,A10BD05,Pasif,79.71
10880,PIOFORCE 15 MG TABLET,8699578013417,A10BG03,Pasif,96.26
10881,PIOFORCE 30 MG TABLET,8699578013431,A10BG03,Pasif,96.3
10882,PIOFORCE 45 MG TABLET,8699578013455,A10BG03,Pasif,96.37
10883,PIOFOX 15 MG TABLET,8680881015168,A10BG03,Pasif,88.57
10884,PIOFOX 30 MG TABLET,8680881014079,A10BG03,Pasif,88.51
10885,PIOFOX 45 MG TABLET,8680881014826,A10BG03,Pasif,88.91
10886,PİOGTAN 15 MG TABLET,8699502013261,A10BG03,Aktif,87.13
10887,PİOGTAN 30 MG TABLET,8699502013278,A10BG03,Aktif,87.36
10888,PİOGTAN 45 MG TABLET,8699502013285,A10BG03,Pasif,87.53
10890,PIONAL 15/850/300MG FILM KAPLI TABLET,8699976090553,A10BD05,Pasif,70.68
10891,PIONDIA 15 MG TABLET,8699516012779,A10BG03,Pasif,87.74
10895,PIRALDYNE ORAL SOLÜSYON,8699695000017,A01AD11,Aktif,83.15
10896,PİRAMON 1 g/5 ml I.V. Enjeksiyonluk Çözelti,8680202600240,N06BX03,Aktif,79.22
10901,PİRETİKOL 250 MG/5 ML ORAL SÜSPANSİYON,8680199705386,N02BE01,Aktif,70.58
10904,PIRFA 400 MG FILM KAPLI TABLET,8699543092249,L04AX05,Aktif,97.71
10905,PIRFA 600 MG FILM KAPLı TABLET,8699543092256,L04AX05,Aktif,94.82
10907,PIRFECT 200 MG SERT KAPSüL,8699540090972,L04AX05,Aktif,82.57
10909,PIRFECT 400 MG FILM KAPLI TABLET,8699540020924,L04AX05,Pasif,91.99
10910,PIRFECT 600 MG FILM KAPLı TABLET,8699540020931,L04AX05,Aktif,92.18
10912,PİROFEN 120 MG/5 ML PEDIATRIK ORAL SüSPANSIYON,8699525707703,N02BE01,Aktif,82.64
10913,PIROFEN 150MG/5ML PEDIATRIK ŞURUP,8699525573261,N02BE01,Pasif,82.63
10914,PIROFEN 250 MG/5 ML ORAL SÜSPANSİYON,8699525707710,N02BE01,Aktif,73.33
10915,PIROFEN 500 MG TABLET,8699525013248,N02BE01,Aktif,85.13
10916,PIROK SÜSPANSIYON,8699570700025,P02CX01,Pasif,70.84
10918,PIRUCIN 10 MG/5 ML IV/İNTRAVESIKAL ENJEKSIYON İÇIN LIYOFILIZE TOZ IÇEREN FLAKON,8699511796650,L01DB03,Pasif,73.49
10919,PIRUCIN 10 MG/5 ML IV/INTRAVESIKAL LIYOFILIZE TOZ FLAKON,8699511796650,L01DB03,Pasif,76.66
10921,PIRUCIN 50 MG/25 ML IV/INTRAVESIKAL LIYOFILIZE TOZ FLAKON,8699511796667,L01DB03,Aktif,75.72
10933,PIVERTEL 100 MG FILM KAPLı TABLET,8699580090703,A03AX04,Aktif,77.81
10934,PIVERTEL 50 MG FILM KAPLı TABLET,8699580090680,A03AX04,Aktif,77.71
10936,PIXART 15 MG TABLET,8699514010487,A10BG03,Pasif,88.58
10937,PIXART 30 MG TABLET,8699514010517,A10BG03,Pasif,88.52
10938,PIXART 45 MG TABLET,8699514010531,A10BG03,Pasif,88.92
10939,PIYELOSEPTYL 100MG TABLET,8699578013479,J01XE01,Aktif,95.82
10940,PIYELOSEPTYL 25MG/5ML ORAL SÜSPANSIYON,8699578703424,J01XE01,Aktif,91.74
10941,PIYELOSEPTYL 50MG KAPSÜL,8699578153410,J01XE01,Aktif,95.52
10942,PK-MERZ 100MG TABLET,8699708010446,N04BB01,Pasif,88.65
10943,PK-MERZ 200 MG/500  ML I.V. İNFÜZYONLUK ÇÖZELTİ,8699708010446,N04BB01,Pasif,77.96
10944,PK-MERZ I.V. INFÜZYON ÇÖZELTISI,8699708010446,N04BB01,Pasif,82.07
10949,PLANOR 75 MG FİLM KAPLI TABLET,8699828090304,B01AC04,Aktif,75.98
10950,PLANTIGMIN 0.5 MG/ML ENJEKSİYONLUK ÇÖZELTİ,8699606750154,N07AA01,Aktif,77.27
10954,"PLASBUMIN - 25,100 ML IV İNFÜZYON İÇİN ÇÖZELTI İÇEREN FLAKON",8699769980276,B05AA01,Pasif,84.37
10955,"PLASBUMIN - 25,50 ML IV İNFÜZYON İÇIN ÇÖZELTI İÇEREN FLAKON",8699769980269,B05AA01,Pasif,85.87
10956,"PLASBUMIN-20,100 ML IV İNFÜZYON İÇIN ÇÖZELTI İÇEREN FLAKON",8699769980276,B05AA01,Pasif,87.19
10957,"PLASBUMIN-20,50 ML IV İNFÜZYON İÇIN ÇÖZELTI İÇEREN FLAKON",8699769980269,B05AA01,Pasif,87.14
10961,PLAVİDOL 75 MG FİLM KAPLI TABLET,8680264860040,B01AC04,Pasif,73.95
10962,PLAVIX 75 MG FILM KAPLI TABLET,8699809097698,B01AC04,Aktif,90.77
10964,"PLEGRIDY 125 MCG/0,5 ML SC ENJEKSIYONLUK ÇöZELTI İçEREN KULLANıMA HAZıR KALEM",8699783950095,L03AB13,Aktif,87.07
10965,PLEGRIDY 63 MCG/0.5 ML + 94 MCG/0.5 ML SC ENJEKSIYONLUK ÇöZELTI İçEREN KULLANıMA HAZıR KALEM TEDAVIYE BAşLAMA PAKETI,8699783950088,L03AB13,Aktif,91.25
10966,"PLEKSOR 24 MG/1,2ML S.C. ENJEKSIYONLUK ÇöZELTI",8699783770280,L03AX16,Aktif,82.36
10967,PLENDIL 2.5 MG UZUN ETKILI FILM TABLET,8699786031340,C08CA02,Aktif,98.26
10968,PLENDIL 5 MG UZUN ETKILI FILM TABLET,8699786030206,C08CA02,Aktif,98.25
10969,PLETAL 100 MG TABLET,8680683010118,B01AC23,Aktif,92.36
10970,PLETAL 50 MG TABLET,8680683010118,B01AC23,Aktif,90.58
10972,PLOXAL 100 MG IV INFÜZYON IÇIN LIYOFILIZE TOZ IÇEREN FLAKON,8699828790105,L01XA03,Pasif,80.79
10974,PLOXAL 200 MG IV İNFÜZYON İÇİN LİYOFİLİZE TOZ İÇEREN STERİL APİROJEN FLAKON,8699828790105,L01XA03,Pasif,73.52
10977,PLOXAL-S 150 MG/30 ML İNFüZYON İÇIN KONSANTRE ÇÖZELTI İÇEREN FLAKON,8699828760085,L01XA03,Aktif,75.03
10978,PLOXAL-S 200 MG/40 ML IV İNFÜZYON İÇIN KONSANTRE ÇÖZELTI İÇEREN FLAKON,8699828760092,L01XA03,Aktif,79.46
10979,PLOXAL-S 50 MG/10 ML I.V. İNFÜZYON İÇIN KONSANTRE ÇÖZELTI İÇEREN FLAKON,8699828760085,L01XA03,Aktif,75.76
10984,PODOFILM TOPIKAL SOLÜSYON %25,8699708650499,D06BB04,Pasif,77.6
10988,POLGYL % 0.5 I.V. PERFüZYON çöZELTISI 100 ML,8699606693406,J01XD01,Aktif,88.63
10994,POLIFLEKS  60  MG/ML  DEKSTRAN  70  9  MG/ML  İZOTONIK SODYUM KLORüR İV İNFüZYON İçIN ÇöZELTI,8699606692317,B05AA05,Aktif,74.2
10995,"POLIFLEKS % 0,45 SODYUM KLORÜR İ.V. İNFÜZYON İÇIN ÇÖZELTI",8699606694106,B05XA03,Aktif,79.16
10998,POLIFLEKS % 20 MANNITOL SUDAKI I.V. INFÜZYON IÇIN ÇÖZELTI,8699606691556,B05BC01,Aktif,84.92
11005,POLIFLEKS %5  DEKSTROZ % 0.45 SODYUM KLORÜR I.V. INFÜZYON IÇIN ÇÖZELTI,8699606694106,B05XA03,Aktif,71.82
11006,"POLİFLEKS %5 DEKSTROZ %0,45 SODYUM KLORÜR %0,3 POTASYUM KLORÜR I.V. INFüZYON IçIN çöZELTI",8699606692713,B05BB02,Aktif,76.22
11008,POLIFLEKS %5 DEKSTROZ %0.2 SODYUM KLORÜR SOLÜSYONU(MEDIFLEKS TORBADA),8699606691990,B05BB02,Aktif,70.37
11009,POLIFLEKS %5 DEKSTROZ %0.45 SODYUM KLORÜR %0.3 POTASYUM KLORÜR I.V. INFÜZYON IÇIN ÇÖZELTI,8699606691990,B05BB02,Aktif,77.67
11012,POLİFLEKS %5 MANNİTOL ÜROLOJIK İRRIGASYON ÇöZELTISI,8699606693529,B05CX04,Aktif,89.9
11014,POLİFLEKS 100 MG/ML DEKSTRAN 40+9 MG/ML İZOTONİK SODYUM KLORÜR İ.V. İNFÜZYON İÇİN ÇÖZELTİ,8699606692317,B05AA05,Aktif,73.43
11023,POLİNOKSİD  2  MG/ML I.V. İNFüZYON İçIN ÇöZELTI,8699606694908,J01XX08,Aktif,81.36
11032,POLMOFEN 120 MG/5ML PEDİYATRİK SÜSPANSİYON,8699719700015,N02BE01,Pasif,75.82
11036,POMALEM 1 MG SERT KAPSÜL,8699525159731,L04AX06,Aktif,85.49
11037,POMALEM 2 MG SERT KAPSÜL,8699525159748,L04AX06,Aktif,85.48
11038,POMALEM 3 MG SERT KAPSÜL,8699525159755,L04AX06,Aktif,85.5
11039,POMALEM 4 MG SERT KAPSÜL,8699525159762,L04AX06,Aktif,85.49
11040,POMAVID 1 MG SERT KAPSüL,8699514151678,L04AX06,Aktif,93.19
11041,POMAVID 2 MG SERT KAPSüL,8699514151685,L04AX06,Aktif,93.18
11042,POMAVID 3 MG SERT KAPSüL,8699514151692,L04AX06,Aktif,93.19
11043,POMAVID 4 MG SERT KAPSüL,8699514151708,L04AX06,Aktif,93.19
11045,POMPEZO 40 MG IV ENJEKSİYON VE İNFÜZYON İÇİN LİYOFİLİZE TOZ İÇEREN FLAKON,8680199797794,A02BC05,Pasif,77.14
11046,PONSTAN FORTE 500 MG FILM KAPLI TABLET,8681308091277,M01AG01,Aktif,75.23
11047,POROKS-D3 1000 MG/880 IU EFERVESAN GRANüL İçEREN SAşE,8680150240062,A12AX,Aktif,72.81
11048,POSAGİL 100 MG GASTRO-REZISTAN TABLET,8699514040088,J02AC04,Aktif,75.48
11051,POSAKSİN 40 MG/ML ORAL SÜSPANSİYON,8699738770839,J02AC04,Aktif,78.13
11054,POSECTİO 300 MG I.V. İNFÜZYONLUK ÇÖZELTI  HAZIRLAMAK İÇİN KONSANTRE,8699606796138,J02AC04,Pasif,81.11
11055,POSTPİLL ONE 1.5 MG TABLET,8681823005247,G03AD01,Aktif,95.97
11062,POTASYUM KLORÜR %22.5 AMPUL,8699607750573,B05XA01,Aktif,81.79
11063,POTASYUM KLORÜR %22.5 BİOSEL SOLÜSYON,8699788750836,B05XA01,Pasif,71.56
11064,"POTASYUM KLORÜR %7,5 SİBU PHARM ENJEKSIYONLUK çöZELTI",8684055798857,B05XA01,Aktif,81.4
11065,POTASYUM KLORÜR %7.5 10 ML AMPUL-İMARETÇİOĞLU,8699580750089,B05XA01,Pasif,78.69
11066,POTASYUM KLORÜR %7.5 10 ML AMPUL-MEFAR,8699580750089,B05XA01,Pasif,81.03
11067,POTASYUM KLORÜR %7.5 AMPUL,8699607750511,B05XA01,Aktif,81.12
11068,POTASYUM KLORÜR %7.5 IV INFÜZYON IÇIN ÇÖZELTI IÇEREN AMPUL,8699479750121,B05XA01,Pasif,78.2
11069,POTASYUM KLORÜR %7.5 IV INFÜZYON IÇIN ÇÖZELTI IÇEREN AMPUL,8699479750121,B05XA01,Pasif,86.26
11070,POTASYUM KLORüR 225 MG/1 ML ENJEKSIYONLUK çöZELTI,8699580750089,B05XA01,Pasif,72.32
11071,POTASYUM KLORüR 75 MG/1 ML ENJEKSIYONLUK çöZELTI,8699580750089,B05XA01,Pasif,74.04
11072,POTASYUM KLORÜR BIOFARMA %7.5 AMPUL,8699578753504,B05XA01,Pasif,85.22
11073,POTASYUM KLORÜR BİOSEL AMPUL %7.5,8699788750812,B05XA01,Pasif,75.29
11074,"POTASYUM KLORÜR ONFARMA %7,5 IV İNFÜZYONLUK ÇÖZELTİ",8680202600073,B05XA01,Aktif,79.17
11076,"POTASYUM KLORÜR-KOÇAK IV İNFÜZYON İÇİN ÇÖZELTİ İÇEREN AMPUL %22,5",8699579750052,B05XA01,Pasif,72.46
11077,"POTASYUM KLORÜR-KOÇAK IV İNFÜZYON İÇİN ÇÖZELTİ İÇEREN AMPUL %7,5",8699579750045,B05XA01,Pasif,71.66
11078,POTCİT 10 MEQ KONTROLLÜ SALIM TABLET,8699819030692,A12BA02,Aktif,79.01
11084,POWERCEF 250 MG FİLM KAPLI TABLET,8697929091770,J01DC02,Pasif,70.94
11085,POWERCEF 500 MG FİLM KAPLI TABLET,8697929091800,J01DC02,Pasif,70.66
11088,PRABEX 10 MG ENTERİK KAPLI TABLET,8699516047467,A02BC04,Aktif,83.0
11089,PRABEX 20MG ENTERIK KAPLI TABLET,8699516047467,A02BC04,Aktif,84.85
11090,PRADAXA 110 MG SERT KAPSÜL,8699693150103,B01AE07,Pasif,90.22
11091,PRADAXA 150 MG SERT KAPSÜL,8699693150127,B01AE07,Aktif,89.27
11092,PRADAXA 75 MG SERT KAPSÜL,8699693150097,B01AE07,Pasif,89.7
11102,PRALAS 100 MCG/ 20 MCG İNHALASYON İÇİN ÇÖZELTİ İÇEREN ÖLÇÜLÜ DOZLU AEROSOL,8699525520166,R03AL02,Pasif,80.26
11103,"PRALAS 2,5 MG+0,5 MG/ 2,5 ML NEBüLIZASYON ÇöZELTISI",8699525520036,R03AL02,Pasif,71.5
11118,PRAVACHOL 10 MG TABLET,8699525016775,C10AA03,Aktif,93.53
11119,PRAVACHOL 20 MG TABLET,8699525016775,C10AA03,Aktif,90.35
11120,PRAVACHOL 40 MG TABLET,8699525016799,C10AA03,Aktif,93.6
11122,PRE-EKLAMOL MAGNEZYUM SÜLFAT 4 G/100 ML İV İNFÜZYON İÇİN ÇÖZELTİ,8699578752620,A12CC02,Pasif,70.43
11124,PRECOBAL 150 MG/1 MG KAPSÜL,8699578153441,N02BF02,Pasif,76.09
11125,PRECOBAL 300 MG/1 MG KAPSÜL,8699578153441,N02BF02,Pasif,79.6
11126,PRECOBAL 75 MG/1 MG KAPSÜL,8699578153427,N02BF02,Pasif,79.75
11133,PRECORT-LİYO 20 MG I.M./I.V. ENJEKSIYON IçIN LIYOFILIZE TOZ IçEREN AMPUL,8699828750451,H02AB04,Aktif,85.06
11134,PRECORT-LIYO 250 MG IM/IV ENJEKSIYON İÇIN LIYOFILIZE TOZ İÇEREN AMPUL,8699828750468,H02AB04,Aktif,78.87
11135,PRECORT-LİYO 40 MG I.M./I.V. ENJEKSIYON İçIN LIYOFILIZE TOZ İçEREN AMPUL,8699828750475,H02AB04,Aktif,81.79
11141,PREDNISOLON AMPUL,8699517750205,H02AB06,Pasif,96.33
11144,PREDNOL 16 MG TABLET,8699541010504,H02AB04,Aktif,83.41
11145,PREDNOL 4 MG TABLET,8699541010405,H02AB04,Aktif,82.9
11154,PREDOPAM 50 MG/ 5 ML I.V. INFÜZYON IÇIN KONSANTRE ÇÖZELTI IÇEREN AMPUL,8699769750084,C01CA04,Pasif,71.39
11162,PREKO 15 MG/850 MG FILM TABLET,8699514090984,A10BD05,Pasif,75.23
11163,PRELİCA 150 MG KAPSÜL,8680760150263,N02BF02,Aktif,82.82
11164,PRELİCA 25 MG KAPSÜL,8680760150263,N02BF02,Aktif,83.78
11165,PRELİCA 300 MG KAPSÜL,8680760150263,N02BF02,Aktif,82.96
11166,PRELİCA 75 MG KAPSÜL,8680760150263,N02BF02,Aktif,87.59
11167,PREMIUM 160 MG FILM TABLET,8699514090649,C09CA03,Pasif,95.34
11168,PREMIUM 40 MG FILM TABLET,8699514090625,C09CA03,Pasif,93.27
11169,PREMIUM 40 MG FILM TABLET,8699514090625,C09CA03,Pasif,77.73
11170,PREMIUM 80 MG FILM TABLET,8699514090625,C09CA03,Pasif,95.15
11182,PREPLUS B12 150/1MG EFERVESAN TABLET,8697929023375,N02BF02,Pasif,86.62
11183,PREPLUS B12 25/1MG EFERVESAN TABLET,8697929023368,N02BF02,Pasif,86.46
11184,PREPLUS B12 300/1MG EFERVESAN TABLET,8697929023368,N02BF02,Pasif,84.07
11185,PREPLUS B12 75/1MG EFERVESAN TABLET,8697929023405,N02BF02,Pasif,86.65
11205,PREZISTA 400 MG FILM KAPLI TABLET,8699593095290,J05AE10,Aktif,93.47
11206,PREZISTA 600 MG FILM KAPLI TABLET,8699593095306,J05AE10,Aktif,99.22
11209,PRİDESMO 120 MCG DİLALTI TABLET,8699738050023,H01BA02,Aktif,82.43
11210,PRİDESMO 60 MCG DİLALTI TABLET,8699738050016,H01BA02,Aktif,82.19
11234,PRIMOLUT-N 5 MG TABLET,8699546010066,G03DC02,Aktif,86.17
11243,PRIVIGEN  10 G/100 ML IV INFüZYONLUK çöZELTI,7612377007662,J06BA02,Pasif,81.87
11244,"PRIVIGEN  2,5 G/25 ML IV INFüZYONLUK çöZELTI",7612377007655,J06BA02,Pasif,80.61
11245,PRIVIGEN  5 G/50 ML IV INFüZYONLUK çöZELTI,7612377007655,J06BA02,Pasif,81.71
11247,PRO-FLEKS %5 DEKSTROZ ÇÖZELTİSİ,8680624796743,B05BA03,Aktif,75.72
11250,"PRO-FLEX %0,9 SODYUM  KLORÜR İZOTONİK ÇÖZELTİSİ",8680624796835,B05XA03,Aktif,75.72
11251,"PRO-FLEX %0,9 SODYUM  KLORÜR İZOTONİK ÇÖZELTİSİ-ÇETINKAYA",8680624796835,B05XA03,Aktif,70.77
11256,PROBLOK 100 MG FİLM KAPLI TABLET,8699792011480,C07AB02,Aktif,83.56
11257,PROBLOK 50 MG FILM KAPLI TABLET(ÜRETIM YERI:MYFARMA),8699792091499,C07AB02,Aktif,74.0
11258,PROBLOK 50 MG FİLM TABLET(ÜRETİM YERİ:TOPRAK),8699792091499,C07AB02,Aktif,71.44
11259,PROCALUT 150 MG FILM TABLET,8699828090144,L02BB03,Pasif,84.46
11260,PROCALUT 50 MG FILM TABLET,8699828090137,L02BB03,Aktif,84.08
11267,PROFEN %5 JEL,8699599010136,M01AE01,Pasif,91.78
11269,PROFEN FORT 600 MG TABLET,8699599010143,M01AE01,Pasif,96.79
11270,PROFEN-D 300 MG TABLET,8699599010136,M01AE01,Pasif,93.69
11271,"PROFENID % 2,5 JEL",8699809340015,M02AA10,Aktif,79.5
11273,PROFENID IM AMPUL 100 MG/2 ML,8699809897083,M01AE03,Pasif,77.52
11274,PROFENID SUPOZITUVAR 100 MG,8699809897083,M01AE03,Pasif,82.01
11275,PROFLEKS %0.9 SODYUM KLORÜR İZOTONİK ÇÖZELTİSİ,8680624796835,B05XA03,Aktif,75.16
11276,PROGAS 40MG I.V. ENJEKSIYONLUK LIYOFILIZE TOZ IçEREN FLAKON,8699516276126,A02BC02,Pasif,70.36
11277,PROGESTAN  DEX 25 MG /  1 ML İ.M. /  S.C. ENJEKSIYONLUK ÇöZELTI,8699828750758,G03DA04,Aktif,89.49
11278,PROGESTAN 100 MG YUMUşAK KAPSüL,8699828190189,G03DA04,Aktif,85.92
11279,PROGESTAN 200 MG YUMUşAK KAPSüL,8699828190394,G03DA04,Aktif,97.83
11280,PROGESTAN 25 MG/ML IM ENJEKSİYONLUK ÇÖZELTİ,8699828750758,G03DA04,Aktif,88.05
11281,PROGESTAN 50 MG/ML IM ENJEKSIYONLUK ÇÖZELTI İÇEREN AMPUL,8699828750758,G03DA04,Aktif,90.65
11284,PROGOR 120 MG KONTROLLÜ SALIMLI MİKROPELLET KAPSÜL,8699671170048,C08DB01,Pasif,74.52
11285,PROGOR 180 MG KONTROLLÜ SALIMLI MİKROPELLET KAPSÜL,8699671170055,C08DB01,Pasif,74.25
11286,PROGOR 240 MG KONTROLLÜ SALIMLI MİKROPELLET KAPSÜL,8699671170062,C08DB01,Pasif,74.43
11287,PROGOR 300 MG KONTROLLÜ SALIMLI MİKROPELLET KAPSÜL,8699671170048,C08DB01,Pasif,72.78
11288,PROGRAF 0.5 MG SERT JELATIN KAPSüL,8699043890321,L04AD02,Aktif,77.11
11289,PROGRAF 1 MG SERT JELATIN KAPSüL,8699043890338,L04AD02,Aktif,76.9
11290,PROGRAF 5 MG SERT JELATIN KAPSüL,8699043890345,L04AD02,Aktif,76.9
11292,PROGYNEX %1 JEL,8697943190015,G03DA04,Pasif,83.53
11293,PROGYNEX 100 MG YUMUşAK KAPSüL,8697943190015,G03DA04,Pasif,90.54
11294,PROGYNEX 200 MG YUMUşAK KAPSüL,8697943190022,G03DA04,Pasif,90.6
11295,PROGYNEX 25 MG/ML IM ENJEKSİYONLUK ÇÖZELTİ,8697943750028,G03DA04,Pasif,92.01
11296,PROGYNEX 50 MG/ML İM ENJEKSİYONLUK ÇÖZELTİ,8697943750059,G03DA04,Pasif,90.86
11297,PROHELIX 35 MG/5 ML ŞURUP,8699717570092,R05CA12,Aktif,71.82
11298,PROJEZİK 100 MG FİLM TABLET,8699844090319,M01AE09,Aktif,72.17
11301,PROKINIB 200 MG FILM KAPLı TABLET,8699702099027,L01EX02,Aktif,75.44
11308,PROLFAT 50 MG/5 ML IV ENJEKSIYONLUK ÇöZELTI,8681697750229,V03AB14,Aktif,86.09
11309,PROLİA 60 MG/ML SC ENJEKSIYONLUK çöZELTI İçEREN KULLANıMA HAZıR ENJEKTöR.,8699862950251,M05BX04,Aktif,87.33
11312,PROLUTEX 25 MG ENJEKSİYONLUK ÇÖZELTİ,8680426040136,G03DA04,Aktif,90.38
11313,PROLUTON DEPOT AMPUL 500MG/2ML,8699546750283,G03DA03,Pasif,70.52
11314,"PROMESIN % 0,3 GöZ DAMLASı, ÇöZELTI",8699828610014,S01AA12,Pasif,81.36
11315,PROMESİN %3 GÖZ DAMLASI,8699828610014,S01AA12,Pasif,81.37
11316,PROMESTER 25 MG/ML I.M. ENJEKSİYONLUK,8699844772574,G03DA04,Aktif,82.08
11317,PROMESTER 50 MG/ML I.M. ENJEKSİYONLUK ÇÖZELTİ,8699844772574,G03DA04,Aktif,86.77
11327,PROPECİA 1 MG FİLM KAPLI TABLET,8683280337343,D11AX10,Aktif,80.35
11328,PROPESS 10 MG OVÜL,8697621900530,G02AD02,Aktif,94.02
11329,PROPOFOL   %1  FRESENIUS   500  MG  /50  ML  ENJEKSIYONLUK VEYA  İNFüZYONLUK  EMüLSIYON,8699630696107,N01AX10,Pasif,82.18
11331,PROPOFOL %1 FRESENIUS İV ENJEKTABL EMÜLSIYON (20 ML),8699630696107,N01AX10,Pasif,90.92
11332,PROPOFOL GENTHON IV 1000 MG/100 ML ENJEKSİYONLUK EMULSIYON İÇEREN FLAKON,8699606756231,N01AX10,Aktif,74.38
11333,PROPOFOL GENTHON IV 200 MG/20 ML ENJEKSIYONLUK EMÜLSIYON İÇEREN FLAKON,8699606756231,N01AX10,Aktif,78.7
11334,PROPOFOL GENTHON IV 500 MG/50 ML ENJEKSIYONLUK EMÜLSIYON İÇEREN FLAKON,8699606756231,N01AX10,Aktif,76.45
11335,PROPOFOL VEM 1000 MG/100 ML I.V. INFüZYONLUK/ENJEKSIYONLUK EMüLSIYON,8699606756231,N01AX10,Aktif,86.99
11336,PROPOFOL VEM 1000 MG/50 ML I.V. INFüZYONLUK/ENJEKSIYONLUK EMüLSIYON,8699606756231,N01AX10,Aktif,87.66
11337,PROPOFOL VEM 200 MG/20 ML I.V. INFüZYONLUK/ENJEKSIYONLUK EMüLSIYON,8699606756231,N01AX10,Aktif,89.87
11338,PROPOFOL VEM 500 MG/50 ML I.V. INFüZYONLUK/ENJEKSIYONLUK EMüLSIYON,8699606756231,N01AX10,Aktif,87.63
11339,PROPOFOL-HAVER %1 200 MG/20 ML I.V.  ENJEKSIYONLUK/İNFüZYONLUK EMüLSIYON,8699606756231,N01AX10,Aktif,83.31
11340,PROPOFOL-PF %1 200MG/20 ML I.V. ENJEKSIYONLUK/İNFüZYONLUK EMüLSIYON,8699606756231,N01AX10,Aktif,93.38
11341,PROPOFOL-PF %2  1000 MG/50 ML I.V. ENJEKSIYONLUK/İNFüZYONLUK EMüLSIYON,8699606756231,N01AX10,Aktif,90.61
11342,PROPOFOL-PF %2 400 MG/20 ML I.V. ENJEKSIYONLUK/İNFüZYONLUK EMüLSIYON,8699606756231,N01AX10,Aktif,91.24
11343,PROPOFOL-PF MCT %1 200 MG/20 ML I.V. ENJEKSIYONLUK/İNFüZYONLUK EMüLSIYON,8699606756231,N01AX10,Aktif,90.48
11344,PROPOFOL-PF MCT %1 500 MG/50 ML I.V. ENJEKSIYONLUK/İNFüZYONLUK EMüLSIYON,8699606756231,N01AX10,Aktif,88.36
11345,PROPOFOL-PF MCT %2 1000 MG/50 ML I.V. ENJEKSIYONLUK/İNFüZYONLUK EMüLSIYON,8699606756231,N01AX10,Aktif,88.13
11348,PROSCAR 5 MG FILM KAPLI TABLET,8683280337350,G04CB01,Aktif,95.85
11349,PROSEK 20 MG ENTERİK KAPLI MİKROPELLET İÇEREN KAPSÜL,8699502160156,A02BC01,Pasif,70.93
11355,PROSTERİT 5 MG FILM TABLET,8699828090465,G04CB01,Pasif,90.41
11356,"PROSTYL MR 0,4MG DEĞIŞTIRILMIŞ SALIMLI SERT KAPSÜL",8699569170013,G04CA02,Aktif,76.16
11357,PROTAMIN ICN 5000 IU/5 ML IV KULLANNIM İÇIN ENJEKSIYONLUK SOLÜSYON İÇEREN AMPUL,8698856750280,V03AB14,Pasif,85.73
11359,PROTECH  40  MG  ENTERIK  KAPLı  TABLET,8699580040012,A02BC02,Aktif,95.52
11360,PROTECH 20 MG ENTERIK KAPLI TABLET,8699580040043,A02BC02,Pasif,76.97
11366,PROTONEX 20 MG ENTERIK KAPLI TABLET,8699514130024,A02BC02,Pasif,76.9
11369,PROVENİX 200 MCG/2 ML İNFÜZYONLUK ÇÖZELTİ HAZIRLAMAK İÇİN KONSANTRE,8681735690586,N05CM18,Pasif,71.86
11371,PROVIR  %5  KREM,8697772350017,D06BB03,Aktif,79.27
11372,PROVİRON 25 MG TABLET,8699546010042,G03BB01,Aktif,86.09
11373,PROXACIN 500 MG FILM TABLET,8698978090042,J01MA02,Pasif,74.05
11377,"PROZOLON 1,25 MG/G KREM",8699591350278,D07AA03,Pasif,90.8
11378,"PROZOLON 1,25 MG/G POMAD",8699591350278,D07AA03,Pasif,80.98
11381,"PSOBETAZOL % 0,05 KÖPÜK",8699580310047,D07AD01,Aktif,82.9
11383,"PSODERM %0,05 SAÇ LOSYONU",8699525498113,D07AD01,Aktif,73.98
11386,"PSORCUTAN %0,005 MERHEM",8699514380047,D05AX02,Aktif,85.63
11387,"PSORCUTAN 0,05 MG/ML SCALP ÇÖZELTİ",8699514650140,D05AX02,Aktif,81.38
11388,PSORCUTAN BETA 50 MCG/G+500 MCG/G MERHEM,8699514380054,D05AX52,Aktif,79.18
11389,PSORCUTAN BETA POMAD,8680643001019,D05AX02,Pasif,71.98
11391,PSÖRETİN 10 MG SERT KAPSÜL,8699738150013,D05BB02,Aktif,76.83
11392,PSÖRETİN 25 MG SERT KAPSÜL,8699738150020,D05BB02,Aktif,76.89
11393,"PSOVATE % 0,05 MERHEM",8699512380025,D07AD01,Aktif,72.9
11396,PUBİLTOR 20 MG FİLM KAPLI TABLET,8699525099570,G04BE08,Pasif,76.52
11397,PULARTER 20 MG çENTIKLI FILM KAPLı TABLET,8680760092280,G04BE03,Aktif,83.48
11398,"PULBIEN 0,25 MG/ML NEBüLIZASYON SüSPANSIYONU",8699606527121,R03BA02,Aktif,95.07
11399,"PULBIEN 0,5 MG/ML NEBüLIZASYON SüSPANSIYONU",8699606527138,R03BA02,Aktif,94.99
11401,PULCET 40 MG ENTERIK KAPLI TABLET,8699540040151,A02BC02,Aktif,92.09
11403,PULDAFİX 20 MG FİLM KAPLI TABLET,8699738090555,G04BE08,Aktif,75.29
11404,PULMİCORT 0.25 MG/ML NEBÜLİZER SÜSPANSİYON,8699786520011,R03BA02,Pasif,73.53
11405,PULMICORT 0.5 MG/ML NEBÜLIZER SÜSPANSIYON,8699786520028,R03BA02,Pasif,85.48
11406,PULMICORT TURBUHALER 100 MCG,8699786550025,R03BA02,Pasif,95.09
11407,PULMICORT TURBUHALER 200 MCG,8699786550025,R03BA02,Pasif,95.4
11408,PULMICORT TURBUHALER 400 MCG,8699786550049,R03BA02,Pasif,95.45
11409,"PULMİSTAT FORT 22,5 MG/ 5 ML ŞURUP",8699527575300,R05DB13,Aktif,80.7
11410,"PULMİSTAT® 7,5 MG/ 5 ML şURUP",8699527575287,R05DB13,Pasif,78.08
11415,PULMOR 15 MG /5 ML PEDIATRIK ŞURUP,8699580570076,R05CB06,Aktif,79.73
11416,PULMOR 30 MG /5 ML ŞURUP,8699580570052,R05CB06,Aktif,75.05
11417,PULMOREST 30 MG/5 ML ŞURUP,8699527574389,R05DB27,Aktif,85.16
11418,PULMOREST FORT 60 MG/5 ML ŞURUP,8699527574419,R05DB27,Aktif,87.93
11421,PURDOX % 5 KREM,8699708350047,D04AX01,Aktif,72.26
11431,PURIDAT FORT 200 MG TABLET,8699569010951,A03AA05,Pasif,85.2
11432,PURINETHOL 50 MG TABLET,8699874080076,L01BB02,Pasif,86.73
11435,QALYVİZ 0.25 MCG YUMUŞAK KAPSÜL,8699511190670,A11CC04,Aktif,74.09
11436,QALYVİZ 0.5 MCG YUMUŞAK KAPSÜL,8699511190663,A11CC04,Aktif,73.67
11437,QLAIRISTA FİLM KAPLI TABLET,8699546090068,G03AB08,Aktif,80.6
11438,QSMOK 150 MG UZATILMIŞ SALIMLI TABLET,8699717360013,N06AX12,Aktif,76.25
11440,QUALTAN 40 MG TABLET,8699517014123,C09CA07,Pasif,98.68
11441,QUALTAN 80 MG TABLET,8699517014116,C09CA07,Pasif,98.71
11442,QUANDO 8 MG ENJEKTABL TOZ IÇEREN FLAKON,8699566794069,M01AC05,Pasif,78.01
11443,QUANDO 8 MG FİLM KAPLI TABLET,8699566094022,M01AC05,Pasif,70.11
11444,QUANDO 8 MG FILM KAPLI TABLET,8699566094022,M01AC05,Pasif,74.92
11445,"QUANTAVIR 0,5 MG FILM TABLET",8699514092803,J05AF10,Aktif,76.44
11446,QUANTAVIR 1 MG FİLM TABLET,8699514092834,J05AF10,Aktif,70.78
11447,QUELEPT 100 MG FILM TABLET,8699680090115,N05AH04,Aktif,75.62
11448,QUELEPT 100 MG FILM TABLET,8699680090115,N05AH04,Aktif,75.62
11449,QUELEPT 150 MG FILM KAPLı TABLET,8699680091334,N05AH04,Aktif,75.7
11451,QUELEPT 200 MG FILM TABLET,8699680090122,N05AH04,Aktif,75.87
11452,QUELEPT 25 MG FILM TABLET,8699680090108,N05AH04,Aktif,75.74
11453,QUELEPT 25 MG FILM TABLET,8699680090108,N05AH04,Aktif,75.74
11454,QUELEPT 300 MG FILM TABLET,8699680090139,N05AH04,Aktif,76.35
11455,QUELEPT 300 MG FILM TABLET,8699680090139,N05AH04,Aktif,76.35
11457,QUELEPT 50 MG FILM KAPLı TABLET,8699680091327,N05AH04,Aktif,75.04
11463,QUET 100 MG FILM KAPLı TABLET,8699525095657,N05AH04,Aktif,83.96
11465,QUET 150 MG FILM KAPLı TABLET,8699525095664,N05AH04,Aktif,77.27
11466,QUET 150 MG FILM TABLET,8699525095664,N05AH04,Aktif,74.32
11467,QUET 200 MG FILM KAPLı TABLET,8699525095688,N05AH04,Aktif,76.91
11468,QUET 200 MG FILM TABLET,8699525095688,N05AH04,Aktif,73.93
11470,QUET 25 MG FILM TABLET,8699525095640,N05AH04,Aktif,73.79
11471,QUET 300 MG FILM KAPLı TABLET,8699525095701,N05AH04,Aktif,77.55
11472,QUET 300 MG FILM TABLET,8699525095701,N05AH04,Aktif,74.52
11474,QUET XR 150 MG UZATILMIŞ SALIMLI TABLET,8699525030085,N05AH04,Aktif,75.14
11475,QUET XR 200 MG UZATILMIŞ SALIMLI TABLET,8699525030061,N05AH04,Aktif,74.88
11476,QUET XR 300 MG UZATILMIŞ SALIMLI TABLET,8699525030108,N05AH04,Pasif,75.27
11477,QUET XR 400 UZATILMIŞ SALIMLI TABLET,8699525030122,N05AH04,Aktif,74.98
11478,QUET XR 50 MG UZATILMIŞ SALIMLI TABLET,8699525030146,N05AH04,Aktif,74.57
11481,QUFONS 500 MG FILM KAPLI TABLET,8698747090044,J01MA12,Pasif,78.12
11482,QUFONS 750 MG FILM KAPLI TABLET,8698747090075,J01MA12,Pasif,78.75
11498,RABELİS 20 MG ENTERİK KAPLI TABLET,8697929040150,A02BC04,Pasif,76.23
11499,RABELİS DDR 50 MG KAPSÜL,8697929173032,A02BC04,Pasif,75.4
11501,RABENOL  20  MG  ENTERIK  KAPLı  TABLET,8697929040150,A02BC04,Pasif,74.07
11502,RABEONOL 20 MG ENTERİK KAPLI TABLET,8697927044969,A02BC04,Aktif,76.6
11503,RABIZA 20 MG ENTERIK KAPLI TABLET,8699680040011,A02BC04,Aktif,90.92
11504,RABOBER 20 MG GASTRO REZISTAN TABLET,8699591040018,A02BC04,Aktif,87.08
11505,RACE 10MG TABLET,8699543010847,C09AA05,Aktif,89.61
11506,RACE 2.5MG TABLET-KT,8699543010823,C09AA05,Aktif,88.79
11507,RACE 5MG TABLET,8699543010830,C09AA05,Aktif,91.11
11513,RALEF 10 MG FİLM KAPLI TABLET,8699293093626,L04AK01,Pasif,82.58
11514,RALEF 100 MG FILM KAPLI TABLET,8699293093626,L04AK01,Pasif,92.22
11515,RALEF 20 MG FILM KAPLI TABLET,8699293093626,L04AK01,Pasif,91.85
11517,RAMADEX 100 MG/2 ML ENJEKSİYONLUK  ÇÖZELTİ,8680222750420,N02AX02,Aktif,77.29
11518,RAMELDA 8 MG FİLM TABLET,8699514094050,N05CH02,Pasif,94.68
11525,RANEKS 10 MG ENTERİK TABLET,8699569040071,A02BC04,Aktif,78.71
11526,RANEKS 20 MG ENTERIK TABLET,8699569040071,A02BC04,Aktif,83.95
11527,RANEKS 20 MG ENTERIK TABLET,8699569040071,A02BC04,Aktif,83.95
11528,RANESEVA 800 MG FİLM  KAPLI TABLET,8680008040325,V03AE02,Pasif,77.08
11529,RANIJECT 50 MG/2 ML IM/IV ENJEKSIYONLUK ÇÖZELTI İÇEREN AMPUL,8699814750243,A02BA02,Pasif,76.66
11531,RANİTAB 150 MG FİLM TABLET,8699525091147,A02BA02,Pasif,70.54
11550,RAPAMUNE 0.5 MG TABLET,8681308127464,L04AH01,Aktif,78.39
11551,RAPAMUNE 1 MG KAPLI TABLET,8681308127464,L04AH01,Aktif,77.91
11552,RAPAMUNE 1 MG/ML ORAL ÇÖZELTİ,8699572590020,L04AH01,Pasif,82.51
11554,RAPILYSIN 10 U I.V. ENJEKSIYON IÇIN STERIL LIYOFILIZE TOZ IÇEREN FLAKON,8699517271533,B01AD07,Pasif,85.63
11559,"RASALAS 0,5 MG TABLET",8699514010760,N04BD02,Aktif,75.28
11560,RASALAS 1 MG TABLET,8699514010760,N04BD02,Aktif,76.78
11571,RASTEL 25 MG ÇENTİKLİ FİLM KAPLI TABLET,8699586094217,M01AE17,Aktif,72.57
11578,RAVENTRİS 10 MG DAĞILABİLİR TABLET,8684263070011,A07XA04,Aktif,77.4
11579,RAVENTRİS 100 MG SERT KAPSÜL,8684263150010,A07XA04,Aktif,80.95
11580,RAVENTRİS 30 MG DAĞILABİLİR TABLET,8684263070028,A07XA04,Aktif,78.35
11587,"RAWEX %0,5 JEL",8683059000027,M02AA07,Aktif,72.51
11593,RAZINA 1000 MG UZATıLMış SALıMLı TABLET,8699543030395,C01EB18,Aktif,93.87
11594,RAZINA 375 MG UZATıLMış SALıMLı TABLET,8699543030388,C01EB18,Aktif,96.41
11595,RAZINA 500 MG UZATıLMış SALıMLı TABLET,8699543030395,C01EB18,Aktif,96.16
11596,RAZINA 750 MG UZATıLMış SALıMLı TABLET,8699543030401,C01EB18,Aktif,96.29
11598,RAZOLE %0.25 KREM,8699569350125,D01AE16,Pasif,76.77
11603,REAKT 10 MG FILM KAPLI TABLET,8699724090200,C10AA07,Pasif,83.62
11604,REAKT 20 MG FİLM KAPLI TABLET,8699724090224,C10AA07,Pasif,80.17
11605,REAKT 40MG FİLM KAPLI TABLET,8699724090248,C10AA07,Pasif,74.73
11606,REAKT 5 MG FILM KAPLI TABLET,8699724090200,C10AA07,Pasif,86.16
11607,REAMPLA 100 MG FILM  KAPLI TABLET,8681308091338,L01EF01,Aktif,78.51
11608,REAMPLA 100 MG KAPSÜL,8681308150028,L01EF01,Aktif,77.71
11609,REAMPLA 125 MG FILM  KAPLI TABLET,8681308091345,L01EF01,Aktif,79.16
11610,REAMPLA 125 MG KAPSÜL,8681308150035,L01EF01,Aktif,78.4
11611,REAMPLA 75 MG FILM  KAPLI TABLET,8681308091321,L01EF01,Aktif,78.91
11612,REAMPLA 75 MG KAPSüL,8681308150011,L01EF01,Aktif,78.14
11630,REBIF 132 MCG/1.5 ML SC ENJEKSIYONLUK ÇöZELTI İçEREN KARTUş,8699777950360,L03AB07,Aktif,82.2
11631,"REBIF 22 MCG/0,5 ML SC KULLANIMA HAZIR ŞIRINGADA ENJEKSIYONLUK ÇÖZELTI",8699777950186,L03AB07,Aktif,83.32
11632,"REBIF 44 MCG/0,5 ML SC KULLANIMA HAZIR ŞIRINGADA ENJEKSIYONLUK ÇÖZELTI",8699777950209,L03AB07,Aktif,83.36
11633,REBIF 66 MCG/1.5 ML SC ENJEKSIYONLUK ÇöZELTI İçEREN KARTUş,8699777950360,L03AB07,Aktif,73.75
11634,REBLOZYL 25 MG ENJEKSİYONLUK ÇÖZELTİ HAZIRLAMAK İÇİN TOZ,8699726269505,B03XA06,Aktif,82.73
11635,REBLOZYL 75 MG ENJEKSİYONLUK ÇÖZELTİ HAZIRLAMAK İÇİN TOZ,8699726269406,B03XA06,Aktif,82.86
11638,RECHROSİTOL 10 MCG/2 ML I.V. ENJEKSIYONLUK ÇöZELTI,8699606757290,H05BX02,Aktif,77.35
11639,RECHROSİTOL 5 MCG/ML I.V. ENJEKSIYONLUK ÇöZELTI,8699606757283,H05BX02,Aktif,77.16
11645,RECTAZİN 4 G/60 ML REKTAL SÜSPANSİYON,8682773061017,A07EC02,Aktif,72.0
11648,"RECTONİD %0,2 REKTAL MERHEM",8680186490448,C05AE01,Aktif,73.52
11649,"RECTONİD %0,4 REKTAL MERHEM",8680186490448,C05AE01,Aktif,74.54
11651,REDAGON 25 MG ÇENTIKLI FILM TABLET,8699772090795,M01AE17,Pasif,73.0
11652,REDDİTUX    100    MG/10    ML    İNFÜZYONLUK ÇÖZELTİ  HAZIRLAMAK  İÇİN  KONSANTRE,8680885576016,L01FA01,Aktif,74.85
11653,REDDİTUX   500    MG/50    ML    İNFÜZYONLUK ÇÖZELTİ  HAZIRLAMAK İÇİN   KONSANTRE,8680885576023,L01FA01,Aktif,74.98
11657,REDEPRA 15 MG FİLM KAPLI TABLET,8699541095013,N06AX11,Aktif,76.5
11658,REDEPRA 30 MG FİLM KAPLI TABLET,8699541093811,N06AX11,Aktif,87.82
11659,REDEPRA 45 MG FİLM KAPLI TABLET,8699541095112,N06AX11,Aktif,77.21
11664,REDUPOT 880 MG GRANÜL,8699514200178,V03AE01,Aktif,72.75
11667,REFACTO AF 500 IU IV ENJEKSIYONLUK ÇÖZELTI IÇIN TOZ VE ÇÖZÜCÜ,8699572270120,B02BD02,Pasif,73.01
11672,REFASTİL 40 MG İ.V. ENJEKSIYON VE INFÜZYON İÇİN TOZ İÇEREN FLAKON,8699844791032,A02BC05,Aktif,85.01
11681,REFLOR 250 MG KAPSÜL,8699265150012,A07FA02,Aktif,78.65
11682,REFLOR 250MG LIYOFILIZE TOZ İÇEREN SAŞE,8699265250026,A07FA02,Aktif,94.04
11683,REFLOR KAPSÜL,8699265150012,A07FA02,Aktif,94.16
11691,REGAPEN 150 MG KAPSÜL,8699680150031,N02BF02,Aktif,92.0
11692,REGAPEN 20 MG/ML ORAL ÇÖZELTİ,8699680150017,N02BF02,Aktif,81.14
11693,REGAPEN 225 MG KAPSÜL,8699680150123,N02BF02,Pasif,94.68
11694,REGAPEN 25 MG KAPSÜL,8699680150017,N02BF02,Aktif,94.87
11695,REGAPEN 300 MG KAPSÜL,8699680150048,N02BF02,Aktif,97.24
11696,REGAPEN 75 MG KAPSÜL,8699680150024,N02BF02,Aktif,92.29
11699,REGİNON 20 MCG/75 MCG KAPLı TABLET,8699828120049,G03AA10,Pasif,77.63
11700,REGİNON 30 MCG/75 MCG KAPLı TABLET,8699828120063,G03AA10,Pasif,74.55
11719,RELENZA ROTADISK 5 MG INHALASYON IçIN TOZ-FRANSA,8699522550180,J05AH01,Pasif,72.56
11723,RELİTREXED 100 MG I.V. İNFÜZYONLUK ÇÖZELTİ HAZIRLAMADA KULLANILACAK KONSANTRE ÇÖZELTİ,8699769790134,L01BA04,Pasif,79.54
11724,RELİTREXED 500 MG I.V. İNFÜZYONLUK ÇÖZELTİ HAZIRLAMADA KULLANILACAK KONSANTRE ÇÖZELTİ,8699769790141,L01BA04,Pasif,79.57
11725,RELIV 10 MG SERT KAPSüL,8699514151081,L04AX04,Aktif,82.23
11726,RELIV 15 MG SERT KAPSüL,8699514151098,L04AX04,Aktif,82.53
11727,RELIV 25 MG SERT KAPSüL,8699514151104,L04AX04,Aktif,82.49
11728,RELIV 5 MG SERT KAPSüL,8699514151074,L04AX04,Aktif,82.09
11734,RELOKAP 550 MG FORTE FİLM TABLET,8699530090104,M01AE02,Pasif,70.16
11737,RELVAR ELLİPTA  100 MCG /25 MCG KULLANIMA HAZIR İNHALASYON TOZU,8699522559930,R03AK10,Aktif,74.98
11738,RELVAR ELLİPTA 200 MCG/25 MCG KULLANIMA HAZIR İNHALASYON TOZU,8699522559954,R03AK10,Aktif,77.81
11745,REMERON 30 MG FILM KAPLI TABLET,8683280337411,N06AX11,Aktif,96.88
11746,REMERON ORAL SOLÜSYON 15MG/ML,8699636590010,N06AX11,Pasif,75.19
11748,REMERON SOLTAB 30 MG AĞIZDA ÇÖZÜNÜR TABLET,8699636091173,N06AX11,Pasif,78.69
11749,REMERON SOLTAB 45 MG AĞIZDA ÇÖZÜNÜR TABLET,8699636091173,N06AX11,Pasif,76.49
11750,REMICADE 100 MG IV İNFüZYONLUK ÇöZELTI HAZıRLAMADA KULLANıLACAK KONSANTRE İçIN TOZ,8699593791031,L04AB02,Aktif,85.4
11752,REMINYL 400 MG/100 ML ORAL ÇÖZELTİ,8699593595233,N06DA04,Aktif,89.78
11753,REMINYL 8 MG UZATILMIŞ SALIMLI KAPSÜL,8699593151163,N06DA04,Pasif,90.1
11763,RENALAMER 800 MG FİLM TABLET,8699819091426,V03AE02,Aktif,82.19
11764,RENALAMER CO3 800 MG FILM TABLET,8699819091808,V03AE02,Pasif,85.56
11773,RENTANİL 2 MG ENJEKSIYONLUK LIYOFILIZE TOZ IçEREN FLAKON,8699844271268,N01AH06,Aktif,92.99
11774,RENTANİL 5 MG ENJEKSIYONLUK LIYOFILIZE TOZ IçEREN FLAKON,8699844271275,N01AH06,Aktif,92.97
11775,REPAFIX 0.5 MG EFERVESAN TABLET,8697930021117,A10BX02,Pasif,83.0
11776,REPAFIX 1 MG EFERVESAN TABLET,8697930021131,A10BX02,Pasif,82.84
11777,REPAFIX 2 MG EFERVESAN TABLET,8697930021155,A10BX02,Pasif,82.9
11778,REPALBO 100 MG FILM KAPLı TABLET,8699511091809,L01EF01,Aktif,82.56
11779,REPALBO 125 MG FİLM KAPLı TABLET,8699511091816,L01EF01,Aktif,76.66
11780,REPALBO 75 MG FİLM KAPLI TABLET,8699511091793,L01EF01,Aktif,79.81
11781,REPAMEF 1/1000 MG EFERVESAN TABLET,8697935020467,A10BD14,Pasif,81.11
11782,REPAMEF 1/500 MG EFERVESAN TABLET,8697935020429,A10BD14,Pasif,80.86
11783,REPAMEF 2/1000 MG EFERVESAN TABLET,8697935020481,A10BD14,Pasif,81.12
11784,REPAMEF 2/500 MG EFERVESAN TABLET,8697935020443,A10BD14,Pasif,80.91
11788,REPATHA 140 MG/ML SC ENJEKSİYONLUK ÇÖZELTİ İÇEREN KULLANIMA HAZIR KALEM,8699862950176,C10AX13,Aktif,80.05
11790,"REPELIT 0,5 MG TABLET",8699523010485,A10BX02,Pasif,81.6
11791,REPELIT 1 MG TABLET,8699523010492,A10BX02,Pasif,81.42
11792,REPELIT 2 MG TABLET,8699523010508,A10BX02,Pasif,81.49
11795,REPİSODE 14 MG FİLM KAPLI TABLET,8699738090678,L04AK02,Aktif,75.0
11796,REPLAGAL 1 MG/ML IV İNFÜZYON İÇİN KONSANTRE ÇÖZELTİ İÇEREN FLAKON,8699943790011,A16AB03,Aktif,73.96
11797,"REPLIC 0,5 MG TABLET",8697929010856,A10BX02,Pasif,93.14
11798,REPLIC 1 MG TABLET,8697929010870,A10BX02,Pasif,83.34
11799,REPLIC 1 MG TABLET,8697929010870,A10BX02,Pasif,93.05
11800,REPLIC 2 MG TABLET,8697929010894,A10BX02,Pasif,93.08
11802,REQUIP 0.25MG FILM TABLET,8699522030231,N04BC04,Aktif,77.27
11803,REQUIP 0.5MG FILM TABLET,8699522030231,N04BC04,Aktif,78.42
11804,REQUIP 1MG FILM TABLET,8699522030231,N04BC04,Aktif,77.73
11805,REQUIP 2MG FILM TABLET,8699522030231,N04BC04,Aktif,77.87
11806,REQUIP 5MG FILM TABLET,8699522030231,N04BC04,Aktif,78.76
11807,REQUIP XL 2MG UZATILMIŞ SALIMLI TABLET,8699522030231,N04BC04,Aktif,93.5
11808,REQUIP XL 4MG UZATILMIŞ SALIMLI TABLET,8699522030255,N04BC04,Aktif,93.29
11809,REQUIP XL 8MG UZATILMIŞ SALIMLI TABLET,8699522030231,N04BC04,Aktif,92.66
11812,RESPAIR 10 MG FILM KAPLI TABLET,8699566094107,R03DC03,Pasif,89.96
11813,RESPAIR 4 MG FILM KAPLI TABLET,8699566094107,R03DC03,Pasif,79.87
11814,RESPAIR 4MG ÇIĞNEME TABLETI,8699566084153,R03DC03,Pasif,85.32
11815,RESPAIR 5 MG FILM KAPLI TABLET,8699566094107,R03DC03,Pasif,80.35
11816,RESPAİR 5MG ÇİĞNEME TABLETİ,8699566084153,R03DC03,Pasif,73.87
11821,"RESPİDAY DİSCAİR 4,5/160 MCG İNHALASYON İÇİN TOZ",8680741551072,R03AK07,Pasif,71.69
11822,"RESPIDAY DİSCAİR 4,5/160 MCG İNHALASYON İÇIN TOZ",8680741551072,R03AK07,Pasif,75.89
11823,RESPİDAY DİSCAİR 9/320 MCG İNHALASYON İÇİN TOZ,8680741551089,R03AK07,Pasif,71.94
11824,RESPIRO 25MCG/125 MCG AEROSOL İNHALER,8699525527202,R03AK06,Aktif,74.54
11825,RESPIRO 25MCG/250 MCG AEROSOL İNHALER,8699525526410,R03AK06,Aktif,71.87
11826,RESPIRO 25MCG/50 MCG AEROSOL İNHALER,8699525527196,R03AK06,Pasif,73.65
11832,RESTAD  0.5  MG  YUMUşAK  KAPSüL,8680199196511,G04CB02,Aktif,91.3
11833,"RESTAFEN %10 SPREY, ÇöZELTI",8699844510510,M02AA06,Pasif,72.89
11834,RESTAFEN %5 JEL,8699844340506,M02AA06,Pasif,84.46
11835,RESTAFEN 1 G/2 ML İ.M. ENJEKSIYONLUK ÇÖZELTI IÇEREN AMPUL,8699844750480,M01AG,Aktif,82.38
11836,RESTAFEN JEL,8699844340506,M02AA06,Pasif,84.03
11837,RESTAFEN PLUS %10+%1 KREM,8699844350437,M02AA06,Pasif,73.42
11838,"RESTASIS MULTI DOZ %0,05 GöZ DAMLASı, EMüLSIYON",8699490546017,S01XA18,Aktif,71.31
11847,RETOMİN 20 MG FILM KAPLı TABLET,8699540091283,G04BE03,Aktif,81.27
11850,"RETRAST  7,5 MMOL/ 7,5 ML ENJEKSİYONLUK ÇÖZELTİ",8681793774105,V08CA09,Pasif,90.79
11851,RETRAST 15 MMOL/15 ML ENJEKSİYONLUK ÇÖZELTİ,8681793774112,V08CA09,Aktif,88.7
11852,RETRAST 30 MMOL/30 ML ENJEKSIYONLUK ÇÖZELTI,8681793774129,V08CA09,Aktif,93.91
11853,RETROVIR 200MG/20ML IV İNFÜZYONLUK ÇÖZELTİ,8699522772605,J05AF01,Aktif,77.05
11854,RETROVIR 250 MG SERT KAPSÜL,8699522152285,J05AF01,Aktif,85.06
11855,RETROVIR 50 MG/5 ML ŞURUP,8699522572687,J05AF01,Aktif,87.42
11858,REUMİL 10 MG FİLM TABLET,8699514093503,L04AK01,Aktif,83.39
11859,REUMİL 20 MG FİLM TABLET,8699514093527,L04AK01,Aktif,83.42
11866,"REVIL 2,5 MG TABLET",8699540017801,C09AA05,Pasif,96.01
11867,REVIL 5 MG TABLET,8699540017832,C09AA05,Pasif,95.92
11870,REVİL PROTECT 10 MG TABLET,8699540017856,C09AA05,Pasif,71.06
11872,REVLIMID 10 MG SERT KAPSÜL,8699726151060,L04AX04,Aktif,88.16
11873,REVLİMİD 15 MG SERT KAPSÜL,8699726151077,L04AX04,Aktif,85.26
11874,REVLIMID 25 MG SERT KAPSÜL,8699726151053,L04AX04,Aktif,87.56
11875,REVLIMID 5 MG SERT KAPSÜL,8699726151053,L04AX04,Aktif,88.11
11876,REVOLADE 12.5 MG FILM KAPLı TABLET,8699504093087,B02BX05,Aktif,90.01
11877,REVOLADE 25 MG FİLM KAPLI TABLET,8699504092103,B02BX05,Aktif,86.32
11878,REVOLADE 50 MG FİLM KAPLI TABLET,8699504092110,B02BX05,Aktif,86.23
11879,"REVOPAG 12,5 MG FİLM KAPLI TABLET",8699525098245,B02BX05,Aktif,79.88
11880,REVOPAG 25 MG FİLM KAPLI TABLET,8699525098238,B02BX05,Aktif,81.54
11881,REVOPAG 50 MG FİLM KAPLI TABLET,8699525098245,B02BX05,Aktif,81.42
11882,REVOPAG 75 MG FİLM KAPLI TABLET,8699525098245,B02BX05,Aktif,79.56
11887,REXAPIN 10 MG FILM TABLET,8699514093572,N05AH03,Aktif,93.51
11888,REXAPIN 15MG FILM TABLET,8699514090366,N05AH03,Aktif,88.5
11889,REXAPIN 2.5 MG FILM TABLET,8699514096498,N05AH03,Aktif,87.44
11890,REXAPIN 20MG FILM TABLET,8699514090380,N05AH03,Aktif,90.63
11891,REXAPIN 5 MG FILM TABLET,8699514092988,N05AH03,Aktif,87.26
11892,REXAPIN 7.5 MG FILM TABLET,8699514092988,N05AH03,Aktif,91.92
11893,REXAPIN EASYTAB 10 MG AĞIZDA DAĞILABILIR TABLET,8699514080398,N05AH03,Aktif,91.33
11894,REXAPIN EASYTAB 15 MG AğıZDA DAğıLABILIR TABLET,8699514080404,N05AH03,Aktif,86.66
11895,REXAPIN EASYTAB 20 MG AĞIZDA DAĞILABILIR TABLET,8699514080411,N05AH03,Aktif,91.35
11896,REXAPIN EASYTAB 5 MG AĞIZDA DAĞILABILIR TABLET,8699514080381,N05AH03,Aktif,91.29
11897,REXAPIN EASYTAB 5 MG AĞIZDA DAĞILABILIR TABLET,8699514080381,N05AH03,Aktif,86.46
11903,REXENA 50 MG KAPSÜL,8699536150307,M01AX21,Pasif,79.29
11906,REXTENOL 500MG/2 ML ENJEKSIYONLUK ÇÖZELTI,8683052347310,A11HA30,Aktif,81.11
11907,REXULTI 0.5 MG FILM KAPLı TABLET,8680683090028,N05AX16,Aktif,81.3
11908,REXULTI 1 MG FILM KAPLı TABLET,8680683090035,N05AX16,Aktif,81.18
11909,REXULTI 2 MG FILM KAPLı TABLET,8680683090042,N05AX16,Aktif,81.25
11910,REXULTI 3 MG FILM KAPLı TABLET,8680683090059,N05AX16,Aktif,81.3
11911,REXULTI 4 MG FILM KAPLı TABLET,8680683090066,N05AX16,Aktif,81.29
11913,REZUROCK 200 MG FİLM KAPLI TABLET,8699809018846,L04AA48,Aktif,86.6
11926,RHEUMON % 5 JEL,8699546341511,M02AA06,Pasif,71.33
11927,"RHEUMON 100MG/ML SPREY,ÇÖZELTİ",8699546512065,M02AA06,Pasif,72.31
11930,"RHİNFANT % 0.01 PEDIATRIK BURUN SPREYI, ÇöZELTI",8680760540040,R01AA05,Aktif,74.87
11931,"RHINFANT %0.025 PEDIYATRIK BURUN SPREYI,  ÇöZELTI",8680760540095,R01AA05,Aktif,75.71
11932,"RHINFANT %0.05 BURUN SPREYI, ÇöZELTI",8680760540101,R01AA05,Aktif,70.41
11934,RHINOCORT AQUA 32MCG/DOZ NAZAL INHALASYON IÇIN SPREY SÜSPANSIYON,8699786540064,R01AD05,Pasif,75.74
11935,RHINOCORT AQUA 64MCG/DOZ NAZAL INHALASYON IÇIN SPREY SÜSPANSIYON,8699786540064,R01AD05,Pasif,76.27
11937,RHOPHYLAC 300 MCG / 2 ML   (1500 IU) IM/IV KULLANIMA HAZIR ENJEKTÖRDE ENJEKSİYONLUK ÇÖZELTİ,8681624980231,J06BB01,Aktif,71.75
11940,RICUS 1 MG FILM KAPLı TABLET,8699578095413,N05AX08,Aktif,92.4
11942,RICUS 2 MG FILM KAPLı TABLET,8699578095420,N05AX08,Aktif,92.46
11943,RICUS 3 MG FILM KAPLı TABLET,8699578095437,N05AX08,Aktif,92.49
11944,RICUS 4 MG FILM KAPLı TABLET,8699578095444,N05AX08,Aktif,92.48
11950,RIFCAP 150 MG KAPSÜL,8699828150176,J04AB02,Aktif,80.25
11951,RIFCAP 300 MG KAPSÜL,8699828150169,J04AB02,Pasif,81.0
11965,RILEPTID 1 MG FİLM KAPLI TABLET,8699738090425,N05AX08,Aktif,78.26
11966,RILEPTID 2 MG FİLM KAPLI TABLET,8699738090432,N05AX08,Aktif,78.34
11967,RILEPTID 3 MG FİLM KAPLI TABLET,8699738090449,N05AX08,Aktif,78.79
11968,RILEPTID 4 MG FİLM KAPLI TABLET,8699738090456,N05AX08,Aktif,78.46
11969,RILUTEK 50 MG FILM TABLET,8699809090361,N07XX02,Aktif,96.17
11976,RIMANS 2 MG/ML ORAL ÇÖZELTI,8699293593614,N06DA03,Pasif,78.35
11978,RİMOBOLAN AMPUL 100 MG/1 ML,8699546750016,A14AA04,Aktif,81.42
11979,"RIMONAL % 0.2 GöZ DAMLASı, ÇöZELTI",8680199002065,S01EA05,Aktif,86.77
12001,"RİNOLİEF %0,055 BURUN SPREYI, SüSPANSIYON",8680150700054,R01AD11,Pasif,74.9
12004,RINOSE % 0.05 SÜSPANSIYON İÇEREN BURUN SPREYI,8699772540016,R01AD09,Pasif,76.21
12005,RINVOQ 15 MG UZATıLMış SALıMLı TABLET,8680656080575,L04AF03,Aktif,73.15
12006,RİNVOQ 30 MG UZATILMIŞ SALIMLI TABLET,8680656080575,L04AF03,Aktif,82.17
12007,RİNVOQ 45 MG UZATILMIŞ SALIMLI TABLET,8680656080575,L04AF03,Aktif,81.3
12025,RIPESIL  1  MG  FILM  TABLET,8699543090405,N05AX08,Aktif,83.04
12026,"RIPESIL 0,5 MG FİLM TABLET",8699543090412,N05AX08,Aktif,91.51
12027,RIPESIL 2 MG FILM TABLET,8699543090405,N05AX08,Aktif,83.04
12028,RIPESIL 3 MG FİLM TABLET,8699543090436,N05AX08,Aktif,92.95
12030,RIPESIL 6 MG FİLM TABLET,8699543090412,N05AX08,Aktif,91.27
12031,RIPLIDON 1 MG FILM TABLET,8699523090821,N05AX08,Pasif,82.94
12032,RIPLIDON 1 MG FILM TABLET,8699523090821,N05AX08,Pasif,84.03
12033,RIPLIDON 1MG/ML ORAL ÇÖZELTI,8699523650087,N05AX08,Pasif,78.06
12034,RIPLIDON 1MG/ML ORAL ÇÖZELTI,8699523650087,N05AX08,Pasif,80.23
12035,RIPLIDON 2 MG FILM TABLET,8699523090838,N05AX08,Pasif,83.05
12036,RIPLIDON 2 MG FILM TABLET,8699523090838,N05AX08,Pasif,84.1
12037,RIPLIDON 4 MG FILM TABLET-KT,8699523090852,N05AX08,Pasif,82.65
12058,RISMOS 35 MG FILM TABLET,8699516090357,M05BA07,Pasif,81.65
12060,RİSONEL %0.05 SÜSPANSİYON İÇEREN BURUN SPREYİ,8699514540014,R01AD09,Aktif,71.67
12061,RİSPERDAL 1 MG FILM KAPLı TABLET,8699593091148,N05AX08,Aktif,88.92
12062,RISPERDAL 1 MG/ML ORAL ÇöZELTI,8699593595059,N05AX08,Aktif,93.66
12063,RİSPERDAL 2 MG FILM KAPLı TABLET,8699593091155,N05AX08,Aktif,88.94
12064,RİSPERDAL 3 MG FILM KAPLı TABLET,8699593091162,N05AX08,Aktif,88.96
12065,RİSPERDAL 4 MG FILM KAPLı TABLET,8699593091179,N05AX08,Aktif,88.96
12066,RISPERDAL CONSTA 25 MG IM ENJEKSİYONLUK UZATILMIŞ SALIMLI SÜSPANSİYON,8699593781018,N05AX08,Aktif,89.39
12067,"RISPERDAL CONSTA 37,5 MG IM ENJEKSİYONLUK UZATILMIŞ SALIMLI SÜSPANSİYON",8699593781025,N05AX08,Aktif,89.62
12068,RISPERDAL CONSTA 50 MG IM ENJEKSİYONLUK UZATILMIŞ SALIMLI SÜSPANSİYON,8699593781032,N05AX08,Aktif,89.36
12069,RISPERDAL QUICKLET 1 MG AĞIZDA ÇÖZÜNÜR TABLET,8699593075537,N05AX08,Pasif,92.5
12070,RISPERDAL QUICKLET 2 MG AĞIZDA ÇÖZÜNÜR TABLET,8699593075537,N05AX08,Pasif,92.5
12071,RISPERDAL QUICKLET 4 MG AĞIZDA ÇÖZÜNÜR TABLET,8699593075537,N05AX08,Pasif,97.96
12072,RISTART 1.5MG KAPSÜL,8699578153625,N06DA03,Pasif,75.18
12074,RISTART 3MG KAPSÜL,8699578153632,N06DA03,Pasif,73.04
12075,RISTART 4.5MG KAPSÜL,8699578153649,N06DA03,Pasif,75.33
12076,RISTART 6MG KAPSÜL,8699578153656,N06DA03,Pasif,73.69
12079,RİTMOLL 150 MG FILM KAPLı TABLET,8699525095961,C01BC03,Pasif,72.6
12080,RİTMOLL 300 MG FILM KAPLı TABLET,8699525099884,C01BC03,Pasif,72.68
12085,RIVAREM 3MG KAPSÜL,8680881154607,N06DA03,Pasif,88.99
12089,RIVAXEL 1.5MG KAPSÜL,8699559150049,N06DA03,Pasif,73.32
12090,RIVAXEL 2MG/ML ORAL SOLÜSYON,8699559590036,N06DA03,Pasif,73.46
12091,RIVAXEL 3MG KAPSÜL,8699559150056,N06DA03,Pasif,71.48
12092,RIVAXEL 4.5MG KAPSÜL,8699559150063,N06DA03,Pasif,73.46
12093,RIVAXEL 6MG KAPSÜL,8699559150070,N06DA03,Pasif,72.09
12095,RİVELİME 15 MG SERT KAPSÜL,8699525150264,L04AX04,Aktif,70.09
12096,"RİVELİME 2,5 MG SERT KAPSÜL",8699525159700,L04AX04,Aktif,79.02
12097,RİVELİME 20 MG SERT KAPSÜL,8699525159724,L04AX04,Aktif,78.99
12098,RİVELİME 25 MG SERT KAPSÜL,8699525159694,L04AX04,Aktif,70.01
12100,"RİVELİME 7,5 MG SERT KAPSÜL",8699525159717,L04AX04,Aktif,79.28
12103,RIVOCLON 2 MG TABLET,8699511017151,N03AE01,Aktif,88.93
12104,"RİVOCLON 2,5 MG/1 ML ORAL DAMLA, ÇöZELTI",8699511592306,N03AE01,Aktif,83.7
12105,RİVOKSAR 10 MG FİLM KAPLI TABLET,8699514094326,B01AF01,Aktif,74.7
12106,RIVOKSAR 15 MG FILM KAPLI TABLET,8699514094333,B01AF01,Aktif,83.16
12107,"RİVOKSAR 2,5 MG FİLM KAPLI TABLET",8699514094319,B01AF01,Pasif,73.56
12108,RIVOKSAR 20 MG FILM KAPLI TABLET,8699514094340,B01AF01,Aktif,83.0
12110,RIVOTRIL 1 MG/ ML IV ÇÖZELTI İÇEREN AMPUL,8699525094889,N03AE01,Pasif,77.91
12111,RIVOTRIL 2 MG TABLET,8699525094889,N03AE01,Pasif,84.27
12112,"RIVOTRIL 2,5 MG/1 ML DAMLA",8699525594877,N03AE01,Aktif,92.35
12113,RİXATHON 100 MG/10 ML İNFÜZYONLUK ÇÖZELTI HAZIRLAMAK İÇİN KONSANTRE,8681428761449,L01FA01,Aktif,88.58
12114,RIXATHON 500 MG/50 ML İNFÜZYONLUK ÇÖZELTI HAZIRLAMAK İÇİN KONSANTRE,8681428761463,L01FA01,Aktif,93.87
12115,RIXPER 1 MG FILM KAPLI TABLET,8699517091636,N05AX08,Pasif,90.46
12116,RIXPER 2 MG FILM KAPLI TABLET,8699638094561,N05AX08,Aktif,90.47
12117,RIXPER 3 MG FILM KAPLI TABLET,8699638094578,N05AX08,Aktif,90.56
12118,RIXPER 4 MG FILM KAPLI TABLET,8699638094585,N05AX08,Aktif,90.53
12132,RODINIR 250 MG/5 ML ORAL SÜSPANSIYON HAZIRLAMAK İÇİN KURU TOZ,8680199281705,J01DD15,Pasif,86.2
12133,RODINIR 300 MG KAPSÜL,8680199152197,J01DD15,Pasif,74.75
12149,ROLAN FORT KAPSüL,8699540150850,M01AG01,Pasif,78.51
12150,ROLASTYM 12/400 MCG İNHALASYON İÇIN TOZ İÇEREN KAPSÜL,8699525556523,R03AK07,Aktif,82.88
12151,"ROLASTYM 160 MCG/4,5 MCG AEROSOL İNHALASYONU, SÜSPANSİYON",8699525520074,R03AK07,Aktif,74.57
12152,"ROLASTYM 320 MCG/9 MCG AEROSOL İNHALASYONU, SÜSPANSİYON",8699525520128,R03AK07,Aktif,75.27
12153,"ROLASTYM 80 MCG/4,5 MCG AEROSOL İNHALASYONU, SÜSPANSİYON",8699525520081,R03AK07,Aktif,74.25
12154,ROLASTYM COMBI 12/200 MCG İNHALASYON İÇIN TOZ İÇEREN KAPSÜL,8699525558909,R03AK07,Aktif,85.03
12155,ROLASTYM COMBİ 12/400MCG İNHALASYON İÇIN TOZ İÇEREN KAPSÜL,8699525556523,R03AK07,Aktif,78.79
12156,ROLASTYM COMBI 6/200 MCG İNHALASYON İÇIN TOZ İÇEREN KAPSÜL,8699525558909,R03AK07,Aktif,83.65
12158,"ROLGİCİN %0.5 STERİL GÖZ DAMLASI, ÇÖZELTİ",8680199023275,S01BC05,Pasif,70.82
12160,ROLGİCİN 30 MG/ML I.M./I.V. ENJEKSIYONLUK çöZELTI,8680199023268,M01AB15,Aktif,75.9
12162,ROMACOX FORT 15 MG TABLET,8699543010540,M01AC06,Pasif,73.68
12163,ROMACTIL FORTE 60 MG KAPSÜL,8699525150394,M01AB11,Aktif,72.95
12164,ROMASULID %1 JEL,8699828340065,M02AA26,Pasif,89.1
12165,ROMATIM %1 JEL,8699512340012,M02AA15,Aktif,70.63
12166,ROMEZON DR 1 MG TABLET,8699680030265,H02AB07,Aktif,84.32
12167,ROMEZON DR 1 MG TABLET,8699680030265,H02AB07,Aktif,80.4
12168,ROMEZON DR 2 MG TABLET,8699680030272,H02AB07,Aktif,84.39
12169,ROMEZON DR 2 MG TABLET,8699680030272,H02AB07,Aktif,80.47
12170,ROMEZON DR 5 MG TABLET,8699680030289,H02AB07,Aktif,82.39
12171,ROMPAG 25 MG FILM KAPLı TABLET,8699514095590,B02BX05,Aktif,93.74
12172,ROMPAG 50 MG FILM KAPLI TABLET,8699514095606,B02BX05,Aktif,93.68
12173,ROMPAG 75 MG FİLM KAPLI TABLET,8699514096214,B02BX05,Aktif,84.94
12174,RONAP 10 MG FİLM KAPLI TABLET,8699543091334,C10AA07,Aktif,74.94
12175,RONAP 20 MG FİLM KAPLI TABLET,8699543091358,C10AA07,Aktif,75.02
12176,RONAP 40 MG FİLM KAPLI TABLET,8699543091372,C10AA07,Aktif,75.38
12177,RONİDRO 5 MG/100  ML I.V. INFüZYON çöZELTISI IçEREN FLAKON,8699844690885,M05BA08,Aktif,75.18
12179,RONKOTOL 2.5 MG /2.5 ML NEBULIZASYON IÇIN ANHALASYON ÇÖZELTISI IÇEREN TEK DOZLUK FLAKON,8699844521042,R03AC02,Aktif,89.3
12180,Ronkotol 2.5 mg/2.5 mL Nebulizasyon İçin İnhalasyon Çözeltisi İçeren Tek Dozluk Flakon,8699844521042,R03AC02,Aktif,89.06
12181,RONKOTOL 5 MG/2.5 ML NEBULİZASYON İÇİN İNHALASYON ÇÖZELTİSİ İÇEREN TEK DOZLUK FLAKON,8699844521042,R03AC02,Aktif,83.17
12189,ROSALIN 10/10 MG FILM KAPLI TABLET,8697929090636,C10BA06,Aktif,80.05
12190,ROSALIN 10/20 MG FILM KAPLI TABLET,8697929090650,C10BA06,Aktif,79.71
12191,ROSALIN 10/40 MG FILM KAPLI TABLET,8697929090674,C10BA06,Aktif,79.91
12192,ROSALIN 10/5 MG FILM KAPLI TABLET,8697929090612,C10BA06,Aktif,79.51
12213,ROSUCOR 10 MG ÇENTİKLİ FILM KAPLI TABLET,8697927091321,C10AA07,Aktif,84.84
12214,ROSUCOR 20MG FILM KAPLI TABLET,8697927091345,C10AA07,Pasif,90.04
12215,ROSUCOR 40MG FILM  TABLET,8697927091321,C10AA07,Aktif,89.85
12216,ROSUCOR 5 MG FILM KAPLI TABLET,8697927091321,C10AA07,Aktif,94.67
12217,ROSUCOR PLUS 10/10 FILM KAPLI TABLET,8697927091444,C10BX09,Pasif,85.12
12218,ROSUCOR PLUS 10/20 FILM KAPLI TABLET,8697927091468,C10BX09,Pasif,84.96
12219,ROSUCOR PLUS 10/5 FILM KAPLI TABLET,8697927091444,C10BX09,Pasif,85.68
12220,ROSUCOR PLUS 5/10 FILM KAPLI TABLET,8697927091444,C10BX09,Pasif,86.0
12221,ROSUCOR PLUS 5/20 FILM KAPLI TABLET,8697927091468,C10BX09,Pasif,86.02
12222,ROSUCOR PLUS 5/5 FILM KAPLI TABLET,8697927091420,C10BX09,Pasif,86.06
12223,ROSUFIX 10 MG FILM KAPLI TABLET,8680881090318,C10AA07,Aktif,86.47
12224,ROSUFIX 20 MG FILM KAPLI TABLET,8680881090332,C10AA07,Pasif,86.5
12225,ROSUFIX 40 MG FILM KAPLI TABLET,8680881090318,C10AA07,Aktif,84.58
12226,ROSUFIX 5 MG FILM KAPLI TABLET,8680881090318,C10AA07,Aktif,85.41
12227,ROSUGEN 10 MG FİLM KAPLI TABLET,8699293093695,C10AA07,Pasif,84.91
12228,ROSUGEN 20 MG FİLM KAPLI TABLET,8699293093725,C10AA07,Pasif,73.8
12229,ROSUGEN 20 MG FİLM KAPLI TABLET,8699293093725,C10AA07,Pasif,73.8
12230,ROSUGEN 40 MG FİLM KAPLI TABLET,8699293093756,C10AA07,Pasif,74.14
12231,ROSUGEN 5 MG FİLM KAPLI TABLET,8699293093695,C10AA07,Pasif,72.62
12236,ROSUSTAR 10 MG FİLM TABLET,8680199094749,C10AA07,Pasif,78.05
12237,ROSUSTAR 20 MG FİLM TABLET,8680199094756,C10AA07,Pasif,78.1
12238,ROSUSTAR 40 MG FİLM TABLET,8680199094763,C10AA07,Pasif,78.36
12239,ROSUSTAR 5 MG FILM TABLET,8680199094749,C10AA07,Pasif,85.87
12244,ROSUVAS 10 MG FİLM KAPLI TABLET,8699569091387,C10AA07,Pasif,83.88
12245,ROSUVAS 20 MG FİLM KAPLI TABLET,8699569091387,C10AA07,Pasif,83.94
12246,ROSUVAS 40 MG FİLM KAPLI TABLET,8699569091479,C10AA07,Pasif,78.15
12247,ROSUVAS 5 MG FİLM KAPLI TABLET,8699569091387,C10AA07,Pasif,90.53
12249,ROTALEPTIN  100  MG  KAPSüL,8680199152449,N02BF01,Aktif,89.65
12250,ROTALEPTIN  400  MG  KAPSüL,8680199152449,N02BF01,Aktif,84.83
12252,ROTALEPTİN 300 MG KAPSüL,8680199152449,N02BF01,Aktif,88.15
12253,"ROTARIX  1,5  ML  ORAL  SüSPANSIYON  İçEREN  APLIKATöR",8699522967599,J07BH01,Pasif,78.89
12254,"ROTARIX  1,5  ML  ORAL  SüSPANSIYON  İçEREN  TüP",8699522967582,J07BH01,Aktif,75.63
12256,ROTAZAR  150  MG  FİLM  KAPLI  TABLET,8680199093254,C09CA04,Pasif,86.73
12257,ROTAZAR  75  MG  FİLM  KAPLI  TABLET,8680199093261,C09CA04,Pasif,81.97
12259,ROTAZAR 300 MG FİLM KAPLI TABLET,8680199093261,C09CA04,Pasif,86.68
12260,ROTAZAR PLUS 150MG/12.5MG FILM KAPLI TABLET,8680199093803,C09DA04,Aktif,71.67
12267,ROVAMYCINE 3 MIU FILM KAPLI TABLET,8699809018600,J01FA02,Pasif,85.6
12268,ROVARAN 15 MG SERT KAPSÜL,8681428151332,B01AF01,Pasif,76.3
12269,ROVARAN 20 MG SERT KAPSÜL,8681428151349,B01AF01,Pasif,76.03
12281,"ROZA  %  0,75  JEL",8699561340223,D06BX01,Aktif,89.14
12282,ROZA %1 + %2 KREM,8699561340223,D06BX01,Aktif,70.78
12284,ROZLYTREK 100 MG SERT KAPSÜL,8699505153032,L01EX14,Aktif,85.0
12285,ROZLYTREK 200 MG SERT KAPSÜL,8699505152882,L01EX14,Aktif,84.31
12293,RUNOMEX FORT 15 MG TABLET,8699559010268,M01AC06,Aktif,72.72
12294,Rupafin 1  mg/ml  Oral Çözelti,8699514017523,R06AX28,Aktif,78.63
12295,RUPAFİN 10 MG TABLET,8699514017523,R06AX28,Aktif,89.69
12296,RUPATEK 10 MG TABLET,8699569011026,R06AX28,Aktif,84.81
12297,RUPAX 10 MG TABLET,8680760010598,R06AX28,Aktif,88.09
12298,RUXIENCE 100 MG/10 ML I.V. İNFüZYONLUK ÇöZELTI HAZıRLAMAK İçIN KONSANTRE,8681308771032,L01FA01,Aktif,89.56
12299,RUXIENCE 500 MG/50 ML I.V. İNFüZYONLUK ÇöZELTI HAZıRLAMAK İçIN KONSANTRE,8681308771049,L01FA01,Aktif,89.62
12303,RYDAPT 25 MG YUMUŞAK KAPSÜL,8699504190151,L01EX10,Aktif,86.08
12306,RYOFEL 1000 MG/4 ML I.M./I.V. ENJEKSIYONLUK ÇöZELTI,8680199753622,J01GB06,Aktif,77.56
12307,RYOFEL 250 MG/2 ML I.M./I.V. ENJEKSIYONLUK ÇöZELTI,8680199753622,J01GB06,Aktif,80.1
12308,RYOFEL 500 MG/2 ML I.M./I.V. ENJEKSIYONLUK ÇöZELTI,8680199753622,J01GB06,Aktif,80.43
12310,RYTMONORM 150 MG FILM TABLET,8699548091698,C01BC03,Aktif,90.43
12311,RYTMONORM 300 MG FILM TABLET,8699548091704,C01BC03,Aktif,90.42
12312,RYTMONORM İNTRAVENÖZ SOLÜSYON İÇEREN AMPUL,8699548751714,C01BC03,Pasif,89.4
12313,RYZODEG FLEXTOUCH 100 U/ML ENJEKSIYONLUK ÇöZELTI İÇEREN KULLANıMA HAZıR KALEM,8699676951024,A10AD06,Aktif,93.91
12314,RYZODEG PENFILL 100 U/ML ENJEKSİYONLUK ÇÖZELTİ İÇEREN KARTUŞ,8699676951048,A10AD06,Aktif,83.18
12323,SABRIL 500 MG FILM TABLET,8699809090187,N03AG04,Aktif,97.52
12324,SABRIL 500 MG SAŞE,8699809240513,N03AG04,Pasif,99.22
12329,"SAİZEN 12 MG/1,5 ML SC ENJEKSİYONLUK ÇÖZELTİ İÇEREN KARTUŞ",8699808794062,H01AC01,Pasif,85.82
12330,"SAİZEN 20 MG/2,5 ML SC ENJEKSİYONLUK ÇÖZELTİ İÇEREN KARTUŞ",8699808794062,H01AC01,Pasif,83.35
12331,"SAİZEN 6 MG/1,03 ML SC ENJEKSİYONLUK ÇÖZELTİ İÇEREN KARTUŞ",8699808794062,H01AC01,Pasif,80.31
12333,SALAZOPYRIN 500MG ENTERIK TABLET,8681308044839,A07EC01,Aktif,91.38
12335,SALBUTOL ŞURUP,8699516577056,R03CC02,Pasif,89.17
12336,SALBUTOL TABLET,8699516017040,R03CC02,Pasif,90.3
12343,SALOFALK 1 G REKTAL KÖPÜK,8699543330013,A07EC02,Pasif,92.19
12344,SALOFALK 250 MG ENTERIK TABLET,8699543130019,A07EC02,Pasif,96.68
12345,SALOFALK 250 MG SUPOZITUVAR,8699543890012,A07EC02,Pasif,87.7
12346,SALOFALK 4 G/60 G REKTAL SÜSPANSİYON,8699543330013,A07EC02,Pasif,73.17
12347,SALOFALK 500 MG ENTERIK TABLET,8699543130019,A07EC02,Pasif,94.03
12348,SALOFALK 500 MG SUPOZITUVAR,8699543890036,A07EC02,Aktif,87.49
12349,SALOFALK GRANÜ-STIX 1000 MG GRANÜL İÇEREN SAŞE,8699543240039,A07EC02,Pasif,90.8
12350,SALOFALK GRANÜ-STIX 500 MG GRANÜL İÇEREN SAŞE,8699543240039,A07EC02,Pasif,86.5
12353,SALOZIN 250 MG SUPOZITUVAR,8680186490417,A07EC02,Aktif,85.27
12354,SALOZIN 4 G/60 ML REKTAL SüSPANSIYON,8680186490400,A07EC02,Pasif,86.56
12355,SALOZIN 500 MG SUPOZITUVAR,8680186490417,A07EC02,Aktif,87.43
12357,Salres  5  mg/2.5  ml  Nebülizasyon  İçin  Tek  Dozluk İnhalasyon,8699525520043,R03AC02,Aktif,80.7
12358,SALRES 100 MCG İNHALASYON İÇİN ÖLÇÜLÜ DOZLU AEROSOL,8699525528148,R03AC02,Aktif,89.67
12359,SALRES 2 MG/5 ML şURUP,8699525579539,R03CC02,Pasif,85.69
12360,SALRES 2.5 MG/2.5 ML NEBüLIZASYON İçIN TEK DOZLUK İNHALASYON ÇöZELTISI İçEREN FLAKON,8699525520043,R03AC02,Aktif,88.57
12370,SAMSCA 15 MG TABLET,8680683010019,C03XA01,Aktif,94.97
12371,SAMSCA 15 MG TABLET,8680683010019,C03XA01,Aktif,99.41
12372,SAMSCA 30 MG TABLET,8680683010019,C03XA01,Aktif,97.38
12373,SAMSCA 30 MG TABLET,8680683010019,C03XA01,Aktif,92.95
12382,SANDACE 10 MG TABLET,8699516018320,C09AA05,Pasif,75.99
12383,"SANDACE 2,5 MG TABLET",8699516018283,C09AA05,Pasif,76.18
12384,SANDACE 5 MG TABLET,8699516018306,C09AA05,Pasif,75.68
12386,SANDIMMUN NEORAL 100MG YUMUŞAK JELATIN KAPSÜL,8699504190052,L04AD01,Aktif,76.13
12387,SANDIMMUN NEORAL 100MG/ML ORAL SOLÜSYON,8699504590005,L04AD01,Aktif,83.79
12388,SANDIMMUN NEORAL 25MG YUMUŞAK JELATIN KAPSÜL,8699504190007,L04AD01,Aktif,75.41
12394,SANELOC 100 MG DEĞİŞTİRİLMİŞ  SALIMLI  FILM  KAPLI  TABLET,8681428031962,C07AB02,Aktif,73.73
12396,SANELOC 200 MG DEĞIŞTIRILMIŞ SALIMLI TABLET,8681428031962,C07AB02,Aktif,83.6
12397,SANELOC 25 MG KONTROLLü SALIMLI FILM KAPLI TABLET,8681428031375,C07AB02,Aktif,86.92
12398,SANELOC 50 MG DEĞİŞTİRİLMİŞ SALIMLI FILM KAPLI TABLET,8681428031948,C07AB02,Aktif,73.61
12401,SANOCEF 375 MG MR FİLM TABLET,8699536030081,J01DC04,Pasif,73.07
12402,SANOCEF 750 MG MR FİLM TABLET,8699536030098,J01DC04,Pasif,75.05
12406,SANOSITA 50 MG FILM KAPLı TABLET,8699536093444,A10BH01,Aktif,72.68
12419,SANTADİNE 6 MG DEĞİŞTİRİLMİŞ SALIMLI SERT KAPSÜL,8699527170017,M03BX02,Aktif,73.84
12424,SANTAX 160 MG/16 ML IV İNFÜZYON İÇIN KONSANTRE ÇÖZELTI İÇEREN FLAKON,8699516764838,L01CD02,Pasif,73.01
12426,SANTAX 80 MG/8 ML IV İNFÜZYON İÇIN KONSANTRE ÇÖZELTI İÇEREN FLAKON,8699516764777,L01CD02,Pasif,71.28
12427,SANTİS 4 MG AĞIZDA DAĞILAN TABLET,8680941002015,A04AA01,Aktif,91.54
12428,SANTİS 8 MG AĞIZDA DAĞILAN TABLET,8680941002022,A04AA01,Aktif,91.58
12429,SANTRA 1 MG FİLM TABLET,8699516091705,L02BG03,Aktif,85.0
12430,SAPHIRE 10 MG FİLM TABLET,8699724090057,C10AA05,Pasif,81.3
12431,SAPHIRE 20  MG FİLM TABLET,8699724090064,C10AA05,Pasif,81.34
12432,SAPHIRE 40 MG FİLM TABLET,8699724090071,C10AA05,Pasif,81.63
12434,SAPHNELO 300 MG/2 ML İNFüZYONLUK ÇöZELTI  HAZıRLAMAK İçIN KONSANTRE,8699786770935,L04AG11,Aktif,90.13
12436,SARCLISA 100 MG/5 ML İNFÜZYONLUK ÇÖZELTİ  HAZIRLAMAK İÇİN KONSANTRE,8699809779266,L01FC02,Aktif,95.42
12437,SARCLISA 500 MG/25 ML İNFÜZYONLUK ÇÖZELTİ  HAZIRLAMAK İÇİN KONSANTRE,8699809779259,L01FC02,Aktif,95.48
12444,SARVAS 100 MG FİLM TABLET,8699502092198,C09CA01,Pasif,79.56
12445,SARVAS 50 MG FILM TABLET,8699502091702,C09CA01,Pasif,82.85
12449,SAXENDA 6 MG/ML SC ENJEKSİYONLUK ÇÖZELTİ İÇEREN KULLANIMA HAZIR KALEM,8699676950164,A10BJ02,Aktif,84.33
12451,SAYFREN 1 MG/ML ORAL ÇöZELTI,8699527650045,N05AX12,Pasif,94.71
12452,SAYFREN 10 MG TABLET,8699527010245,N05AX12,Pasif,78.39
12453,SAYFREN 15 MG TABLET,8699527010269,N05AX12,Pasif,78.71
12454,SAYFREN 30 MG TABLET,8699527010283,N05AX12,Pasif,80.21
12455,SAYFREN 5 MG TABLET,8699527010221,N05AX12,Pasif,79.95
12456,SCABIN %25 FORT LIKIT,8699514656135,P03AX01,Pasif,77.42
12460,SECALIP SR 250 MG MIKROPELLET IÇEREN KAPSÜL,8699820170301,C10AB05,Pasif,89.38
12463,SECITA 15 MG FİLM KAPLI TABLET,8699566096323,N06AB10,Aktif,70.14
12468,SEDADOMİD 200 MCG/2 ML IV KONSANTRE İNFÜZYON ÇÖZELTİSİ İÇEREN FLAKON,8699828760184,N05CM18,Aktif,75.54
12470,SEDAZOLAM 15MG/3ML IM/IV/REKTAL ÇÖZELTI İÇEREN AMPUL,8699742750155,N05CD08,Pasif,77.89
12471,SEDAZOLAM 15MG/3ML IM/IV/REKTAL ÇÖZELTI İÇEREN AMPUL,8699742750155,N05CD08,Pasif,70.4
12472,SEDAZOLAM 15MG/3ML IM/IV/REKTAL ÇÖZELTI İÇEREN AMPUL,8699742750155,N05CD08,Pasif,77.89
12473,SEDAZOLAM 5 MG/1 ML IM/IV/REKTAL ÇÖZELTI İÇEREN AMPUL,8699742750148,N05CD08,Pasif,86.68
12474,SEDAZOLAM 5 MG/1 ML IM/IV/REKTAL ÇÖZELTI İÇEREN AMPUL,8699742750148,N05CD08,Pasif,86.68
12475,SEDAZOLAM 5 MG/1 ML IM/IV/REKTAL ÇÖZELTI İÇEREN AMPUL,8699742750148,N05CD08,Pasif,79.39
12476,SEDAZOLAM 50MG/10ML IM/IV/REKTAL ÇÖZELTI İÇEREN AMPUL,8699742750162,N05CD08,Pasif,79.32
12477,SEDAZOLAM 50MG/10ML IM/IV/REKTAL ÇÖZELTI İÇEREN AMPUL,8699742750162,N05CD08,Pasif,71.8
12478,SEDAZOLAM 50MG/10ML IM/IV/REKTAL ÇÖZELTI İÇEREN AMPUL,8699742750162,N05CD08,Pasif,79.32
12486,SEDOZOLAM 15 MG/3 ML IM/IV/REKTAL ENJEKSİYONLUK ÇÖZELTİ İÇEREN AMPUL,8680643750313,N05CD08,Pasif,70.46
12487,SEDOZOLAM 5 MG/5 ML IM/IV/REKTAL ENJEKSİYONLUK ÇÖZELTİ İÇEREN AMPUL,8680643750290,N05CD08,Pasif,70.15
12508,SEFAKTIL 250 MG FILM TABLET,8699580090048,J01DC02,Pasif,70.01
12510,SEFAL FORT TABLET 75 MG,8699540011304,N07CA02,Aktif,87.29
12511,SEFAL TABLET 25 MG,8699540011205,N07CA02,Aktif,85.58
12513,SEFAMAX 1 G IM/IV ENJEKTABL TOZ IÇEREN FLAKON,8699540270435,J01DB04,Pasif,75.8
12515,SEFAMAX 250 MG IM/IV ENJEKTABL TOZ IÇEREN FLAKON,8699540270411,J01DB04,Pasif,78.02
12517,SEFAMAX 500 MG IM/IV ENJEKTABL TOZ IÇEREN FLAKON,8699540270435,J01DB04,Pasif,77.8
12518,SEFAZOL 1 G İ.M./İ.V. ENJEKTABL TOZ IÇEREN FLAKON,8699541270908,J01DB04,Pasif,82.64
12519,SEFAZOL 1 G İ.M./İ.V. ENJEKTABL TOZ IÇEREN FLAKON-PHARMAVISION,8699541270908,J01DB04,Pasif,73.07
12520,SEFAZOL 1 G IM ENJEKTABL TOZ İÇEREN FLAKON-MUSTAFA NEVZAT,8699541270908,J01DB04,Pasif,84.57
12521,SEFAZOL 1 G IM ENJEKTABL TOZ İÇEREN FLAKON-PHARMAVISION,8699541270908,J01DB04,Pasif,75.04
12522,SEFAZOL 250 MG IM ENJEKTABL TOZ İÇEREN FLAKON,8699541270908,J01DB04,Pasif,84.67
12523,SEFAZOL 250 MG IM ENJEKTABL TOZ İÇEREN FLAKON,8699541270908,J01DB04,Pasif,86.27
12524,SEFAZOL 250 MG IM/IV ENJEKTABL TOZ İÇEREN FLAKON,8699541270908,J01DB04,Pasif,82.04
12525,SEFAZOL 500 MG İ.M. ENJEKTABL TOZ IÇEREN FLAKON,8699541270908,J01DB04,Pasif,82.8
12526,SEFAZOL 500 MG İ.M./İ.V. ENJEKTABL TOZ IÇEREN FLAKON,8699541270908,J01DB04,Pasif,80.63
12527,SEFAZOL 500 MG IM ENJEKTABL TOZ İÇEREN FLAKON,8699541270908,J01DB04,Pasif,84.12
12528,SEFAZOL 500 MG IM/IV ENJEKTABL TOZ İÇEREN FLAKON,8699541270908,J01DB04,Pasif,85.17
12530,SEFBAKTAM 1 G/ 1G IM/IV ENJEKSIYONLUK ÇöZELTI İçIN TOZ İçEREN FLAKON,8680712270285,J01DD62,Aktif,75.24
12535,SEFDI 0.5 G IM/IV ENJEKSIYON İÇIN TOZ İÇEREN FLAKON,8698747770144,J01DD01,Pasif,75.93
12536,SEFDI 1 G IM/IV ENJEKSIYON İÇIN TOZ İÇEREN FLAKON,8698747770151,J01DD01,Pasif,75.81
12560,"SEFOTAK 0,5 G/2 ML IM/IV ENJEKSİYONLUK ÇÖZELTİ HAZIRLAMAK İÇİN TOZ VE ÇÖZÜCÜ",8681801271060,J01DD01,Aktif,75.76
12561,SEFOTAK 1 G/4 ML IM/IV ENJEKSİYONLUK ÇÖZELTİ HAZIRLAMAK İÇİN TOZ VE ÇÖZÜCÜ,8681801271077,J01DD01,Aktif,76.13
12562,SEFPEN 125MG/5ML ORAL SÜSPANSİYON İÇİN TOZ,8699724280014,J01DD15,Pasif,78.08
12563,SEFPEN 300 MG KAPSÜL,8699724150034,J01DD15,Pasif,91.76
12564,SEFPODO 200 MG FİLM TABLET,8680199093018,J01DD13,Pasif,71.09
12565,SEFPODO 200 MG FILM TABLET,8680199093018,J01DD13,Pasif,71.54
12567,SEFPOTEC 100 MG/5 ML SÜSPANSIYON HAZIRLAMAK İÇIN KURU TOZ,8699262280033,J01DD13,Pasif,77.93
12571,SEFSIDAL 100MG/5ML ORAL SÜSPANSIYON İÇIN GRANÜL,8699536280134,J01DD13,Pasif,73.78
12575,SEFSIDAL 50MG/5ML ORAL SÜSPANSIYON İÇIN GRANÜL,8699536280134,J01DD13,Pasif,73.27
12586,SEKROL 30 MG/5 ML SURUP,8699569570066,R05CB06,Aktif,70.96
12590,SELECTRA 100 MG FILM TABLET,8680833090625,N06AB06,Pasif,72.45
12591,SELECTRA 25 MG FILM KAPLITABLET,8699536093154,N06AB06,Aktif,83.55
12592,SELECTRA 50 MG FILM TABLET,8680833090649,N06AB06,Pasif,72.29
12601,SELEZEN 5 MG FILM TABLET,8699772090849,R03DC03,Pasif,82.48
12607,SELİNCRO 18 MG FILM KAPLı TABLET,8699795091021,N07BB05,Pasif,77.59
12608,SELKAP 200 MG SERT KAPSÜL,8680080150660,M01AH01,Aktif,76.03
12609,SELOFEN 400 MG/4 ML I.V. İNFÜZYONLUK ÇÖZELTİ,8680400770882,M01AE01,Aktif,80.17
12610,SELOFEN 800 MG/8 ML I.V. İNFÜZYONLUK ÇÖZELTİ,8680400770882,M01AE01,Aktif,74.16
12611,SELOPARİN 25000 IU/5 ML ENJEKSİYONLUK ÇÖZELTİ İÇEREN FLAKON,8680400770233,B01AB01,Pasif,74.2
12616,SELOVITA-K1 10 MG/ML ENJEKSIYONLUK ÇöZELTI,8680400771537,B02BA01,Aktif,76.01
12617,"SELOVITA-K1 2 MG/0,2 ML PEDIATRIK ÇöZELTI",8680400771520,B02BA01,Aktif,77.23
12618,SELPENZA 1000 MCG FİLM KAPLI TABLET,8699511090277,B01AC27,Aktif,78.61
12619,SELPENZA 1200 MCG FİLM KAPLI TABLET,8699511090284,B01AC27,Aktif,79.22
12620,SELPENZA 1400 MCG FİLM KAPLI TABLET,8699511090291,B01AC27,Aktif,80.03
12621,SELPENZA 1600 MCG FİLM KAPLI TABLET,8699511090307,B01AC27,Aktif,80.11
12622,SELPENZA 200 MCG FİLM KAPLI TABLET,8699511090284,B01AC27,Aktif,75.93
12623,SELPENZA 400 MCG FİLM KAPLI TABLET,8699511090246,B01AC27,Aktif,78.71
12624,SELPENZA 600 MCG FİLM KAPLI TABLET,8699511090253,B01AC27,Aktif,79.23
12625,SELPENZA 800 MCG FİLM KAPLI TABLET,8699511090260,B01AC27,Aktif,79.3
12626,SELTAVIR 75 MG SERT KAPSüL,8699543150307,J05AH02,Aktif,88.87
12629,SEMOTİDİN 200 MCG/2ML İ.V. INFüZYONLUK çöZELTI HAZıRLAMAK IçIN KONSANTRE,8699844761899,N05CM18,Aktif,71.17
12633,SEMPRIBAN 150 MG FILM TABLET,8699502093584,M05BA06,Aktif,71.8
12638,SENNALAX 20 MG ENTERİK TABLET,8699772040080,A06AB06,Aktif,73.8
12667,SERAIR 50/100 MCG CAPSAIR INHALASYON ICIN TOZ ICEREN KAPSUL,8680741550167,R03AK06,Aktif,77.13
12668,SERAIR 50/250 MCG CAPSAIR INHALASYON ICIN TOZ ICEREN KAPSUL,8680741550150,R03AK06,Aktif,78.13
12669,SERAIR 50/500 MCG CAPSAIR INHALASYON ICIN TOZ ICEREN KAPSUL,8680741550167,R03AK06,Aktif,78.07
12670,SERALIN 100MG ÇENTIKLI FILM TABLET,8699502092129,N06AB06,Aktif,91.21
12671,SERALIN 50 MG ÇENTIKLI FILM KAPLI TABLET,8699502092105,N06AB06,Aktif,93.82
12672,SERDEP 50 MG FİLM TABLET,8699517091223,N06AB06,Pasif,76.24
12673,SERDOLECT 12MG FILM TABLET,8699795090581,N05AE03,Aktif,88.75
12675,SERDOLECT 16MG FILM TABLET,8699795090598,N05AE03,Aktif,87.72
12676,SERDOLECT 20MG FILM TABLET,8699795090604,N05AE03,Aktif,91.59
12677,SERDOLECT 4MG FILM TABLET,8699795090574,N05AE03,Pasif,90.97
12684,SERETIDE 125 MCG +25 MCG İNHALER,8699522523078,R03AK06,Aktif,73.43
12685,SERETIDE 250 MCG +25 MCG İNHALER,8699522523085,R03AK06,Aktif,73.96
12707,SEROTOP 100 MG FİLM TABLET,8699516098032,N06AB06,Pasif,70.7
12708,SEROTOP 100MG FILM TABLET,8699516098032,N06AB06,Pasif,82.19
12709,SEROTOP 50 MG  FILM TABLET,8699516096847,N06AB06,Pasif,88.49
12710,SEROTOP 50 MG FİLM TABLET,8699516096847,N06AB06,Pasif,83.11
12712,SEROZIL 250 MG/5 ML ORAL SÜSPANSIYON  IÇIN KURU TOZ,8699511286830,J01DC10,Pasif,82.26
12713,SEROZIL 500 MG TABLET,8699511096811,J01DC10,Pasif,81.93
12719,SERTEVA 100 MG FILM KAPLI TABLET,8699638093212,N06AB06,Pasif,72.69
12724,"SERUM FIZYOLOJIK BIOFARMA % 0,9 AMPUL",8699578751821,B05CB01,Pasif,76.22
12733,SETAPAR  500  MG  TABLET,8681911010047,N02BE01,Pasif,90.39
12734,SETAPAR 120 MG/5 ML ŞURUP,8681911570039,N02BE01,Aktif,90.67
12735,SETAPAR PLUS 250 MG/5 ML PEDİYATRİK ORAL SÜSPANSİYON,8681911700016,N02BE01,Aktif,75.42
12756,SEVAREN 800 MG FİLM TABLET,8699738090050,V03AE02,Aktif,81.23
12757,SEVASTRA 100 MG FILM KAPLı TABLET,8699519090118,L01EB02,Aktif,100.0
12758,SEVASTRA 150 MG FILM KAPLı TABLET,8699519090125,L01EB02,Aktif,100.0
12762,SEVIKAR 20 MG/5 MG FILM TABLET,8699228090096,C09DB02,Aktif,71.92
12763,SEVIKAR 40 MG/10 MG FILM TABLET,8699228090119,C09DB02,Aktif,74.66
12764,SEVIKAR 40 MG/5 MG FILM TABLET,8699228090102,C09DB02,Aktif,78.64
12774,SEVORANE %100  İNHALASYON ÇÖZELTİSİ,8680656080292,N01AB08,Pasif,78.1
12775,SEVPRAM 10 MG/ML ORAL DAMLA,8680008590004,N06AB10,Pasif,81.2
12778,SEVPRAM 5MG FILM TABLET,8680008090214,N06AB10,Pasif,70.71
12786,SİBELİUM 5 MG TABLET,8699593015274,N07CA03,Aktif,74.4
12790,SIFLOKS 250 MG FILM KAPLı TABLET,8681801090470,J01MA02,Aktif,73.58
12792,SIFLOKS 500 MG FILM KAPLı TABLET,8681801090470,J01MA02,Aktif,75.91
12793,SIFLOKS 750 MG FILM KAPLı TABLET,8681801090494,J01MA02,Aktif,73.57
12794,SIGMASPORIN MICRORAL 100 MG YUMUŞAK KAPSÜL,8699828190363,L04AD01,Aktif,92.31
12795,SIGMASPORIN MICRORAL 100 MG/ML ORAL ÇÖZELTI,8699828190363,L04AD01,Aktif,81.94
12796,SIGMASPORIN MICRORAL 25 MG YUMUŞAK KAPSÜL,8699828190370,L04AD01,Aktif,92.34
12801,SII-BCG 1 ML ID ENJEKSIYONLUK SÜSPANSIYON IÇIN LIYOFILIZE TOZ IÇEREN ÇOK DOZLU FLAKON,8699839960542,J07AN01,Pasif,74.79
12806,"SIKLOPLEJIN % 1 GÖZ DAMLASI, ÇÖZELTİ",8699514610748,S01FA04,Aktif,73.8
12811,"SILDER %1 SPREY, SüSPANSIYON",8681801510503,D06BA01,Pasif,76.72
12823,SILMED 100 MG FILM TABLET,8680352090960,G04BE03,Aktif,85.65
12824,SILMED 50 MG FILM TABLET,8680352090960,G04BE03,Aktif,82.69
12825,SİLNORM 100 MG TABLET,8680881019869,B01AC23,Aktif,78.81
12828,SILODYX 4 MG KAPSÜL,8699960580015,G04CA04,Pasif,82.0
12829,SILODYX 8 MG KAPSÜL,8699960580022,G04CA04,Pasif,82.06
12832,SILVADIAZIN %1 KREM,8699622350109,D06BA01,Aktif,83.66
12834,SILVERDIN  %1  +  %5  KREM,8699525351173,D06BA01,Aktif,75.45
12840,"SİMBRİNZA 10 MG/ML + 2 MG/ML GöZ DAMLASı, SüSPANSIYON",8699504710175,S01EC54,Aktif,75.34
12845,SİMENDAN 12.5 MG/5 ML I.V. INFüZYONLUK çöZELTI HAZıRLAMAK IçIN KONSANTRE,8699606766124,C01CX08,Aktif,97.07
12854,SIMLANDI 40 MG/0.4 ML ENJEKSIYONLUK ÇöZELTI  İçEREN KULLANıMA HAZıR KALEM,8699514950332,L04AB04,Aktif,91.43
12855,SIMLANDI 40 MG/0.4 ML ENJEKSIYONLUK ÇÖZELTI İÇEREN KULLANIMA HAZIR ENJEKTÖR,8699514950301,L04AB04,Aktif,91.89
12856,SIMLANDI 80 MG/0.8 ML ENJEKSIYONLUK ÇöZELTI  İÇEREN KULLANıMA HAZıR ENJEKTöR,8699514950301,L04AB04,Aktif,88.53
12860,"SIMPONI 50 MG /0,5 ML SC ENJEKSİYONLUK ÇÖZELTİ İÇEREN KULLANIMA HAZIR ENJEKTÖR",8699593950155,L04AB06,Aktif,90.4
12861,"SIMPONI 50 MG/0,5 ML PEN SC ENJEKSİYONLUK ÇÖZELTİ İÇEREN  KULLANIMA HAZIR KALEM",8699593950162,L04AB06,Aktif,90.36
12862,"SIMPONI 50 MG/0,5 ML PEN SC ENJEKSİYONLUK ÇÖZELTİ İÇEREN KULLANIMA HAZIR KALEM",8699593950162,L04AB06,Aktif,90.36
12863,"SIMPONI 50 MG/0,5 ML SC ENJEKSİYONLUK ÇÖZELTİ İÇEREN  KULLANIMA HAZIR ENJEKTÖR",8699593950155,L04AB06,Aktif,90.4
12865,SİNAİR 10 MG FİLM KAPLI TABLET,8699591090242,R03DC03,Pasif,72.36
12868,SINAREX 3 MG/3 ML IV ENJEKSIYONLUK ÇÖZELTI İÇEREN AMPUL,8699559750096,A04AA02,Pasif,82.5
12874,SINECOD 50 MG DEPO TABLET,8681291090110,R05DB13,Pasif,88.02
12875,SINEGRA 100 MG FILM TABLET,8699540093157,G04BE03,Aktif,85.37
12876,SINEGRA 25 MG FILM TABLET,8699540093102,G04BE03,Pasif,87.64
12877,SINEGRA 50 MG FILM TABLET,8699540093126,G04BE03,Aktif,87.5
12880,SINGULAIR 10 MG FILM KAPLI TABLET,8683280337442,R03DC03,Aktif,86.77
12881,SINGULAIR 4 MG ÇİĞNEME TABLETİ,8683280337428,R03DC03,Aktif,82.72
12882,SINGULAIR 5 MG ÇİĞNEME TABLETİ,8683280337435,R03DC03,Aktif,82.61
12884,SINMONT 4 MG ÇIĞNEME TABLETI,8680760080010,R03DC03,Aktif,94.4
12885,SİNMONT 5 MG ÇİĞNEME TABLETİ,8680760080034,R03DC03,Aktif,82.71
12899,SIPRAKTIN 2 MG/5 ML ŞURUP,8699508570027,R06AX02,Aktif,81.96
12912,SIPRYNE 250 MG SERT KAPSüL,8681198055038,A16AX12,Pasif,71.92
12913,SIRDALUD 2MG TABLET,8681428010509,M03BX02,Aktif,81.1
12917,SIROPAR ŞURUP,8699587571656,P02CB01,Pasif,76.07
12929,SİTELA 10 MG FILM KAPLı TABLET,8699541094900,N06AB10,Pasif,77.31
12930,SİTELA 20 MG FILM KAPLı TABLET,8699541095181,N06AB10,Pasif,77.38
12931,SİTELA 5 MG FILM KAPLı TABLET,8699541094900,N06AB10,Pasif,76.32
12940,SIVEX %10 LOSYON,8699561480042,D10AF06,Aktif,71.98
12951,"SKYRIZI  180  MG/1,2  ML  SC  ENJEKSIYONLUK  ÇöZELTI İçEREN KARTUş",8680656080605,L04AC18,Aktif,78.0
12952,"SKYRIZI  360  MG/2,4  ML  SC  ENJEKSIYONLUK  ÇöZELTI İçEREN KARTUş",8680656080605,L04AC18,Aktif,77.19
12953,SKYRIZI 150 MG/ML ENJEKSİYONLUK ÇÖZELTİ İÇEREN KULLANIMA  HAZIR ENJEKTÖR,8680656080599,L04AC18,Aktif,85.91
12954,SKYRIZI 150 MG/ML ENJEKSİYONLUK ÇÖZELTİ İÇEREN KULLANIMA  HAZIR KALEM,8680656080605,L04AC18,Aktif,84.9
12956,"SKYRIZI 75 MG/0,83 ML ENJEKSIYONLUK ÇÖZELTI İÇEREN KULLANIMA HAZIR ENJEKTÖR",8680656080520,L04AC18,Pasif,87.67
12966,SNAPLINE 150 MG SERT KAPSÜL,8699638153930,N02BF02,Pasif,81.91
12967,SNAPLINE 25 MG SERT KAPSÜL,8699638153923,N02BF02,Pasif,78.04
12968,SNAPLINE 300 MG SERT KAPSÜL,8699638153947,N02BF02,Pasif,81.85
12969,SNAPLINE 75 MG SERT KAPSÜL,8699638153923,N02BF02,Pasif,85.09
12970,SNOXX 5 MG FİLM KAPLI TABLET,8699536093727,A10BH05,Aktif,74.45
12972,SNOXX-MET 2.5 MG/850 MG FİLM KAPLI TABLET,8699536093734,A10BD11,Aktif,70.17
12974,SODYUM  BIKARBONAT  %  8.4  IV  İNFüZYONLUK  ÇöZELTI,8699479750145,B05XA02,Pasif,74.48
12975,"SODYUM BIKARBONAT % 8,4 (MOLAR) AMPUL",8699607751525,B05XA02,Pasif,84.67
12976,SODYUM BIKARBONAT %8.4 AMPUL,8699607751525,B05XA02,Pasif,81.0
12977,SODYUM BIKARBONAT %8.4 IV INFÜZYON IÇIN ÇÖZELTI IÇEREN AMPUL,8699479750145,B05XA02,Pasif,82.5
12978,SODYUM BIKARBONAT %8.4 IV INFÜZYON IÇIN ÇÖZELTI IÇEREN AMPUL,8699479750145,B05XA02,Pasif,89.63
12980,SODYUM KLORÜR ONFARMA %20 ÇÖZELTİ İÇEREN AMPUL,8680202600301,B05XA03,Aktif,79.99
12981,SOFEXAN 200 MG FİLM KAPLI TABLET,8699540033658,L01EX02,Aktif,83.82
12984,SOJOURN % 100 İNHALASYON ÇöZELTISI,8699587523112,N01AB08,Pasif,92.43
12992,SOLIAN 100 MG/ML ORAL ÇÖZELTİ,8699809655065,N05AL05,Pasif,76.91
12993,SOLIAN 100MG FILM KAPLI TABLET,8699542010701,N05AL05,Pasif,77.31
12994,SOLIAN 200 MG TABLET,8699809018563,N05AL05,Aktif,75.47
12995,SOLIAN 400 MG FILM KAPLI TABLET,8699809097759,N05AL05,Aktif,75.26
12997,"SOLIDAY D3 50.000 IU/15 ML ORAL DAMLA,ÇÖZELTİ",8682472173042,A11CC05,Aktif,77.45
13002,SOLIRIS® 300 MG/30 ML KONSANTRE İNFÜZYON ÇÖZELTİSİ (ÜRETIM YERI: İRLANDA),8680131470013,L04AJ01,Aktif,80.33
13003,SOLIRIS® 300 MG/30 ML KONSANTRE İNFÜZYON ÇÖZELTİSİ (ÜRETIM YERI: İTALYA),8680131470013,L04AJ01,Aktif,79.13
13006,SOLMIRAT 7.5 MG/5 ML ŞURUP,8699514570028,R05DB13,Pasif,77.32
13007,SOLOPINA 100 MG FILM KAPLı TABLET,8699293094067,A03AX04,Aktif,73.87
13008,SOLOPINA 50 MG FILM KAPLı TABLET,8699293094043,A03AX04,Aktif,73.75
13009,"SOLSİTAR 1,5 MG İNFÜZYONLUK ÇÖZELTİ HAZIRLAMAK İÇİN TOZ VE ÇÖZÜCÜ",8699738270025,B01AC09,Pasif,85.65
13013,SOMATOSAN 3 MG IV İNFÜZYON İÇİN STERİL AMPUL,8699638754946,H01CB01,Pasif,84.64
13014,"SOMATULINE AUTOGEL 120 MG/0,5 ML UZATILMIŞ SALIMLI ENJEKSIYONLUK ÇÖZELTI IÇEREN KULLANIMA HAZIR ŞIRINGA",8699783950125,H01CB03,Aktif,95.33
13015,SOMATULINE AUTOGEL 60 MG/0.5 ML UZATILMIŞ SALIMLI ENJEKSIYONLUK ÇÖZELTI IÇEREN KULLANIMA HAZIR ŞIRINGA,8699783950101,H01CB03,Aktif,95.29
13016,"SOMATULINE AUTOGEL 90 MG/0,5 ML UZATILMIŞ SALIMLI ENJEKSIYONLUK ÇÖZELTI IÇEREN KULLANIMA HAZIR ŞIRINGA",8699783950118,H01CB03,Aktif,95.32
13017,SOMAVERT 10 MG ENJEKSIYONLUK ÇÖZELTI İÇIN TOZ İÇEREN FLAKON VE ÇÖZÜCÜ,8681308278746,H01AX01,Aktif,80.05
13018,SOMAVERT 15 MG ENJEKSIYONLUK ÇÖZELTI İÇIN TOZ İÇEREN FLAKON VE ÇÖZÜCÜ,8681308278753,H01AX01,Aktif,80.24
13019,SOMAVERT 20 MG ENJEKSIYONLUK ÇÖZELTI İÇIN TOZ İÇEREN FLAKON VE ÇÖZÜCÜ,8681308278760,H01AX01,Aktif,80.07
13027,SOPRANO 10 MG FİLM TABLET,8699516098162,C07AB07,Pasif,73.15
13028,SOPRANO 5 MG FİLM TABLET,8699516098148,C07AB07,Pasif,72.93
13035,SORMODREN 4MG TABLET,8699548010446,N04AA11,Aktif,91.27
13036,SOTACAR 245 MG FILM TABLET,8699772091075,J05AF07,Aktif,81.59
13041,SOVALDI 400 MG FİLM KAPLI TABLET,8698760090106,J05AP08,Pasif,92.97
13042,SOVALDI 400 MG FİLM KAPLI TABLET,8698760090106,J05AP08,Pasif,92.97
13043,SPADIS 40 MG FILM TABLET,8699772090306,A03AB06,Pasif,76.39
13046,SPASMEX 15 MG FILM TABLET,8699538094548,G04BD09,Aktif,76.94
13047,SPASMEX 30 MG FILM TABLET,8699538094548,G04BD09,Aktif,79.37
13049,SPASMOMEN 40MG FILM KAPLI TABLET,8699832090062,A03AB06,Aktif,73.49
13063,SPAZZİ 60 MG/300 MG YUMUŞAK KAPSÜL,8699525156716,A03AX58,Aktif,83.16
13064,SPECTRACEF 200 MG FILM TABLET,8699514093664,J01DD16,Pasif,87.12
13071,SPIMET 1.5 MIU/250 MG FILM TABLET,8699844090654,J01RA04,Pasif,81.51
13072,SPINRAZA 12 MG/5 ML INTRATEKAL ENJEKSIYONLUK ÇÖZELTİ (ÜRETIM YERI PATHEON),8699783770389,M09AX07,Aktif,77.54
13073,SPINRAZA 12 MG/5 ML İNTRATEKAL ENJEKSIYONLUK ÇöZELTI (ÜRETIM YERI VETTER PHARMA),8699783770389,M09AX07,Aktif,75.2
13074,"SPİRACT 18 MCG İNHALASYON TOZU, KAPSÜL",8680760150317,R03BB04,Aktif,74.52
13078,SPORANOX  10  MG/ML  ORAL  ÇÖZELTİ,8699593595165,J02AC02,Pasif,90.56
13079,SPOREX 100 MG MIKROPELLET KAPSüL,8699622150235,J02AC02,Pasif,79.33
13082,SPRAMAX 3MIU FILM KAPLI TABLET,8680008090054,J01FA02,Pasif,76.41
13083,"SPRAVATO 28 MG BURUN SPREYI, ÇÖZELTI",8699593540028,N06AX27,Aktif,85.89
13084,SPRYCEL 100 MG FILM KAPLı TABLET,8699726094404,L01EA02,Aktif,80.93
13085,SPRYCEL 20 MG FILM KAPLI TABLET,8699726094206,L01EA02,Aktif,81.87
13086,SPRYCEL 50 MG FILM KAPLI TABLET,8699726094404,L01EA02,Aktif,81.87
13087,SPRYCEL 70 MG FILM KAPLI TABLET,8699726094602,L01EA02,Aktif,82.32
13088,SPRYTINIB 100 MG FILM KAPLı TABLET,8699769090173,L01EA02,Aktif,98.25
13089,SPRYTINIB 20 MG FILM KAPLı TABLET,8699769090142,L01EA02,Pasif,98.24
13090,SPRYTINIB 50 MG FILM KAPLı TABLET,8699769090159,L01EA02,Aktif,98.24
13091,SPRYTINIB 80 MG FILM KAPLı TABLET,8699769090159,L01EA02,Aktif,95.34
13092,SPYLACTON 100 MG FİLM KAPLI TABLET,8680199099515,C03DA01,Aktif,79.92
13093,SPYLACTON 25 MG FİLM KAPLI TABLET,8680199093902,C03DA01,Aktif,75.98
13094,SPYLACTON 50 MG FİLM TABLET,8680199093902,C03DA01,Aktif,73.91
13095,"STABLON 12,5 MG KAPLI TABLET",8699552090236,N06AX14,Aktif,77.28
13103,STAFINE KREM %2,8699828350057,D06AX01,Aktif,79.67
13105,STAGE 10 MG FİLM TABLET,8699514090472,C10AA07,Aktif,78.3
13106,STAGE 20 MG FILM TABLET,8699514090502,C10AA07,Aktif,73.55
13107,STAGE 40 MG FILM TABLET,8699514090533,C10AA07,Pasif,73.94
13113,STARLIX 120 MG FILM KAPLI TABLET,8699504090857,A10BX03,Pasif,88.93
13114,STARLIX 180 MG FILM KAPLI TABLET,8699504091212,A10BX03,Pasif,81.98
13115,STATA 10 MG FILM KAPLı TABLET,8680638090134,C10AA07,Pasif,85.78
13116,STATA 20 MG FILM TABLET,8680638090165,C10AA07,Pasif,88.08
13117,STATA 40 MG FILM KAPLI TABLET,8680638090134,C10AA07,Pasif,83.79
13118,STELARA 130 MG/26 ML İNFÜZYONLUK ÇÖZELTI HAZIRLAMAK İÇİN KONSANTRE,8699593760044,L04AC05,Aktif,93.13
13119,STELARA 45 MG ENJEKSIYONLUK ÇÖZELTİ,8699593950018,L04AC05,Aktif,86.9
13120,"STELARA 45 MG/0,5 ML ENJEKSIYONLUK ÇÖZELTI İÇEREN KULLANIMA HAZIR ENJEKTÖR",8699593950018,L04AC05,Aktif,94.8
13121,STELARA 90 MG/1 ML ENJEKSIYONLUK ÇÖZELTİ İÇEREN KULLANIMA HAZIR ENJEKTÖR,8699593950025,L04AC05,Aktif,94.92
13135,STILIZAN 1 MG KAPLI TABLET,8699559750065,N05AB06,Pasif,73.02
13136,STILIZAN 1MG/ML AMPUL-KT,8699559750065,N05AB06,Pasif,73.36
13137,STILIZAN 2 MG KAPLI TABLET,8699559750065,N05AB06,Pasif,72.36
13138,STILIZAN 5 MG KAPLI TABLET,8699559750065,N05AB06,Pasif,72.96
13139,STİVARGA 40 MG FİLM KAPLI TABLET,8699546090303,L01EX05,Aktif,84.97
13140,STOCRIN 600 MG FILM TABLET,8699636010273,J05AG03,Pasif,99.41
13148,STREPTOMAGMA TABLET,8699519010123,A07BC54,Pasif,75.86
13157,SUBITOL ŞURUP 120 ML,8699622570255,R05DB07,Pasif,78.33
13158,SUBMEX 10 MG / 0.4 ML ENJEKSİYONLUK ÇÖZELTİ İÇEREN KULLANIMA HAZIR ŞIRINGA,8699514950189,L04AX03,Aktif,77.45
13159,SUBMEX 15 MG/0.6 ML ENJEKSİYONLUK ÇÖZELTİ İÇEREN KULLANIMA HAZIR ŞIRINGA,8699514950196,L04AX03,Aktif,77.67
13160,SUBMEX 20 MG / 0.8 ML ENJEKSİYONLUK ÇÖZELTİ İÇEREN KULLANIMA HAZIR ŞIRINGA,8699514950202,L04AX03,Aktif,77.51
13161,SUBMEX 25 MG/ML ENJEKSİYONLUK ÇÖZELTİ İÇEREN KULLANIMA HAZIR ŞIRINGA,8699514950219,L04AX03,Aktif,77.27
13170,SUGACENT 200 MG/2 ML IV ENJEKSIYONLUK ÇöZELTI,8681735980656,V03AB35,Aktif,82.82
13171,SUGADRA 200 MG/2 ML IV ENJEKSİYONLUK ÇÖZELTİ,8699702775136,V03AB35,Pasif,86.31
13172,SUGALEX 200 MG/2 ML IV ENJEKSIYONLUK ÇöZELTI,8699702775136,V03AB35,Pasif,72.46
13173,SUGALEX 500 MG/5 ML IV ENJEKSIYONLUK ÇöZELTI,8699702775136,V03AB35,Pasif,70.1
13176,SUGAVER 200 MG/2 ML I.V. ENJEKSİYONLUK ÇÖZELTİ,8680400771414,V03AB35,Aktif,84.99
13177,SUGAWAKE 200 MG/2 ML IV ENJEKSİYONLUK ÇÖZELTİ,8699514770138,V03AB35,Pasif,87.22
13180,SUGVIDA 10 MG FILM KAPLı TABLET,8697927094254,B01AC22,Aktif,80.96
13199,SULCID 250 MG / 5 ML ORAL SüSPANSIYON HAZıRLAMAK İçIN KURU TOZ,8699508280179,J01CR04,Aktif,79.83
13201,SULCID 750 MG FILM KAPLı TABLET,8699508090525,J01CR04,Aktif,72.18
13202,SULFAFUR %10 KREM,8699708350061,D10AF06,Aktif,82.31
13204,SüLFAZINK FORT 30 MG/5 ML ŞURUP,8699705570059,A12CB01,Aktif,79.55
13205,SULIDEXPOL %3 JEL,8683555350015,M02AA26,Aktif,87.7
13207,SULIDIN %1 TOPIKAL JEL,8699584340835,M02AA26,Aktif,85.35
13208,SULIDIN PLUS %1/%5 LIKIT JEL,8699584340842,M02AA26,Aktif,71.14
13213,SULJEL % 3 JEL,8680150340052,M02AA26,Aktif,94.05
13214,SULJEL PLUS %1+%5 JEL,8680150340069,M02AA26,Aktif,85.83
13217,SüLPIR  50  MG  KAPSüL,8699809156678,N05AL01,Aktif,81.56
13218,SÜLPIR 50 MG KAPSÜL,8699809156678,N05AL01,Aktif,75.8
13223,SULTAMAT 250 MG/5 ML ORAL SÜSPANSİYON İÇİN KURU TOZ,8699717280045,J01CR04,Pasif,76.23
13224,SULTAMAT 375 MG TABLET,8699717010017,J01CR04,Pasif,77.86
13225,SULTAMAT 750 MG TABLET,8699717010062,J01CR04,Pasif,77.1
13226,SULTASİD  250  MG/5  ML  ORAL  SüSPANSIYON,8699622280109,J01CR04,Pasif,79.12
13251,"SUNDROP-D 3  150.000 I.U./10 ML ORAL DAMLA, çöZELTI",8680352591139,A11CC05,Aktif,75.31
13253,SUNİKSA 50 MG SERT KAPSÜL,8699717150089,L01EX01,Pasif,73.11
13255,"SUNO 12,5 MG SERT KAPSÜL",8699541153706,L01EX01,Aktif,78.91
13256,SUNO 25 MG SERT KAPSÜL,8699541153713,L01EX01,Aktif,78.67
13257,"SUNO 37,5 MG SERT KAPSüL",8699541153720,L01EX01,Aktif,79.79
13258,SUNO 50 MG SERT KAPSÜL,8699541153737,L01EX01,Aktif,77.88
13259,"SUNUBİS 12,5 MG SERT KAPSÜL",8699540023260,L01EX01,Aktif,78.27
13260,SUNUBİS 25 MG SERT KAPSÜL,8699540023833,L01EX01,Aktif,76.84
13261,SUNUBİS 50 MG SERT KAPSÜL,8699540019782,L01EX01,Aktif,76.02
13265,SUPRAFEN %5 JEL,8699717340015,M02AA13,Pasif,79.47
13266,SUPRAFEN 400 MG FILM TABLET,8699717090279,M01AE01,Aktif,97.84
13267,"SUPRANE VOLATIL % 100 İNHALASYON BUHARI, ÇÖZELTİ",8699586523212,N01AB07,Pasif,70.56
13269,SUPRAX  400  MG  FILM KAPLı TABLET,8699586092107,J01DD08,Aktif,77.81
13271,SUPRAX DT 400 MG DAğıLABILIR TABLET,8699586070037,J01DD08,Aktif,82.76
13276,SURGAM 300 MG RETARD TABLET,8699809037014,M01AE11,Aktif,83.73
13277,SURGAM 300 MG TABLET,8699809017009,M01AE11,Aktif,80.62
13280,SURVANTA 200 MG / 8 ML INTRATRAKEAL SüSPANSIYON IçEREN FLAKON,8680656080193,R07AA02,Pasif,74.27
13283,SUTENT 12.5 MG KAPSÜL,8681308159427,L01EX01,Aktif,82.65
13284,SUTENT 25 MG KAPSÜL,8699532158987,L01EX01,Pasif,85.14
13285,SUTENT 37.5 MG KAPSÜL,8699532158987,L01EX01,Pasif,79.51
13286,SUTENT 50 MG KAPSÜL,8699532157553,L01EX01,Pasif,83.89
13287,"SUTESGO 12,5 MG SERT KAPSüL",8699525159809,L01EX01,Aktif,96.63
13288,SUTESGO 25 MG SERT KAPSÜL,8699525159793,L01EX01,Pasif,96.61
13289,"SUTESGO 37,5 MG SERT KAPSÜL",8699525159786,L01EX01,Aktif,96.76
13290,SUTESGO 50 MG SERT KAPSÜL,8699525159779,L01EX01,Aktif,95.8
13291,SUTRİL NEO 10 MG UZATILMIŞ SALIMLI TABLET,8699587013828,C03CA04,Aktif,88.48
13292,SUTRİL NEO 5 MG UZATILMIŞ SALIMLI TABLET,8699587013811,C03CA04,Aktif,88.4
13302,SYMBICORT FORTE 320/9 MCG/DOZ INHALASYON IÇIN TOZ,8699786550124,R03AK07,Aktif,79.26
13303,SYMBICORT FORTE 320/9 MCG/DOZ INHALASYON IÇIN TOZ,8699786550124,R03AK07,Aktif,88.25
13304,SYMBICORT PEDIATRIK (6-12) TURBUHALER 80/4.5MCG/DOZ İNHALASYON İÇIN TOZ,8699786550117,R03AK07,Aktif,75.22
13305,SYMBICORT TURBUHALER 160/4.5 MCG/DOZ INHALASYON IÇIN TOZ,8699786550087,R03AK07,Aktif,95.93
13306,SYMRA 150 MG SERT KAPSüL,8699536150536,N02BF02,Aktif,92.49
13307,SYMRA 20 MG/ML ORAL ÇÖZELTİ,8699536150536,N02BF02,Aktif,77.39
13308,SYMRA 225 MG SERT KAPSüL,8699536150550,N02BF02,Aktif,95.03
13309,SYMRA 25 MG SERT KAPSüL,8699536150574,N02BF02,Aktif,94.56
13310,SYMRA 300 MG SERT KAPSüL,8699536150581,N02BF02,Aktif,94.63
13311,SYMRA 75 MG SERT KAPSüL,8699536150604,N02BF02,Aktif,94.88
13313,SYNACTHEN DEPOT 1 MG/ML İ.M. ENJEKSIYONLUK SüSPANSIYON,8699874080366,H01AA02,Pasif,77.83
13314,"SYNAGİS 100 MG/1,0 ML IM ENJEKSIYONLUK çöZELTI IçEREN FLAKON",8699786770911,J06BD01,Aktif,93.51
13315,"SYNAGİS 50 MG/0,5 ML IM ENJEKSIYONLUK çöZELTI IçEREN FLAKON",8699786770911,J06BD01,Aktif,94.64
13318,SYNAX 550 MG FORT  FİLM TABLET,8699578093822,M01AE02,Pasif,70.8
13321,"SYNJARDY 12,5 MG/1000 MG FILM KAPLI TABLET",8699693090188,A10BD20,Aktif,87.63
13322,SYNJARDY 12.5 MG/850MG  FİLM  KAPLI  TABLET,8699693090188,A10BD20,Aktif,72.21
13323,SYNJARDY 5 MG/1000 MG FILM KAPLI TABLET,8699693090164,A10BD20,Aktif,87.42
13324,SYNJARDY 5 MG/850MG  FİLM  KAPLI  TABLET,8699693090164,A10BD20,Aktif,71.8
13334,TAB MELATONIN 5 MG TABLET,8680133002564,N05CH01,Aktif,98.75
13342,TADACIA 20 MG FILM KAPLı TABLET,8682773010237,G04BE08,Aktif,88.0
13343,TADACIA 5 MG FILM KAPLI TABLET,8682773010237,G04BE08,Aktif,88.68
13347,TADARTER 20 MG FİLM KAPLI TABLET,8680760092532,G04BE08,Aktif,85.03
13349,TADLIS 10MG EFERVESAN TABLET,8699976020598,G04BE08,Pasif,94.48
13350,TADLIS 2.5MG EFERVESAN TABLET,8699976020611,G04BE08,Aktif,94.51
13351,TADLIS 20MG EFERVESAN TABLET,8699976020611,G04BE08,Aktif,94.45
13352,TADLİS 5 MG EFERVESAN TABLET,8699976020598,G04BE08,Pasif,94.51
13355,TADOLAK FORT 400 MG FILM KAPLı TABLET,8699511091786,M01AB08,Aktif,76.71
13356,TADOLAK FORT 500MG FILM KAPLI TABLET,8699511098457,M01AB08,Aktif,81.35
13357,TADOLAK SR 600 MG UZATILMIŞ SALIMLI FILM KAPLI TABLET,8699511030297,M01AB08,Aktif,93.63
13358,TADON 5  MG  FILM  KAPLI  TABLET,8699738090524,G04BE08,Aktif,94.26
13363,TAFİNLAR 50 MG KAPSÜL,8699504151015,L01EC02,Aktif,84.08
13364,TAFİNLAR 75 MG KAPSÜL,8699504151022,L01EC02,Aktif,84.42
13367,TAGLİN 50 MG TABLET,8699540021693,A10BH02,Aktif,87.51
13368,TAGLIN MET 50 MG/850 MG FILM KAPLı TABLET,8699540021662,A10BD08,Aktif,70.13
13370,TAGRİSSO 40 MG FİLM KAPLI TABLET,8699786092860,L01EB04,Aktif,70.41
13371,TAGRİSSO 80 MG FİLM KAPLI TABLET,8699786092877,L01EB04,Aktif,70.76
13373,TAKSEN 100 MG /  17 ML IV ENJEKSİYONLUK ÇÖZELTİ,8699828770268,L01CD01,Aktif,72.99
13374,TAKSEN 150 MG / 25 ML IV ENJEKSİYONLUK ÇÖZELTİ,8699828770275,L01CD01,Aktif,71.6
13375,TAKSEN 30 MG / 5 ML IV ENJEKSİYONLUK ÇÖZELTİ İÇEREN FLAKON,8699828770282,L01CD01,Aktif,72.45
13381,TALAVIST 20 MG FILM KAPLı TABLET,8684263090040,G04BE08,Aktif,93.93
13382,TALAVIST 5 MG FILM KAPLı TABLET,8684263090026,G04BE08,Aktif,93.68
13386,TALDEROL 60 MG FILM KAPLI TABLET,8699527090995,B01AC24,Aktif,84.89
13387,TALDEROL 90 MG FILM KAPLI TABLET,8699527090995,B01AC24,Aktif,89.2
13392,TALOZIN 160 MG TABLET,8699587011916,C07AA07,Pasif,81.21
13394,TALOZIN 80 MG TABLET,8699587011909,C07AA07,Pasif,77.56
13395,"TALZENNA 0,1 MG SERT KAPSüL",8681308151100,L01XK04,Aktif,77.09
13396,"TALZENNA 0,35 MG SERT KAPSüL",8681308151117,L01XK04,Aktif,75.09
13397,"TALZENNA 0,5 MG SERT KAPSüL",8681308151117,L01XK04,Aktif,76.72
13398,TALZENNA 0.25 MG SERT KAPSÜL,8681308151117,L01XK04,Aktif,77.76
13399,TALZENNA 1 MG SERT KAPSÜL,8681308151100,L01XK04,Aktif,77.34
13400,TAMCEF 125 MG/5 ML ORAL SÜSPANSİYON HAZIRLAMAK İÇİN KURU TOZ,8697927283740,J01DD15,Aktif,76.29
13401,TAMCEF 250 MG/ 5 ML ORAL SÜSPANSİYON HAZIRLAMAK İÇİN KURU TOZ,8697927283757,J01DD15,Aktif,77.64
13402,TAMCEF 300 MG KAPSÜL,8697927153760,J01DD15,Aktif,79.32
13403,TAMCEF 600 MG EFERVESAN TABLET,8697927023773,J01DD15,Pasif,77.74
13406,TAMGARD 160 MG FILM KAPLI TABLET,8699516096342,C09CA03,Pasif,88.65
13407,TAMGARD 80 MG FILM KAPLI TABLET,8699516096335,C09CA03,Pasif,88.12
13408,"TAMIDRA MR 0,4 MG DEĞIŞTIRILMIŞ SALIMLI SERT KAPSÜL",8699262170020,G04CA02,Aktif,95.48
13409,"TAMIRAL 7,5MG/5ML ŞURUP",8699587573513,R05DB13,Pasif,75.35
13412,TAMOL 120 MG/5 ML PEDİATRİK ŞURUP,8699516573584,N02BE01,Pasif,79.77
13413,TAMOL 500 MG TABLET,8699516013561,N02BE01,Aktif,86.18
13415,TAMOL PLUS 250MG/5ML SÜSPANSIYON,8699516703639,N02BE01,Pasif,78.94
13424,TAMYLO MR 0.4 MG DEĞIŞTIRILMIŞ SALIMLI SERT KAPSÜL,8699262170020,G04CA02,Aktif,77.29
13431,"TANFLEX %0,15 ORAL SPREY, ÇÖZELTİ",8699514520498,A01AD02,Aktif,76.24
13466,TARDEN 10 MG FİLM KAPLI TABLET,8699514099123,C10AA05,Aktif,85.21
13467,TARDEN 20 MG FİLM KAPLI TABLET,8699514099130,C10AA05,Aktif,88.54
13468,TARDEN 40 MG FİLM KAPLI TABLET,8699514099147,C10AA05,Aktif,88.74
13469,TARDEN 80 MG FILM KAPLI TABLET,8699514093978,C10AA05,Aktif,72.69
13470,TARDYFERON 80 MG UZATILMIŞ SALIMLI KAPLI TABLET,8699749140010,B03AA07,Aktif,81.72
13478,TARIVID 200 MG FILM TABLET,8699809097506,J01MA01,Pasif,77.44
13480,TARIVID 400 MG FILM TABLET,8699809097605,J01MA01,Pasif,79.88
13481,TARKA 180MG/2 MG FILM TABLET,8699548092732,C09BB10,Aktif,86.27
13482,TARKA FORTE 240/4 MG FILM TABLET,8699548093050,C09BB10,Aktif,90.26
13486,TARSINIB 150 MG FILM TABLET,8699525090713,L01EB02,Aktif,76.18
13488,TARTADA 100 MG FILM KAPLı TABLET,8680199093346,L01EB02,Aktif,74.96
13489,TARTADA 150 MG FILM KAPLı TABLET,8680199093346,L01EB02,Aktif,73.88
13490,TARTADA 25 MG FILM KAPLı TABLET,8680199093346,L01EB02,Aktif,74.64
13492,TASIGNA 150 MG KAPSÜL,8699504150964,L01EA03,Pasif,71.17
13498,TAVANIC 500 MG FILM TABLET,8699809097667,J01MA12,Aktif,70.04
13500,TAVEGYL 1 MG TABLET,8681291010378,R06AA04,Pasif,70.82
13502,"TAXATU 100 MG /16,7 ML IV İNFüZYONLUK ÇöZELTI HAZıRLAMAK İçIN KONSANTRE",8699650772621,L01CD01,Aktif,76.63
13503,TAXATU 150 MG /25 ML IV İNFüZYONLUK ÇöZELTI HAZıRLAMAK İçIN KONSANTRE,8699650772645,L01CD01,Aktif,76.09
13504,TAXATU 30 MG /5 ML IV İNFüZYONLUK ÇöZELTI HAZıRLAMAK İçIN KONSANTRE,8699650772614,L01CD01,Aktif,75.38
13505,TAXATU 300 MG /50 ML IV İNFüZYONLUK ÇöZELTI HAZıRLAMAK İçIN KONSANTRE,8699650772638,L01CD01,Aktif,75.9
13514,"TAZACNE % 0,1 KREM",8681990009024,D05AX05,Pasif,96.96
13515,"TAZARED %0,05 JEL",8699580340051,D05AX05,Pasif,94.76
13516,"TAZARED %0,1 JEL",8699580340068,D05AX05,Pasif,95.18
13528,TAZOTENE %0.1 KREM,8681801350161,D05AX05,Pasif,94.04
13531,TEARON %0.05 OFTALMİK EMÜLSİYON İÇEREN TEK DOZLUK FLAKON,8699511610017,S01XA18,Aktif,82.36
13533,TEB VITAMIN B12 1000 MCG/ML I.M. ENJEKSIYONLUK ÇöZELTI,8681986160005,B03BA01,Aktif,71.95
13536,TEBOKAN INTENS 120 MG FİLM TABLET,8699514097624,N06DX02,Aktif,75.92
13537,TEBOKAN SPECİAL 80 MG FİLM TABLET,8699514097990,N06DX02,Aktif,71.39
13540,TECDİMEX 120 MG GASTROREZISTAN SERT KAPSüL,8699638166008,L04AX07,Aktif,87.31
13541,TECDİMEX 240 MG GASTROREZISTAN SERT KAPSüL,8699638166015,L04AX07,Aktif,87.65
13542,TECENTRIQ 1200 MG/20 ML İNFÜZYONLUK ÇÖZELTİ HAZIRLAMAK İÇİN KONSANTRE,8699505763460,L01FF05,Aktif,96.24
13543,TECENTRİQ 840  MG/14 ML İNFÜZYONLUK ÇÖZELTİ HAZIRLAMAK İÇİN KONSANTRE,8699505763323,L01FF05,Aktif,90.22
13545,TECFIDERA 120 MG ENTERIK SERT KAPSüL ÜRETIM YERI CORDEN),8699783160012,L04AX07,Aktif,70.67
13552,TEFECTUS 2 G/10 ML ORAL ÇöZELTI,8681986160357,A16AA01,Pasif,71.63
13554,TEFLIMES 14 MG FILM KAPLı TABLET,8685025090070,L04AK02,Aktif,84.03
13558,TEGLIX 120MG FILM TABLET,8699578094263,A10BX03,Aktif,87.58
13559,TEGLIX 180MG FILM TABLET,8699578094263,A10BX03,Aktif,82.57
13560,TEGLİX 60 MG FILM KAPLı TABLET,8699578094263,A10BX03,Aktif,84.77
13562,TEGRETOL  400 MG DEĞİŞTİRİLMİŞ SALIMLI TABLET,8699504030051,N03AF01,Aktif,78.31
13563,TEGRETOL %2 ŞURUP,8699504570038,N03AF01,Aktif,89.28
13564,TEGRETOL 100 MG/5 ML ORAL SÜSPANSİYON,8699504570038,N03AF01,Aktif,76.86
13565,TEGRETOL 200 MG DEĞİŞTİRİLMİŞ SALIMLI TABLET,8699504010114,N03AF01,Aktif,79.12
13566,TEGRETOL 200 MG TABLET,8699504010114,N03AF01,Aktif,87.89
13567,TEİCOJECT 200 MG IM/IV ENJEKSIYONLUK ÇöZELTI HAZıRLAMAK IçIN TOZ VE ÇöZüCü,8699814790119,J01XA02,Pasif,81.25
13568,TEİCOJECT 400 MG IM/IV ENJEKSIYONLUK ÇöZELTI HAZıRLAMAK IçIN TOZ VE ÇöZüCü,8699814790126,J01XA02,Aktif,77.85
13569,TEİKOPOL 200 MG  I.M./I.V.  ENJEKSİYONLUK  ÇÖZELTİ  HAZIRLAMAK İÇİN TOZ VE ÇÖZÜCÜ,8699606795292,J01XA02,Aktif,81.98
13570,TEİKOPOL 400 MG  I.M./I.V.  ENJEKSİYONLUK  ÇÖZELTİ  HAZIRLAMAK İÇİN TOZ VE ÇÖZÜCÜ,8699606795308,J01XA02,Aktif,82.14
13571,TEİPLACİD 200 MG IV/IM ENJEKSIYONLUK ÇöZELTI HAZıRLAMAK İçIN LIYOFILIZE TOZ VE ÇöZüCü,8681697790072,J01XA02,Pasif,79.84
13572,TEİPLACİD 400 MG IV/IM ENJEKSIYONLUK ÇöZELTI HAZıRLAMAK İçIN LIYOFILIZE TOZ VE ÇöZüCü,8681697790089,J01XA02,Pasif,80.0
13581,TEKLONIN 200 MG IM/IV ENJEKSIYONLUK ÇÖZELTI HAZIRLAMAK İÇİN TOZ VE ÇÖZÜCÜ,8680199798968,J01XA02,Aktif,79.78
13582,TEKLONİN 400 MG IM/IV ENJEKSIYONLUK ÇÖZELTI HAZIRLAMAK İÇİN TOZ VE ÇÖZÜCÜ,8680199798968,J01XA02,Aktif,77.86
13583,TEKOSIT 200 MG IM/IV LIYOFILIZE TOZ IÇEREN FLAKON,8699828790051,J01XA02,Aktif,83.74
13584,TEKOSIT 400 MG IM/IV LIYOFILIZE TOZ IÇEREN FLAKON,8699828790051,J01XA02,Aktif,86.18
13589,TELMIDAY PLUS 80/12.5 MG TABLET,8699976010254,C09DA07,Pasif,75.9
13590,TELMIDAY PUS 80/25 MG TABLET,8699976010254,C09DA07,Pasif,70.32
13591,TELMIDAY PUS 80/25 MG TABLET,8699976010254,C09DA07,Pasif,70.32
13592,TELMITEK 20 MG TABLET,8699262010104,C09CA07,Pasif,99.01
13593,TELMİTEK 40 MG TABLET,8699262010111,C09CA07,Pasif,91.67
13594,TELMİTEK 80 MG TABLET,8699262010128,C09CA07,Pasif,91.79
13598,TELMODIP 80 MG/10 MG TABLET,8680881012891,C09DB04,Aktif,89.96
13599,TELMODIP 80 MG/5 MG TABLET,8680881012884,C09DB04,Aktif,89.9
13607,TELVIS 80 MG TABLET,8680881014017,C09CA07,Aktif,98.65
13610,TELVIS PLUS 80 MG/12.5 MG TABLET,8680881014017,C09CA07,Aktif,72.65
13611,TELVIS PLUS 80 MG/25 TABLET,8680881014017,C09CA07,Aktif,73.07
13612,TELZAP 40 MG TABLET,8699502013780,C09CA07,Pasif,77.93
13613,TELZAP 80 MG TABLET,8699502013803,C09CA07,Pasif,78.29
13614,TELZİR 700 MG FİLM  KAPLI TABLET,8699522096268,J05AE07,Pasif,84.99
13617,"TEMETEX FORTE %0,3 MERHEM",8699525354938,D07AC06,Aktif,74.47
13618,TEMODAL 100 MG KAPSüL,8699636150504,L01AX03,Aktif,97.8
13619,TEMODAL 140 MG SERT KAPSüL,8699636150511,L01AX03,Aktif,91.86
13620,TEMODAL 180 MG SERT KAPSüL,8699636150511,L01AX03,Aktif,91.8
13621,TEMODAL 20 MG SERT KAPSüL,8699636150511,L01AX03,Aktif,95.49
13622,TEMODAL 250 MG KAPSüL,8699636150528,L01AX03,Aktif,97.83
13623,TEMODAL 5 MG KAPSüL,8699636150535,L01AX03,Aktif,97.79
13624,TEMOMİD 100 MG KAPSüL,8699828150435,L01AX03,Aktif,96.48
13625,TEMOMİD 20 MG KAPSüL,8699828150404,L01AX03,Pasif,96.46
13626,TEMOMİD 250 MG KAPSüL,8699828150459,L01AX03,Aktif,96.53
13627,TEMOMİD 5 MG KAPSüL,8699828150398,L01AX03,Aktif,96.47
13628,TEMOTU 100 MG SERT KAPSüL,8699650151365,L01AX03,Pasif,93.0
13629,TEMOTU 20 MG SERT KAPSüL,8699650151389,L01AX03,Pasif,92.98
13630,TEMOTU 250 MG SERT KAPSüL,8699650151341,L01AX03,Pasif,93.09
13631,TEMOTU 5 MG SERT KAPSüL,8699650151402,L01AX03,Pasif,92.99
13632,TEMOZOLİD 100 MG KAPSÜL,8699769150051,L01AX03,Aktif,91.86
13633,TEMOZOLİD 20 MG KAPSÜL,8699769150044,L01AX03,Aktif,91.83
13634,TEMOZOLİD 250 MG KAPSÜL,8699769150068,L01AX03,Aktif,92.19
13640,TENIPRA 120 MG GASTROREZISTAN SERT  KAPSüL,8699514160014,L04AX07,Aktif,71.84
13641,TENIPRA 240 MG GASTROREZISTAN SERT  KAPSüL,8699514160021,L04AX07,Aktif,72.55
13643,TENOKSAN 20 MG KAPSÜL,8699580150025,M01AC02,Pasif,77.82
13644,TENOKSAN 20 MG KAPSÜL,8699580150025,M01AC02,Pasif,77.82
13650,TENSART 16 MG TABLET,8699514011699,C09CA06,Aktif,83.0
13651,TENSART 32 MG TABLET,8699514011330,C09CA06,Aktif,78.12
13652,TENSART 32 MG TABLET,8699514011330,C09CA06,Aktif,78.12
13653,TENSART 4 MG TABLET,8699514011675,C09CA06,Pasif,79.14
13654,TENSART 8 MG TABLET,8699514011682,C09CA06,Aktif,78.86
13657,TENSINOR 100 MG TABLET,8699786010109,C07AB03,Aktif,71.03
13658,TENSINOR 50 MG TABLET,8699786010086,C07AB03,Aktif,70.85
13669,TEORY 1 MCG/ML I.V. ENJEKSIYONLUK ÇöZELTI,8699606757306,A11CC04,Aktif,83.31
13670,TEORY 2 MCG/ML I.V. ENJEKSIYONLUK ÇöZELTI,8699606757313,A11CC04,Aktif,83.37
13673,TEPADİNA 100 MG IV İNFüZYONLUK ÇöZELTI HAZıRLAMADA KULLANıLACAK KONSANTRE İçIN TOZ,8699783770396,L01AC01,Aktif,84.46
13676,TEPHARIX 100 MG İNFüZYONLUK ÇöZELTI  HAZıRLAMADA KULLANıLACAK KONSANTRE İçIN TOZ,8699783770396,L01AC01,Aktif,70.92
13686,TERAUMON 2 MG TABLET,8699738010027,G04CA03,Pasif,93.94
13687,TERAUMON 5 MG TABLET,8699738010010,G04CA03,Aktif,96.31
13694,"TERBISIL  %1 SPREY, ÇöZELTI",8699566516036,D01AE15,Aktif,76.24
13699,TERBONİLE 250 MG TABLET,8699569010654,D01BA02,Pasif,71.97
13700,TERBONİLE DERMAL SPREY %1,8699569510017,D01AE15,Pasif,71.24
13702,TERIGIO 14 MG FILM KAPLI TABLET,8699511099089,L04AK02,Aktif,95.52
13703,TERIGIO 7 MG FILM KAPLI TABLET,8699511099089,L04AK02,Aktif,92.36
13704,TERIL CR 200 MG TABLET,8699502013698,N03AF01,Pasif,76.04
13706,TERMACET 120 MG/5 ML SüSPANSIYON,8699622700300,N02BE01,Pasif,82.25
13707,TERMACET 500 MG FILM KAPLı TABLET,8699622090708,N02BE01,Pasif,79.45
13708,TERMACET PLUS SÜSPANSIYON 250MG/5ML,8699622700317,N02BE01,Pasif,85.98
13723,TERNEX GARGARA,8699772640013,A01AD02,Pasif,77.7
13727,TEROLAM 800 MG FİLM KAPLI TB,8699792090072,V03AE02,Aktif,77.36
13732,"TESARA 12,5 MG SERT KAPSüL",8699519150225,L01EX01,Aktif,91.58
13733,TESARA 25 MG SERT KAPSüL,8699519150232,L01EX01,Aktif,91.48
13734,TESARA 50 MG SERT KAPSüL,8699519150249,L01EX01,Pasif,91.38
13736,TESTOGEL 50 MG TRANSDERMAL JEL İÇEREN ŞASE,8699538347316,G03BA03,Aktif,94.64
13739,TETAQUIN 250 IU IM ENJEKSIYON IÇIN ÇÖZELTI IÇEREN FLAKON,8699823980778,J06BB02,Pasif,73.86
13746,"TEVAGRASTİM 30 MIU/0,5 ML SC/IV ENJEKSIYON/İNFüZYON İçIN ÇöZELTI İçEREN KULLANıMA HAZıR ENJEKTöR",8699638953714,L03AA02,Pasif,91.59
13747,"TEVAGRASTİM 48 MIU/0,8 ML SC/IV ENJEKSIYON/İNFüZYON İçIN ÇöZELTI İçEREN KULLANıMA HAZıR ENJEKTöR",8699638953738,L03AA02,Pasif,91.86
13748,TEVETEN 600 MG FILM KAPLI TABLET,8699820090173,C09CA02,Pasif,77.95
13766,TEXONİM 20 MG ENJEKSIYONLUK çöZELTI HAZıRLAMAK IçIN TOZ VE çöZüCü,8680222790204,M01AC02,Aktif,77.9
13769,THALIDOMIDE BMS 50 MG SERT KAPSüL,8699726151121,L04AX06,Aktif,72.01
13777,"THERMO ACE %1+%0,025 JEL",8681990009222,M02AA26,Aktif,79.57
13778,THERMO FUZO %1 + %0.025 JEL,8699293346623,M02AA26,Aktif,86.61
13779,"THERMO GESIC %1 + %0,025 JEL",8684083167434,M02AA26,Aktif,88.58
13780,THERMO RHEUMON 100 MG/G + 10 MG/G KREM,8699546352210,M02AA06,Pasif,77.43
13781,THERMO SULIDIN %1/ %0.025 LIKIT JEL,8699584340859,M02AA26,Aktif,78.21
13782,THERMO SULIDIN LIKIT JEL,8699584340453,M02AA26,Pasif,82.29
13784,THERMO-DOLİNE %10 + %1 KREM,8699772352565,M02AA06,Aktif,72.71
13788,THERMOFLEX %10 + %1 KREM,8699566355130,M02AA06,Aktif,76.32
13789,THERMOVE %10+%1 KREM,8699559350012,M02AA06,Aktif,70.47
13794,THINCAL 120 MG KAPSÜL,8699828150350,A08AB01,Aktif,96.89
13798,THIOCTACID 600 MG FILM KAPLı TABLET,8698856090270,A16AX01,Aktif,77.73
13805,THRODUCE 0.5 MG SERT KAPSÜL,8681697150012,L01XX35,Aktif,77.26
13806,THROMBOREDUCTIN 0.5 MG KAPSÜL,8683816746014,L01XX35,Aktif,81.85
13807,THROMBOREDUCTIN 0.5 MG KAPSÜL ( ÜRETIM YERI: AMAREG),8683816746014,L01XX35,Aktif,73.91
13810,THYROMAZOL 10 MG FILM KAPLI TABLET,8699514094760,H03BB02,Aktif,81.31
13811,THYROMAZOL 20 MG FILM KAPLI TABLET,8699514094760,H03BB02,Aktif,80.39
13812,THYROMAZOL 5 MG TABLET,8699514016809,H03BB02,Aktif,82.1
13816,TIBERSID 500MG/3ML IV INFÜZYON IÇIN ÇÖZELTI IÇEREN AMPUL,8699839750594,J01XD03,Pasif,77.02
13823,TIDECA 1 MG TABLET,8699536010915,A10BB12,Pasif,92.65
13824,TIDECA 2 MG TABLET,8699536010915,A10BB12,Pasif,92.42
13825,TIDECA 3 MG TABLET,8699536010915,A10BB12,Pasif,89.77
13826,TIDECA 4 MG TABLET,8699536010915,A10BB12,Pasif,92.09
13827,TIDECA 6 MG TABLET,8699536010915,A10BB12,Pasif,94.73
13828,TIDECA 8MG TABLET,8699536010939,A10BB12,Pasif,85.37
13829,TIENAM 500 MG/500 MG İNFÜZYONLUK ÇöZELTI İÇİN TOZ,8699636270301,J01DH51,Pasif,73.92
13837,TİGRELO 60 MG FİLM KAPLI TABLET,8699525099808,B01AC24,Aktif,74.38
13838,TİGRELO 90 MG FİLM KAPLI TABLET,8699525099808,B01AC24,Aktif,77.87
13841,TİLAC SR 600 MG UZATILMIŞ SALIMLI TABLET,8699569091769,M01AB08,Aktif,90.37
13842,TİLANTA 60 MG FILM KAPLı TABLET,8699514094708,B01AC24,Pasif,79.91
13843,TİLANTA 90 MG FILM KAPLI TABLET,8699514094715,B01AC24,Aktif,83.54
13845,TILCOTIL 20 MG FILM KAPLI TABLET,8699525095978,M01AC02,Aktif,73.5
13848,TILKO 20 MG KAPSÜL,8699828150039,M01AC02,Pasif,70.8
13850,TIMOLOL-POTIMO-COMOD %0.5 GÖZ DAMLASI,8699702611076,S01ED01,Pasif,84.75
13855,TINACTIN PUDRA SPREY,8699708510311,D01AE18,Pasif,91.21
13856,TINACTIN PUDRA SPREY,8699708510311,D01AE18,Pasif,73.04
13857,TINACTIN SPREY,8699708510304,D01AE18,Pasif,97.25
13864,TIO-DEKSOLEX 25 MG/8 MG FILM KAPLı TABLET,8684263090071,M01AE17,Aktif,72.42
13865,TIO-DEKSOLEX 25MG/4 MG FILM KAPLı TABLET,8684263090071,M01AE17,Aktif,70.17
13873,TİODAY CAPSAİR 18 MCG İNHALASYON İÇIN TOZ İÇEREN KAPSÜL,8680881559679,R03BB04,Pasif,74.92
13889,TIOPRAM 20 MG FILM KAPLI TABLET,8699578094225,N06AB10,Pasif,75.73
13906,TİREBRANT FORT 200 MG TABLET,8680760010499,A03AA05,Pasif,71.16
13909,TIRGEN 1000 MG FILM KAPLI TABLET,8699293094449,N03AX14,Pasif,88.76
13910,TIRGEN 1000 MG FILM KAPLI TABLET,8699293094449,N03AX14,Pasif,88.76
13911,TIRGEN 250 MG FILM KAPLI TABLET,8699293094265,N03AX14,Pasif,88.75
13912,TIRGEN 250 MG FILM KAPLI TABLET,8699293094265,N03AX14,Pasif,88.75
13913,TIRGEN 500 MG FILM KAPLI TABLET,8699293094326,N03AX14,Pasif,88.64
13915,TIRGEN 750 MG FILM KAPLI TABLET,8699293094388,N03AX14,Pasif,89.16
13916,TIRGEN 750 MG FILM KAPLI TABLET,8699293094388,N03AX14,Pasif,89.16
13922,"TİROSTU 12,5 MG/50 ML IV KONSANTRE INFüZYONLUK çöZELTI",8699715772047,B01AC17,Aktif,71.87
13933,TISSEEL LYO 1ML TROMBIN ÇÖZELTISI VE 1ML FIBRINOJEN ÇÖZELTISI İÇEREN İKI BILEŞENLI FIBRIN YAPIŞTIRICI,8699556980168,B02BC30,Pasif,76.02
13934,"TISSEEL LYO, 2 ML TROMBIN ÇöZELTISI VE 2 ML FIBRINOJEN  ÇöZELTISI  İçEREN  İKI  BILEşENLI  FIBRIN  YAPışTıRıCı",8681413880919,B02BC30,Aktif,81.83
13937,TİVİCAY 10 MG FILM KAPLı TABLET,8699522097708,J05AJ03,Aktif,75.62
13938,TİVİCAY 25 MG FILM KAPLı TABLET,8699522097708,J05AJ03,Aktif,75.16
13939,TIVICAY 5 MG DAğıLABILIR TABLET,8699522097708,J05AJ03,Aktif,83.13
13940,TİVİCAY 50 MG FILM KAPLı TABLET,8699522097708,J05AJ03,Aktif,76.75
13941,TİXALOR 90 MG FİLM KAPLI TABLET,8681428091355,B01AC24,Aktif,75.42
13955,TOBLAIR 300 MG/5 ML NEBüLIZASYON ÇöZELTISI,8699844523350,J01GB01,Aktif,83.61
13956,"TOBRALOT 5 MG+3 MG/ML GÖZ DAMLASI, SÜSPANSİYON",8699844612306,S01CA12,Aktif,72.98
13957,TOBRASED % 0.3 STERIL GÖZ MERHEMI,8699569440024,S01AA12,Aktif,83.25
13958,"TOBRASED %0.3 GöZ DAMLASı, ÇöZELTI",8699569610137,S01AA12,Aktif,83.65
13961,TOBREX %0.3 STERİL OFTALMİK ÇÖZELTİ,8699504440522,S01AA12,Aktif,81.92
13962,TOBREX %0.3 STERİL OFTALMİK MERHEM,8699504440522,S01AA12,Aktif,79.74
13965,TODAVİT IM/IV ENJEKSİYONLUK/İNFÜZYONLUK ÇÖZELTİ HAZIRLAMAK İÇİN TOZ,8699606796695,B05XC,Aktif,75.68
13966,TOFANZİ 5 MG FİLM KAPLI TABLET,8699511099218,L04AF01,Aktif,75.79
13968,TOFIK 5 MG FILM KAPLı TABLET,8680199002010,L04AF01,Pasif,73.27
13969,TOFRANIL 10MG DRAJE,8699708121500,N06AA02,Pasif,78.8
13970,TOFRANIL 25MG DRAJE,8699708121517,N06AA02,Aktif,75.55
13972,TOLDIN 1 MG FILM KAPLI TABLET,8699578094249,G04BD07,Aktif,84.35
13973,TOLDIN 2 MG FILM KAPLI TABLET,8699578094249,G04BD07,Aktif,85.29
13978,TOLIVER SR 2 MG UZATıLMış SALıMLı KAPSüL,8680698170463,G04BD07,Aktif,73.88
13979,TOLİVER SR 4 MG UZATıLMış SALıMLı KAPSüL,8680698170463,G04BD07,Aktif,71.54
13980,TOLPERON 150 MG FİLM KAPLI TABLET,8680199008784,M03BX04,Aktif,83.45
13981,TOLPERON 50 MG FILM KAPLı TABLET,8680199008784,M03BX04,Aktif,82.82
13982,TOLTERIDEX SR 4 MG UZATıLMış SALıMLı SERT KAPSüL,8699541170123,G04BD07,Aktif,88.71
13983,TOLTEX 1 MG FILM KAPLI TABLET,8699828090342,G04BD07,Pasif,78.88
13984,TOLTEX 2 MG FILM KAPLI TABLET,8699828090366,G04BD07,Pasif,78.93
13988,TOLVON 10 MG TABLET,8683280337459,N06AX03,Aktif,85.25
13989,TOLVON 30 MG TABLET,8699636092002,N06AX03,Aktif,84.83
13991,TOMUDEX 2 MG IV INFÜZYON IÇIN LIYOFILIZE TOZ IÇEREN FLAKON,8699643790038,L01BA03,Pasif,77.94
13992,TOPAMAX 100 MG FILM KAPLI TABLET,8699593095085,N03AX11,Aktif,92.35
13993,TOPAMAX 200 MG FILM KAPLI TABLET,8699593095092,N03AX11,Aktif,96.1
13994,TOPAMAX 25 MG FILM KAPLI TABLET,8699593095061,N03AX11,Aktif,96.09
13995,TOPAMAX 50 MG FILM KAPLI TABLET,8699593095078,N03AX11,Aktif,96.07
13998,"TOPIKAZOL %1 DERI SPREYI, ÇöZELTI",8699561650063,D01AC03,Aktif,82.66
13999,TOPIKAZOL %1 KREM,8699561350253,D01AC03,Aktif,78.71
14004,TOPOTU 4 MG / 4 ML KONSANTRE İNFÜZYON ÇÖZELTİSİ,8699650772577,L01CE01,Aktif,77.81
14014,TOREDA SR 4 MG UZATıLMış SALıMLı SERT KAPSüL,8699578174415,G04BD07,Aktif,82.96
14018,TORK 20 MG FILM KAPLI TABLET,8699569091349,G04BE08,Pasif,95.39
14027,TOUJEO 300 U/ML SOLOSTAR SC ENJEKSİYONLUK ÇÖZELTİ İÇEREN KULLANIMA HAZIR ENJEKSİYON KALEMİ,8699809950863,A10AE04,Aktif,79.96
14030,TOVIAZ 4MG UZATILMIŞ SALIMLI TABLET,8681308035127,G04BD11,Aktif,78.58
14031,TOVIAZ 8 MG UZATILMIŞ SALIMLI TABLET,8681308035141,G04BD11,Aktif,84.93
14033,TRACLEER 125 MG FİLM TABLET ((PATHEON INC.),8699593095474,C02KX01,Aktif,89.28
14034,TRACLEER 125 MG FİLM TABLET (HAUPT PHARMA WUELFİNG GMBH),8699593095474,C02KX01,Aktif,77.67
14035,TRACLEER 62.5 MG FİLM TABLET (PATHEON INC.),8699593095481,C02KX01,Aktif,89.44
14036,TRACLEER 62.5 MG FİLM TABLET(HAUPT PHARMA WUELFİNG GMBH),8699593095481,C02KX01,Aktif,77.96
14039,TRACTAN 32 MG DAğıLABILIR TABLET,8680760070134,C02KX01,Aktif,85.55
14041,TRACTOCILE 7.5 MG/ML ENJEKSIYONLUK SOLÜSYON,8697621770096,G02CX01,Aktif,95.77
14042,TRACTOCILE 7.5 MG/ML INFÜZYON SOLÜSYONU IÇIN KONSANTRE,8697621760103,G02CX01,Aktif,75.92
14044,TRADIL 200MG FILM TABLET,8699262098898,M01AE14,Pasif,74.52
14045,TRADIL 300MG FILM TABLET,8699262098874,M01AE14,Pasif,74.92
14046,TRADIL FORT 400MG FILM TABLET,8699262098898,M01AE14,Pasif,81.1
14047,TRADOLEX 100MG/2ML IM/IV/SC ENJEKSİYONLUK ÇÖZELTİ,8681332750089,N02AX02,Aktif,82.85
14048,TRAJENTA 5 MG FİLM KAPLI TABLET,8699693090041,A10BH05,Pasif,83.24
14053,TRAKTUS 1200MG TEK KULLANIMLIK TOZ İÇEREN POŞET,8699262250050,R05CB01,Pasif,73.15
14054,TRAKTUS 600 MG TEK KULLANIMLIK TOZ İÇEREN 30 POŞET,8699262250050,R05CB01,Pasif,78.53
14055,TRAKTUS 900MG TEK KULLANIMLIK TOZ İÇEREN POŞET,8699262250050,R05CB01,Pasif,73.31
14056,TRAMOSEL 100 MG/2 ML I.V./I.M./S.C. ENJEKSIYONLUK ÇöZELTI İçEREN AMPUL,8680400770660,N02AX02,Aktif,78.69
14062,"TRANEXEL 250 MG/2,5 ML IV ENJEKSIYONLUK ÇöZELTI",8680400770851,B02AA02,Aktif,70.6
14077,"TRAVATAN %0,004 STERİL GÖZ DAMLASI, ÇÖZELTİ",8699504612127,S01EE04,Aktif,71.21
14085,TRAZIMERA 150 MG İNFüZYONLUK ÇöZELTI HAZıRLAMADA  KULLANıLACAK KONSANTRE İçIN TOZ,8681308791016,L01FD01,Aktif,91.99
14086,TRE % 0.05 KREM,8699708350054,D10AD01,Aktif,98.78
14087,TREDISON 20 MG IM/IV ENJEKSIYONLUK/İNFüZYONLUK ÇöZELTI  HAZıRLAMAK İçIN TOZ VE ÇöZüCü,8680222790068,H02AB04,Aktif,75.35
14088,TREDISON 250 MG IM/IV ENJEKSIYONLUK/İNFüZYONLUK ÇöZELTI HAZıRLAMAK İçIN TOZ VE ÇöZüCü,8680222790068,H02AB04,Aktif,74.12
14089,TREDISON 40 MG IM/IV ENJEKSIYONLUK/İNFÜZYONLUK ÇÖZELTİ HAZIRLAMAK İÇİN TOZ VE ÇÖZÜCÜ,8680222790075,H02AB04,Aktif,78.22
14098,TRELEGY ELLIPTA 100/62.5/25 MCG KULLANıMA HAZıR INHALASYON TOZU,8699522553532,R03AL08,Aktif,70.82
14103,TREMFYA 100 MG/ML ENJEKSİYONLUK ÇÖZELTİ İÇEREN KULLANIMA HAZIR ENJEKTÖR,8699593950124,L04AC16,Aktif,96.88
14104,TREMFYA 100 MG/ML ENJEKSİYONLUK ÇÖZELTİ İÇEREN KULLANIMA HAZIR KALEM,8699593950124,L04AC16,Aktif,93.14
14105,TRENDİN 250 MG SERT KAPSÜL,8699738150068,A16AX12,Aktif,70.7
14119,TREPOKS 100 MG/20 ML İNFüZYONLUK ÇöZELTI,8681735770837,B01AC21,Aktif,87.85
14120,TREPOKS 50 MG/20 ML İNFüZYONLUK ÇöZELTI,8681735770820,B01AC21,Aktif,87.8
14123,TRESİBA® FLEXTOUCH® 100 U/ML ENJEKSIYONLUK ÇöZELTI İçEREN KULLANıMA HAZıR KALEM,8699676951024,A10AD06,Aktif,75.34
14124,TRESİBA® FLEXTOUCH® 200 U/ML ENJEKSIYONLUK ÇöZELTI İçEREN KULLANıMA HAZıR KALEM,8699676951024,A10AD06,Aktif,74.65
14125,TRESİBA® PENFILL® 100 U/ML ENJEKSIYONLUK ÇöZELTI İçEREN KARTUş,8699676951048,A10AD06,Aktif,72.93
14128,TREVİCTA 175 MG IM ENJEKSİYON İÇİN UZUN SALIMLI SÜSPANSİYON,8699593950087,N05AX13,Aktif,78.47
14129,TREVİCTA 263 MG IM ENJEKSİYON İÇİN UZUN SALIMLI SÜSPANSİYON,8699593950094,N05AX13,Aktif,79.02
14130,TREVİCTA 350 MG IM ENJEKSİYON İÇİN UZUN SALIMLI SÜSPANSİYON,8699593950100,N05AX13,Aktif,78.08
14131,TREVİCTA 525 MG IM ENJEKSİYON İÇİN UZUN SALIMLI SÜSPANSİYON,8699593950117,N05AX13,Aktif,78.82
14132,"TRH FERRİNG 0,2 MG/ML IV ENJEKSİYONLUK ÇÖZELTİ İÇEREN AMPUL",8697621750180,V04CJ02,Pasif,84.17
14133,TRH-FERRING 0.2 MG/ML ENJEKSIYONLUK ÇÖZELTI IÇEREN AMPUL,8697621750180,V04CJ02,Pasif,79.66
14141,TRIAXON 500 MG   IV  ENJEKSİYONLUK TOZ VE ÇÖZÜCÜ,8699579270093,J01DD04,Pasif,79.62
14143,TRIBEKSOL 250 MG/250 MG/ 1 MG FILM KAPLI TABLET,8699525097514,A11DB,Aktif,76.06
14144,TRİBUDAT 24 MG/5 ML ORAL SÜSPANSİYON HAZIRLAMAK İÇİN GRANÜL - (SANTA FARMA),8699566205794,A03AA05,Aktif,73.9
14145,"TRİBUDAT 4,8 MG/ML ORAL SüSPANSIYON HAZıRLAMAK IçIN  GRANüL",8699566205794,A03AA05,Aktif,83.98
14153,TRİCEF 125 MG/5 ML ORAL SÜSPANSİYON HAZIRLAMAK İÇİN KURU TOZ,8699680280035,J01DD15,Pasif,74.59
14154,TRİCEF 250 MG/5 ML ORAL SÜSPANSİYON HAZIRLAMAK İÇİN KURU TOZ,8699680280042,J01DD15,Pasif,73.94
14161,TRILEPTAL 300 MG FILM KAPLI TABLET,8699504090550,N03AF02,Pasif,71.26
14173,TRIPLIXAM 10 MG/2.5 MG/10 MG FILM KAPLı TABLET,8699552090854,C09BX01,Aktif,75.39
14174,TRIPLIXAM 10 MG/2.5 MG/5 MG FILM KAPLı TABLET,8699552090847,C09BX01,Aktif,75.22
14175,TRIPLIXAM 5 MG/1.25 MG/10 MG FILM KAPLı TABLET,8699552090830,C09BX01,Aktif,75.3
14177,TRIPLUS MR 35 MG FILM KAPLı MODIFIYE SALıM TABLET,8680881034053,C01EB15,Aktif,82.18
14183,TRIUMEQ 50 MG/600 MG/300 MG FILM KAPLı TABLET,8699522094561,J05AR13,Aktif,76.47
14186,TRİVASTAL 50 MG DEğIşTIRILMIş  SALıMLı TABLET,8699552140122,N04BC08,Aktif,73.91
14187,TRIZOL 100 MG KAPSÜL,8699828150077,J02AC01,Pasif,80.15
14188,TRİZOL 150 MG KAPSÜL,8699579150098,J02AC01,Pasif,73.9
14189,TRİZOL 50 MG KAPSÜL,8699828150060,J02AC01,Pasif,72.08
14191,TRODELVY 200 MG İNFÜZYONLUK ÇÖZELTİ KONSANTRESİ İÇİN TOZ,8698760790310,L01FX17,Aktif,82.45
14198,TROMABAN 15 MG FİLM KAPLI TABLET,8699738090494,B01AF01,Aktif,78.71
14199,TROMABAN 20 MG FİLM KAPLI TABLET,8699738090500,B01AF01,Aktif,78.48
14200,TROMBOLİZ 75 MG KAPLI TABLET,8699828120025,B01AC07,Aktif,70.15
14202,"TROMBOXAR 2,5 MG FİLM KAPLI TABLET",8699543092430,B01AF02,Aktif,72.37
14203,TROMBOXAR 5 MG FILM KAPLI TABLET,8699543092430,B01AF02,Aktif,75.69
14209,"TROPISAL 0,5 MG + 2,5 MG/2,5 ML NEBüLIZASYON İçIN İNHALASYON ÇöZELTISI",8699651521297,R03AL02,Aktif,82.96
14212,"TROTRAG 12,5 MG FILM KAPLı TABLET",8699578091873,B02BX05,Aktif,83.83
14213,TROTRAG 25 MG FILM KAPLı TABLET,8699578091866,B02BX05,Aktif,85.92
14214,TROTRAG 50 MG FILM KAPLı TABLET,8699578091873,B02BX05,Aktif,85.8
14215,TROTRAG 75 MG FİLM KAPLI TABLET,8699578091873,B02BX05,Aktif,87.08
14217,TROZASİN 200 MG IV İNFüZYONLUK ÇöZELTI İçIN LIYOFILIZE TOZ İçEREN FLAKON,8699702773019,J02AC03,Aktif,71.37
14224,TRUJEL %5 JEL,8680080340689,M02AA15,Aktif,80.94
14225,TRULİCİTY 0.75 MG/0.5 ML  ENJEKSİYONLUK ÇÖZELTİ İÇEREN KULLANIMA HAZIR KALEM,8699673954394,A10BJ05,Aktif,80.34
14226,TRULİCİTY 1.5 MG/0.5 ML  ENJEKSİYONLUK ÇÖZELTİ İÇEREN KULLANIMA HAZIR KALEM,8699673954400,A10BJ05,Aktif,79.78
14229,TRUSOPT OFTALMIK SOLÜSYON,8699636610305,S01EC03,Pasif,76.76
14230,TRUVADA 200 MG/245 MG FİLM KAPLI TABLET,8698760090021,J05AR03,Aktif,80.21
14231,TRUVENT  200MG/245MG  MG  FILM  KAPLı  TABLET,8680760092297,J05AR03,Aktif,74.19
14232,TRUXİMA 100 MG/10 ML IV İNFÜZYONLUK ÇÖZELTİ HAZIRLAMAK İÇİN KONSANTRE,8680614140143,L01FA01,Aktif,92.75
14233,TRUXIMA 500 MG/50 ML IV INFüZYONLUK ÇÖZELTI HAZIRLAMAK IÇIN KONSANTRE,8680614140143,L01FA01,Aktif,92.33
14234,TTS İZOTONİK SODYUM KLORÜR CERRAHİ KULLANIM İÇİN İRİGASYON ÇÖZELTİSİ,8697637680013,B05CB01,Aktif,78.66
14249,"TURKFLEKS % 0,5 METRONIDAZOL I.V. İNFüZYONLUK ÇöZELTI",8697637691736,J01XD01,Aktif,71.12
14265,TURKTIPSAN  MAGNEZYUM  SÜLFAT  4  G /100 ML I.V. İNFÜZYON İÇİN ÇÖZELTİ,8697637750204,A12CC02,Aktif,77.21
14266,TURKTIPSAN  MAGNEZYUM  SÜLFAT  40  G /1000 ML I.V. İNFÜZYON İÇİN ÇÖZELTİ,8697637750204,A12CC02,Aktif,76.97
14267,TURKTIPSAN  PİRASETAM  1  G/5  ML ENJEKSİYONLUK ÇÖZELTİ,8697637750341,N06BX03,Aktif,80.39
14268,TURKTIPSAN  VİTAMİN  C  500  MG/5  ML  IM/IV/SC  ENJEKSIYON  VE  INFüZYON  IçIN  çöZELTI IçEREN AMPUL,8697637750099,A11GA01,Aktif,84.72
14270,TURKTIPSAN FUROSEMİD 20 MG/2 ML ENJEKSİYONLUK VE İNFÜZYONLUK ÇÖZELTİ,8697637750075,C03CA01,Aktif,90.9
14271,TURKTIPSAN GENTAMİSİN SÜLFAT 20 MG/2 ML IM/IV ENJEKSİYONLUK/İNFÜZYONLUK ÇÖZELTİ,8697637750280,J01GB03,Pasif,87.51
14272,TURKTIPSAN GENTAMİSİN SÜLFAT 40 MG/ML ENJEKSİYONLUK/İNFÜZYONLUK ÇÖZELTİ,8697637750303,J01GB03,Pasif,86.47
14273,TURKTIPSAN GENTAMİSİN SÜLFAT 80 MG/2 ML IM/IV ENJEKSİYONLUK/İNFÜZYONLUK ÇÖZELTİ,8697637750327,J01GB03,Aktif,87.62
14275,"TURKTIPSAN LİDOKAİN HİDROKLORÜR - ADRENALİN 40 MG + 0,025 MG/2 ML ENJEKSİYONLUK ÇÖZELTİ",8697637750143,N01BB52,Aktif,73.54
14276,TURKTIPSAN MAGNEZYUM SÜLFAT 1500 MG/10 ML ENJEKSIYONLUK ÇöZELTI,8697637750204,A12CC02,Aktif,89.07
14277,TURKTIPSAN METAMİZOL SODYUM 1000 MG/2 ML IM/IV ENJEKSİYONLUK  ÇÖZELTİ,8697637750051,N02BB02,Aktif,90.34
14278,TURKTIPSAN METOKLOPRAMİD HİDROKLORÜR 10 MG / 2 ML ENJEKSIYONLUK ÇöZELTI,8697637750105,A03FA01,Aktif,89.83
14280,TURKTIPSAN PİRASETAM 1 G/5 ML ENJEKSİYONLUK ÇÖZELTİ,8697637750341,N06BX03,Aktif,80.39
14281,"TURKTıPSAN  ATROPIN  SüLFAT  0,5  MG/ML IM/SC/IV  ENJEKSIYONLUK  ÇöZELTI",8697637750242,A03BA01,Aktif,96.77
14282,TURKTıPSAN  ATROPIN  SüLFAT  1  MG/ML IM/SC/IV  ENJEKSIYONLUK  ÇöZELTI,8697637750266,A03BA01,Aktif,96.76
14285,"TURKTıPSAN ATROPIN SüLFAT 0,25 MG/ML IM/SC/IV  ENJEKSIYONLUK  ÇöZELTI",8697637750228,A03BA01,Pasif,96.8
14286,TURKTıPSAN DIKLOFENAK SODYUM 75 MG/3 ML IM AMPUL,8697637750020,M01AB05,Aktif,88.04
14288,"TURKTıPSAN FENIRAMIN MALEAT 45,5 MG/2 ML IM/IV AMPUL",8697637750037,R06AB05,Aktif,86.05
14289,TURKTıPSAN MAGNEZYUM SüLFAT 40 G/1000 ML IV İNFüZYON İçIN ÇöZELTI,8697637691835,A12CC02,Aktif,81.11
14290,Turktıpsan Magnezyum Sülfat 4g/100 ml IV İnfüzyon İçin Çözelti,8697637691811,A12CC02,Aktif,84.2
14291,TURKTıPSAN MOLAR SODYUM 840 MG/10 ML IV AMPUL,8697637750082,B05XA02,Aktif,85.56
14292,"TURKTıPSAN NEOSTIGMIN METIL SüLFAT 0,5 MG/1 ML ENJEKSIYONLUK ÇöZELTI",8697637750198,N07AA01,Aktif,89.44
14293,TURKTıPSAN NORADRENALIN 4 MG/4 ML IV İNFüZYON İçIN ENJEKSIYONLUK ÇöZELTI İçEREN AMPUL,8697637750068,C01CA03,Pasif,81.96
14294,TURKTıPSAN POTASYUM KLORüR 750 MG/10 ML  ENJEKSIYONLUK ÇöZELTI İçEREN AMPUL,8697637750174,B05XA01,Aktif,89.27
14295,Turosif 30 mg/5 ml Şurup,8699642571249,R05DB27,Pasif,94.3
14296,TUSAMOL 7.5 MG / 5 ML ŞURUP,8699717570030,R05DB13,Pasif,72.33
14297,TUSAMOL 7.5 MG / 5 ML ŞURUP,8699717570030,R05DB13,Pasif,87.92
14304,TUTAST ARVOHALER 18 MCG İNHALASYON TOZU,8680833550198,R03BB04,Pasif,70.8
14307,TWYNSTA 80/10 MG TABLET,8699693010186,C09DB04,Pasif,88.09
14308,TWYNSTA 80/5 MG TABLET,8699693010179,C09DB04,Pasif,92.16
14313,TYKERB 250 MG FILM KAPLı TABLET,8699504092127,L01EH01,Aktif,88.09
14317,TYLOL 120 MG/5 ML PEDİATRİK SÜSPANSİYON,8699540701205,N02BE01,Aktif,72.43
14318,TYLOL 500 MG TABLET,8699540013704,N02BE01,Aktif,82.53
14319,TYLOL 6 PLUS 250 MG/ 5 ML SÜSPANSİYON,8699540701267,N02BE01,Aktif,81.96
14345,TYSABRİ 300 MG IV İNFÜZYON İÇİN KONSANTRE ÇÖZELTİ İÇEREN FLAKON,8699783760014,L04AG03,Aktif,91.98
14346,UCAND 16 MG TABLET,8680638010095,C09CA06,Pasif,82.87
14347,UCAND 32 MG TABLET,8680638010101,C09CA06,Pasif,83.26
14348,UCAND 4 MG TABLET,8680638010088,C09CA06,Pasif,76.81
14349,UCAND 8 MG TABLET,8680638010088,C09CA06,Pasif,82.3
14350,UCEDANE 200 MG DAĞILABİLİR TABLET,8682214521407,A16AA05,Aktif,82.85
14354,UFT KAPSÜL,8699808150028,L01BC53,Pasif,70.73
14357,ULCEZOL 40 MG İ.V. ENJEKSIYONLUK ÇÖZELTİ HAZIRLAMAK İÇİN TOZ,8699828790204,A02BC02,Aktif,79.48
14358,ULCOREKS 40 MG ENTERİK KAPLI FİLM TABLET,8699569040057,A02BC02,Pasif,89.48
14367,ULPISAD 30 MG FILM KAPLı TABLET,8699511099096,G03AD02,Aktif,88.88
14369,ULSEPAN 40 MG ENTERİK KAPLI TABLET(BİOFARMA),8680199092004,A02BC02,Aktif,71.25
14370,ULSEPAN 40 MG ENTERİK KAPLI TABLET(WORLD MEDİCİNE),8680199092004,A02BC02,Aktif,71.27
14374,ULTAN 2 MG IV İNFÜZYONLUK ÇÖZELTİ HAZIRLAMAK İÇİN LİYOFİLİZE TOZ,8681735790446,N01AH06,Aktif,81.37
14375,ULTAN 5 MG IV İNFÜZYONLUK ÇÖZELTİ HAZIRLAMAK İÇİN LİYOFİLİZE TOZ,8681735790453,N01AH06,Aktif,81.33
14376,ULTIDIN 50MG/2 ML IM/IV  ENJEKSIYONLUK ÇÖZELTI IÇEREN AMPUL,8698622750193,A02BA02,Pasif,74.85
14379,ULTOMİRİS 300 MG/3 ML İNFÜZYONLUK ÇÖZELTİ HAZIRLAMAK İÇN KONSANTRE,8680131470105,L04AJ02,Aktif,85.49
14384,ULTRACEF 250MG EFERVESAN TABLET,8699976020079,J01DC10,Pasif,89.3
14385,ULTRACEF 250MG FILM KAPLI TABLET,8699976091178,J01DC10,Pasif,79.24
14386,ULTRACEF 250MG/5ML ORAL SÜSPANSIYON HAZIRLAMAK İÇIN KURU TOZ,8699976281166,J01DC10,Pasif,75.7
14387,ULTRACEF 500MG EFERVESAN TABLET,8699976020086,J01DC10,Pasif,89.78
14388,ULTRACEF 500MG FILM KAPLI TABLET,8699976091192,J01DC10,Aktif,79.5
14390,"ULTRAMEX 100 MG/ML  ORAL DAMLA, çöZELTI",8699587592378,N02AX02,Pasif,80.78
14391,ULTRAMEX 100 MG/ML ORAL DAMLA,8699587592378,N02AX02,Pasif,79.18
14392,ULTRAMEX 100MG/2ML IV/IM/SC ENJEKSIYONLUK ÇöZELTI,8699587752383,N02AX02,Aktif,78.43
14393,ULTRAMEX 50 MG KAPSÜL,8699587592378,N02AX02,Pasif,71.04
14399,ULTRAVIST 370 MG/ML ENJEKSIYON/İNFüZYON İçIN ÇöZELTI,8699546773886,V08AB05,Pasif,72.06
14400,ULTROX 10 MG FILM TABLET,8699540096660,C10AA07,Aktif,84.92
14401,ULTROX 20 MG FILM TABLET,8699540096707,C10AA07,Aktif,84.96
14402,ULTROX 40 MG FİLM TABLET,8699540096745,C10AA07,Aktif,78.53
14403,ULTROX 5MG FILM TABLET,8699540096622,C10AA07,Aktif,80.72
14404,ULVEST 250 MG/5 ML ENJEKSIYONLUK ÇöZELTI İçEREN KULLANıMA HAZıR ENJEKTöR,8699638755776,L02BA03,Pasif,96.98
14405,ULVEST 250 MG/5 ML ENJEKSIYONLUK ÇöZELTI İçEREN KULLANıMA HAZıR ENJEKTöR,8699638755776,L02BA03,Pasif,96.98
14406,UMAN ALBUMIN 20 G/100 ML 100 ML IV INFÜZYON IÇIN ÇÖZELTI IÇEREN FLAKON,8680972009113,B05AA01,Aktif,97.04
14407,UMAN ALBUMIN 20 G/100 ML 50 ML IV İNFÜZYON İÇIN ÇÖZELTI İÇEREN FLAKON,8680972009106,B05AA01,Aktif,92.88
14408,UNACEFIN 0.5 G İ.M. ENJEKSIYON IÇIN TOZ IÇEREN FLAKON,8698978270031,J01DD04,Pasif,77.11
14410,UNACEFIN 0.5 G İ.V. ENJEKSIYON IÇIN TOZ IÇEREN FLAKON,8698978270031,J01DD04,Pasif,77.37
14413,UNACEFIN 1 G İ.M. ENJEKSIYON IÇIN TOZ IÇEREN FLAKON,8698978270031,J01DD04,Pasif,76.46
14414,UNACEFIN 1 G I.V. ENJEKSIYON IÇIN TOZ ICEREN FLAKON,8698978270031,J01DD04,Pasif,76.72
14429,UNİSOM 25 MG TABLET,8683873401413,R06AA09,Aktif,70.66
14438,UPTRAVI 1000 MCG FILM KAPLI TABLET,8699593095498,B01AC27,Aktif,92.08
14439,UPTRAVI 1200 MCG FILM KAPLI TABLET,8699593095504,B01AC27,Aktif,92.21
14440,UPTRAVI 1400 MCG FILM KAPLI TABLET,8699593095511,B01AC27,Aktif,92.4
14441,UPTRAVI 1600 MCG FILM KAPLI TABLET,8699593095528,B01AC27,Aktif,92.41
14442,UPTRAVI 200 MCG FILM KAPLI TABLET,8699593095535,B01AC27,Aktif,87.42
14443,UPTRAVI 400 MCG FILM KAPLI TABLET,8699593095542,B01AC27,Aktif,87.53
14444,UPTRAVI 600 MCG FILM KAPLI TABLET,8699593095559,B01AC27,Aktif,87.66
14445,UPTRAVI 800 MCG FILM KAPLI TABLET,8699593095566,B01AC27,Aktif,92.23
14446,URADEX 20 MG/2 ML IM/IV ENJEKSİYONLUK ÇÖZELTİ,8681332750119,C03CA01,Aktif,81.13
14454,ÜREDERM %20 KREM,8699561350093,D02AE01,Aktif,77.4
14455,"ÜREDERM %40 EMÜLSIYOJEL, 200 G",8699561340100,D02AE01,Aktif,88.29
14456,ÜREDERM HYDRO %5 KREM,8699561350215,D02AE01,Aktif,79.13
14457,ÜREPİAL %40 DERIYE UYGULANACAK EMÜLSİYON,8699580460018,D02AE01,Aktif,81.36
14458,ÜREPİAL HYDRO %10 DERIYE UYGULANACAK EMüLSIYON,8699580460025,D02AE01,Aktif,86.58
14459,ÜREPİAL LİPO %10 DERİYE UYGULANACAK EMÜLSİYON,8699580460032,D02AE01,Aktif,72.57
14461,UREVER 20 MG/2 ML IM/IV ÇÖZELTİ İÇEREN AMPUL,8699788751475,C03CA01,Pasif,85.02
14469,ÜRİKOLİZ 300 MG TABLET,8699516012564,M04AA01,Aktif,73.43
14475,UROBEL 3G ORAL ÇÖZELTİ İÇİN GRANÜL İÇEREN SAŞE,8699262240020,J01XX01,Pasif,81.41
14476,UROCARE 3G SAŞE,8699580240016,J01XX01,Aktif,76.39
14477,UROCIT-K 10 MEQ KONTROLLÜ SALIM TABLET,8699771030020,A12BA02,Aktif,77.24
14479,UROCIT-K 5 MEQ KONTROLLÜ SALIM TABLET,8699771030020,A12BA02,Aktif,75.83
14484,ÜROMAX 0.4 MG MR DEĞİŞTİRİLMİŞ SALIMLI SERT JELATİN KAPSÜL,8699580170016,G04CA02,Aktif,81.55
14485,ÜROMİSİN 3 G TOZ İÇEREN SAŞE,8699828240013,J01XX01,Aktif,71.16
14489,"UROPROST MR 0,4 MG DEĞİŞTİRİLMİŞ SALIMLI SERT KAPSÜL",8680199175400,G04CA02,Aktif,75.36
14490,UROREC 4 MG KAPSÜL,8699530150013,G04CA04,Pasif,77.16
14491,UROREC 8 MG KAPSÜL,8699559150094,G04CA04,Aktif,82.58
14492,ÜROREC 8MG KAPSÜL,8699530150020,G04CA04,Pasif,72.54
14494,URSABAY 250 MG KAPSÜL,8699717150157,A05AA02,Aktif,75.26
14500,URSODİN 250 MG KAPSÜL,8699819150376,A05AA02,Aktif,70.74
14501,URSOFALK 250 MG KAPSÜL,8699543150031,A05AA02,Aktif,71.49
14506,URSOMED 150 MG KAPSüL,8680199151398,A05AA02,Aktif,70.48
14507,URSOMED 250 MG KAPSÜL,8680199151398,A05AA02,Aktif,75.87
14508,URSOMED 250 MG/5 ML ORAL SÜSPANSİYON,8680199701425,A05AA02,Aktif,70.7
14510,URSOVEF 250 MG FİLM KAPLI TABLET,8680131751532,A05AA02,Aktif,72.22
14511,URSOVEF 500 MG FİLM KAPLI TABLET,8680131751747,A05AA02,Aktif,71.83
14512,URSOVEF 750 MG FİLM KAPLI TABLET,8680131751730,A05AA02,Aktif,72.87
14516,"VABYSMO 6 MG/0,05 ML İNTRAVITREAL ENJEKSIYONLUK  ÇöZELTI",8699505773759,S01LA09,Aktif,92.18
14517,VAGI-HEX VAJINAL TABLET,8699708100338,G01AX16,Aktif,85.82
14518,VAGIFEM 10 MIKROGRAM FILM KAPLI VAJINAL TABLET,8699676100408,G03CA03,Aktif,86.13
14519,VAGLİNİB 400 MG FİLM KAPLI TABLET,8680352000020,L01EA01,Aktif,73.65
14521,VALCODİN 10 MG / 160 MG FİLM KAPLI TABLET,8699680090559,C09DB01,Aktif,74.29
14522,VALCODİN 5 MG /160 MG FİLM KAPLI TABLET,8699680090542,C09DB01,Aktif,74.08
14523,VALCOR 160 MG FİLM KAPLI TABLET,8699680090368,C09CA03,Pasif,90.78
14524,VALCOR 320 MG FİLM KAPLI TABLET,8699680090351,C09CA03,Pasif,91.0
14525,VALCOR 80 MG FİLM KAPLI TABLET,8699680090375,C09CA03,Pasif,90.42
14528,VALCOR PLUS 320 MG/25 MG FİLM KAPLI TABLET,8699680090597,C09DA03,Aktif,70.02
14529,"VALCOR PLUS 320/12,5 MG FİLM KAPLI TABLET",8699680090597,C09DA03,Aktif,72.51
14531,VALCYTE 450 MG FILM KAPLI TABLET,8682340179053,J05AB14,Aktif,86.11
14532,VALCYTE 50 MG/ML ORAL ÇÖZELTI İÇİN TOZ,8682340179053,J05AB14,Aktif,76.56
14538,VALDOXAN 25 MG FİLM KAPLI TABLET,8699552090717,N06AX22,Aktif,85.89
14539,VALENDE 10 MG TABLET,8699772010083,C07AB12,Pasif,79.86
14540,VALENDE 5 MG TABLET,8699772010106,C07AB12,Pasif,90.3
14545,VALPROCAN 400 MG/4 ML ENJEKSIYONLUK ÇÖZELTI  HAZIRLAMAK İÇİN LIYOFILIZE TOZ VE ÇÖZÜCÜ,8681735790378,N03AG01,Aktif,81.05
14546,VALSO 160MG FILM TABLET,8699262090397,C09CA03,Pasif,91.09
14547,VALSO 80MG FILM TABLET,8699262090373,C09CA03,Pasif,90.83
14550,VALSO PLUS 320 MG 12.5 MG FİLM TABLET,8699262090410,C09CA03,Pasif,73.63
14551,VALSO PLUS 320MG 25 MG FİLM TABLET,8699262090410,C09CA03,Pasif,70.33
14553,VALTALID  PLUS  160  MG/12.5  MG  FILM  KAPLI  TABLET,8699514094395,C09DA03,Pasif,73.35
14554,VALTALID PLUS 160 MG/25 MG FILM KAPLı TABLET,8699514094395,C09DA03,Pasif,71.09
14555,VALTALID PLUS 320 MG/12.5 MG FILM KAPLı TABLET,8699514094418,C09DA03,Pasif,71.5
14556,VALTALID PLUS 320 MG/25 MG FILM KAPLı TABLET,8699514094418,C09DA03,Pasif,71.8
14557,"VALTALID PLUS 80 MG/12,5 MG FILM KAPLı TABLET",8699514094418,C09DA03,Pasif,70.29
14563,VALTAN-A 10 MG/160 MG FİLM TABLET,8699525090027,C09DB01,Pasif,79.88
14564,VALTAN-A 10 MG/320 MG FİLM KAPLI TABLET,8699525090027,C09DB01,Pasif,71.4
14565,VALTAN-A 5 MG/160 MG FİLM TABLET,8699525090010,C09DB01,Pasif,79.69
14566,VALTAN-A 5 MG/320 MG FİLM KAPLI TABLET,8699525090010,C09DB01,Pasif,71.18
14567,VALTENSIN 160 MG FILM KAPLI TABLET,8699517091834,C09DA03,Pasif,82.08
14568,VALTENSİN 160MG FİLM TABLET,8699517091834,C09DA03,Pasif,70.18
14569,VALTENSIN 80 MG FILM KAPLI TABLET,8699517091827,C09DA03,Pasif,81.58
14573,VALTENSIN PLUS 160/25 MG FILM KAPLI TABET,8699517091841,C09DA03,Pasif,71.47
14577,VALTREX 1000 MG FILM KAPLı TABLET,8699522097524,J05AB11,Aktif,72.02
14578,VALTREX 500 MG FILM KAPLı TABLET,8699522092505,J05AB11,Aktif,73.1
14588,VANCOMYCIN HCL DBL 500 MG LIYOFILIZE TOZ İÇEREN IV ENJEKTABL FLAKON,8699643790014,J01XA01,Pasif,87.44
14591,Vaniket %2.5 Jel,8698747340019,M02AA10,Aktif,76.41
14594,VANKOMYL 1000 MG I.V. INFüZYONLUK çöZELTI HAZıRLAMAK IçIN LIYOFILIZE TOZ,8680199759259,J01XA01,Aktif,77.87
14595,VANKOMYL 500 MG I.V. INFüZYONLUK çöZELTI HAZıRLAMAK IçIN LIYOFILIZE TOZ,8680199759242,J01XA01,Aktif,77.72
14596,VANKOPOL 1000 MG I.V. İNFÜZYONLUK VE ORAL ÇÖZELTİ HAZIRLAMAK İÇİN LIYOFILIZE TOZ,8699606795407,J01XA01,Aktif,72.75
14609,"VAQTA 25 U / 0,5 ML ÇOCUKLAR İÇİN ENJEKSİYONLUK SÜSPANSİYON İÇEREN KULLANIMA HAZIR ENJEKTÖR",8699636961360,J07BC02,Pasif,73.8
14623,VARIVAX 0.5ML SÜSPANSIYON HAZIRLAMAK İÇIN LIYOFILIZE TOZ İÇEREN FLAKON VE ÇÖZÜCÜ İÇEREN KULLANIMA HAZIR ENJEKTÖR (ÜRETIM YERI: DURHAM),8699636950159,J07BK01,Aktif,70.78
14625,VARLES 25MG FILM KAPLI TABLET,8680881092428,M01AE17,Pasif,70.28
14627,VARONI 20 MG FILM KAPLı TABLET,8680352000563,G04BE09,Aktif,70.4
14628,VASANORM  10  MG  TABLET,8699828010197,C08CA01,Pasif,70.5
14629,VASANORM  5  MG  TABLET,8699828010371,C08CA01,Pasif,70.22
14634,VASILOL 5MG TABLET,8699517011887,C07AB12,Pasif,86.65
14636,VASOCARD 10 MG TABLET,8699517014017,C08CA01,Pasif,83.15
14637,VASOCARD 5 MG TABLET,8699517014000,C08CA01,Pasif,83.0
14638,VASOFIX 20 MG FILM KAPLI TABLET,8680881090219,C01EB15,Pasif,73.43
14641,VASOSERC 16MG AĞIZDA ERIYEN TABLET,8699514070047,N07CA01,Pasif,71.28
14642,VASOSERC 24MG AĞIZDA ERIYEN TABLET,8699514070047,N07CA01,Pasif,70.64
14643,VASOSERC 8 MG TABLET,8699514018568,N07CA01,Aktif,77.2
14644,VASOSERC 8MG AĞIZDA ERIYEN TABLET,8699514070047,N07CA01,Pasif,72.33
14645,VASOSERC BID 24 MG TABLET,8699514018551,N07CA01,Aktif,77.58
14646,VASOSERC FORT 16 MG TABLET,8699514018544,N07CA01,Aktif,75.91
14647,VASOXEN 10 MG TABLET,8699832010220,C07AB12,Aktif,85.06
14648,VASOXEN 5 MG TABLET,8699832010206,C07AB12,Aktif,77.19
14651,"VASPARIN 25,000 IU/5 ML ENJEKSIYONLUK ÇÖZELTI İÇEREN FLAKON",8680184770047,B01AB01,Aktif,72.76
14654,VASTAREL MR 80 MG UZATILMIŞ ETKİLİ KAPSÜL,8699552150039,C01EB15,Aktif,73.19
14656,"VAXIVO 2,5 MG FILM KAPLı TABLET",8699527091404,B01AF02,Aktif,75.82
14657,VAXIVO 5 MG FILM KAPLı TABLET,8699527091428,B01AF02,Aktif,75.52
14664,VAZKOR 10MG TABLET,8699525012593,C08CA01,Pasif,80.64
14665,VAZKOR 5 MG TABLET,8699525012586,C08CA01,Pasif,85.5
14666,VEBULİS 10 MCG/ML NEBÜLİZATÖR İÇİN ÇÖZELTİ İÇEREN AMPUL,8699525750150,B01AC11,Aktif,78.05
14667,VEBULIS 20 MCG/ML NEBüLIZASYON ÇöZELTISI,8699525750150,B01AC11,Aktif,75.79
14675,VEFORIX 245 MG FILM KAPLı TABLET,8680131751860,J05AF07,Aktif,84.09
14677,VEGABON 70 MG TABLET,8699828010234,M05BA04,Aktif,82.15
14689,VEKLURY 100 MG İNFÜZYONLUK ÇÖZELTİ KONSANTRESİ İÇİN TOZ,8698760790327,J05AB16,Aktif,81.09
14690,VELARIX 400 MG FİLM TABLET,8699514093305,V03AE02,Pasif,72.41
14691,VELARİX 800 MG FİLM TABLET,8699514093305,V03AE02,Pasif,73.24
14693,"VELCADE 3,5 MG IV/SC ENJEKSİYONLUK ÇÖZELTİ İÇİN TOZ",8699593775017,L01XG01,Pasif,93.4
14697,"VELETRİ 0,5 MG INFüZYONLUK çöZELTI HAZıRLAMAK IçIN TOZ",8699593270017,B01AC09,Aktif,92.07
14698,"VELETRİ 1,5 MG INFüZYONLUK çöZELTI HAZıRLAMAK IçIN TOZ",8699593270024,B01AC09,Aktif,92.08
14699,VELMETIA 50/1000 MG FILM KAPLI TABLET,8699569091837,A10BD07,Pasif,73.78
14700,VELMETIA 50/500 MG FILM KAPLI TABLET,8699569091813,A10BD07,Pasif,73.77
14701,VELMETIA 50/850 MG FILM KAPLI TABLET,8699569091820,A10BD07,Pasif,75.1
14703,VELORIN OD 15 MG AĞIZDA DAĞILAN TABLET,8699638074495,N06AX11,Aktif,98.05
14704,VELORIN OD 30 MG AĞIZDA DAĞILAN TABLET,8699638074501,N06AX11,Aktif,98.07
14705,VELORIN OD 45 MG AĞIZDA DAĞILAN TABLET,8699638074518,N06AX11,Aktif,98.1
14706,VELP 500 MG TABLET,8680199002966,J05AX05,Aktif,74.53
14713,VEMCAINE % 10 PUMP SPREY ÇÖZELTİ,8699844510046,N01BB02,Aktif,73.96
14716,VEMLİDY 25 MG FİLM KAPLI TABLET,8698760090229,J05AF13,Aktif,76.41
14717,VENAPERTA  10000  ANTI-XA  IU/1  ML  ENJEKSIYONLUK  ÇöZELTI  İçEREN  KULLANıMA  HAZıR  ENJEKTöR,8699606954774,B01AB05,Pasif,84.45
14718,"VENAPERTA  2000  ANTI-XA  IU/0,2  ML  ENJEKSIYONLUK  ÇöZELTI  İçEREN  KULLANıMA  HAZıR  ENJEKTöR",8699606954743,B01AB05,Pasif,84.39
14719,"VENAPERTA  4000  ANTI-XA  IU/0,4  ML  ENJEKSIYONLUK  ÇöZELTI  İçEREN  KULLANıMA  HAZıR  ENJEKTöR",8699606954750,B01AB05,Aktif,84.53
14720,"VENAPERTA  6000  ANTI-XA  IU/0,6  ML  ENJEKSIYONLUK  ÇöZELTI  İçEREN  KULLANıMA  HAZıR  ENJEKTöR",8699606954767,B01AB05,Aktif,84.71
14722,VENCLYXTO 10 MG FİLM KAPLI TABLET,8680656080438,L01XX52,Aktif,76.08
14723,VENCLYXTO 100 MG FİLM KAPLI TABLET,8680656080452,L01XX52,Aktif,76.53
14724,VENCLYXTO 50 MG FİLM KAPLI TABLET,8680656080445,L01XX52,Aktif,76.45
14725,VENEGIS 150 MG UZATILMIŞ SALIMLI SERT KAPSÜL,8697786170052,N06AX16,Pasif,75.41
14726,VENEGIS 37.5 MG UZATILMIŞ SALIMLI SERT KAPSÜL,8697786170014,N06AX16,Pasif,76.09
14727,VENEGIS 75 MG UZATILMIŞ SALIMLI SERT KAPSÜL,8697786170038,N06AX16,Pasif,75.49
14728,VENEGİS XR 150 MG UZATILMIŞ SALIMLI SERT KAPSÜL,8699738170035,N06AX16,Aktif,77.24
14729,VENEGIS XR 150 mg Uzatılmış Salımlı Sert Kapsül,8699738170035,N06AX16,Aktif,81.86
14730,VENEGIS XR 150 UZATILMIŞ SALIMLI SERT KAPSÜL,8697786170052,N06AX16,Pasif,77.67
14731,"VENEGİS XR 37,5 MG UZATILMIŞ SALIMLI SERT KAPSÜL",8697786170014,N06AX16,Pasif,76.8
14732,"VENEGİS XR 37,5 MG UZATILMIŞ SALIMLI SERT KAPSÜL",8699738170011,N06AX16,Aktif,80.26
14733,"VENEGİS XR 37,5 MG UZATILMIŞ SALIMLI SERT KAPSÜL",8699738170011,N06AX16,Aktif,80.26
14734,"VENEGİS XR 37,5 MG UZATILMIŞ SALIMLI SERT KAPSÜL",8699738170011,N06AX16,Aktif,80.26
14735,"VENEGIS XR 37,5 UZATILMIŞ SALIMLI SERT KAPSÜL",8697786170014,N06AX16,Pasif,78.27
14736,VENEGİS XR 75 MG UZATILMIŞ SALIMLI SERT KAPSÜL,8699738170028,N06AX16,Aktif,77.32
14737,VENEGIS XR 75 mg Uzatılmış Salımlı Sert Kapsül,8699738170028,N06AX16,Aktif,81.92
14738,VENEGIS XR 75 UZATILMIŞ SALIMLI SERT KAPSÜL,8697786170038,N06AX16,Pasif,77.74
14744,VENLADEP XR 150MG MİKROPELLET KAPSÜL,8699680170046,N06AX16,Pasif,75.39
14745,VENLADEP XR 37.5MG MİKROPELLET KAPSÜL,8699680170022,N06AX16,Pasif,76.79
14746,VENLADEP XR 75MG MİKROPELLET KAPSÜL,8699680170039,N06AX16,Pasif,78.41
14756,VENT-O-SAL 100 MCG İNHALER,8699569520016,R03AC02,Pasif,71.98
14757,VENTACORT 100 MCG AEROSOL İNHALER,8680199522501,R03AC02,Aktif,82.11
14759,VENTILAR 10 MG FILM TABLET,8699523090739,R03DC03,Pasif,72.84
14760,VENTİLAR 10 MG FİLM TABLET,8698778084838,R03DC03,Pasif,79.29
14761,VENTILAR 4 MG ÇIĞNEME TABLETI,8699523080037,R03DC03,Pasif,86.33
14762,VENTİLAR 4 MG ÇİĞNEME TABLETİ,8698778084838,R03DC03,Pasif,71.0
14763,VENTILAR 5 MG ÇIĞNEME TABLETI,8699523080044,R03DC03,Pasif,86.2
14764,VENTİLAR 5 MG ÇİĞNEME TABLETİ,8698778084838,R03DC03,Pasif,71.3
14766,"VENTOFOR COMBI FIX 320 MCG/ 9 MCG İNHALASYON TOZU, SERT KAPSüL",8699569550143,R03AK07,Aktif,77.84
14767,VENTOFOR İNHALER KAPSÜL,8699569550013,R03AC13,Pasif,86.84
14768,VENTOFOR-COMBI 12 MCG/200 MCG İNHALER KAPSÜL,8699569550129,R03AK07,Pasif,79.89
14769,VENTOFOR-COMBI 12 MCG/400 MCG İNHALER KAPSÜL,8699569550136,R03AK07,Pasif,80.07
14771,VENTOLIN 2 MG/5 ML şURUP,8699522571413,R03CC02,Aktif,85.06
14772,"VENTOLIN 2,5 MG/2,5 ML NEBÜLİZASYON ÇÖZELTİSİ",8699522521494,R03AC02,Aktif,70.04
14776,VENTOSAL  2  MG/5  ML  şURUP,8699569570264,R03CC02,Aktif,90.16
14778,VENTOSAL 2.5 MG/2.5 ML NEBÜLİZASYON İÇİN İNHALASYON ÇÖZELTİSİ İÇEREN TEK DOZLUK FLAKON,8699569520085,R03AC02,Aktif,84.16
14782,Verapin 180 mg/2 mg Film Tablet,8699680090764,C09BB10,Aktif,84.69
14783,Verapin Forte 240 mg/4 mg Film Tablet,8699680090771,C09BB10,Aktif,86.06
14787,VERİDEX 1 MG FİLM TABLET,8699525098153,L02BG03,Aktif,75.82
14788,VERMAZOL 100 MG ÇIğNEME TABLETI,8699508080021,P02CA01,Aktif,87.36
14792,"VEROXICAM 15 MG/1,5 ML ENJEKSIYONLUK ÇöZELTI",8680222750482,M01AC06,Pasif,75.9
14797,VERTEBZOL 5 MG/100 ML I.V. İNFüZYONLUK ÇöZELTI,8699584690015,M05BA08,Pasif,81.43
14800,VERTISERC  16 MG TABLET,8699559010091,N07CA01,Pasif,75.4
14803,VERXANT 150 MG/1 ML  ENJEKSİYONLUK ÇÖZELTİ İÇEREN KULLANIMA HAZIR KALEM,8699074950452,L04AC10,Aktif,96.18
14804,VERXANT 300MG/2ML ENJEKSIYONLUK ÇöZELTI İçEREN KULLANıMA HAZıR KALEM,8699074950452,L04AC10,Aktif,85.57
14807,VESICARE 10 MG FILM TABLET,8699043890376,G04BD08,Aktif,77.81
14808,VESICARE 5 MG FILM TABLET,8699043890369,G04BD08,Aktif,77.67
14817,VETRIA 100 MG/ML ORAL ÇÖZELTİ,8699578654818,N03AX14,Pasif,80.94
14818,VETRİA 1000 MG FİLM KAPLI TABLET,8699578094836,N03AX14,Aktif,72.69
14819,VETRIA 250 MG FİLM TABLET,8699578094812,N03AX14,Pasif,76.88
14820,VETRİA 500 MG FİLM KAPLI TABLET,8699578094836,N03AX14,Aktif,70.13
14821,VEXOL %1 STERIL OFTALMIK SÜSPANSIYON,8699760710049,S01BA13,Pasif,75.16
14822,VEXPERDA  360 MG FILM KAPLI TABLET,8699074090851,V03AC03,Aktif,78.05
14823,VEXPERDA  90 MG FILM KAPLı TABLET,8699074090813,V03AC03,Aktif,76.84
14824,VEXPERDA 180 MG FILM KAPLı TABLET,8699074090837,V03AC03,Aktif,88.45
14826,VFEND 200 MG FILM KAPLI TABLET,8681308091116,J02AC03,Aktif,79.12
14827,VFEND 40 MG/ML ORAL SüSPANSİYON HAZIRLAMAK İÇİN TOZ,8681308281050,J02AC03,Pasif,72.14
14828,VFEND 50 MG FİLM KAPLI TABLET,8681308091116,J02AC03,Aktif,74.42
14832,VIAGRA 100 MG FİLM KAPLI TABLET,8699532095909,G04BE03,Aktif,73.41
14834,VİAGRA 50 MG AĞIZDA DAĞILAN TABLET,8699532057549,G04BE03,Pasif,74.86
14835,VIAGRA 50 MG FİLM KAPLI TABLET,8699532095909,G04BE03,Aktif,71.75
14847,VİCTOZA 6 MG/ML ENJEKSİYONLUK ÇÖZELTİ İÇEREN KULLANIMA HAZIR  KALEM,8699676950928,A10BJ02,Aktif,75.16
14848,VICTRELIS 200 MG SERT KAPSÜL,8699636150566,J05AP03,Pasif,85.21
14849,VICTRELIS 200 MG SERT KAPSÜL,8699636150566,J05AP03,Pasif,89.39
14853,VIDAZA 100 MG SC ENJEKSIYONLUK SüSPANSIYON İçIN TOZ İçEREN FLAKON,8699726260014,L01BC07,Aktif,85.02
14855,VIEKIRAX 12.5 MG/75 MG/50 MG FILM KAPLI TABLET,8680656080346,J05AP53,Pasif,71.97
14857,VIGAROO 100 MG FILM TABLET KT,8680760090156,G04BE03,Pasif,87.78
14858,VIGAROO 25 MG FILM TABLET,8680760090156,G04BE03,Pasif,88.81
14863,VIGRANDE 100 MG FILM KAPLI TABLET,8699502091894,G04BE03,Aktif,85.44
14864,VIGRANDE 50 MG FILM KAPLI TABLET,8699502091641,G04BE03,Aktif,85.35
14865,VİKİSEF 1 G IV ENJEKSIYONLUK/INFüZYONLUK çöZELTI HAZıRLAMAK IçIN TOZ VE çöZüCü,8681281000242,J01DD04,Aktif,72.32
14870,VİLCOZA 50 MG TABLET,8680008000299,A10BH02,Aktif,81.42
14871,VİLDABET 50 mg Tablet,8699680010212,A10BH02,Aktif,88.55
14872,VILDABET MET 50 MG/1000 MG FILM KAPLı TABLET,8699680091655,A10BD08,Aktif,86.9
14873,VILDABET MET 50 MG/850 MG FILM KAPLı TABLET,8699680091648,A10BD08,Aktif,87.38
14875,VILDAMAX 50 MG/1000 MG FILM KAPLı TABLET,8699569093015,A10BD08,Aktif,82.86
14876,VILDAMAX 50 MG/850 MG FILM KAPLı TABLET,8699680091648,A10BD08,Aktif,83.34
14877,VİLDEGA 50 MG TABLET,8699569011439,A10BH02,Aktif,86.62
14880,VILDEXA 50 MG TABLET,8699569011439,A10BH02,Aktif,81.51
14883,VIN-D 3 2000 IU FILM KAPLI TABLET,8680150090094,A11CC05,Aktif,71.45
14890,VINCRISTINE - KOÇAK 2 MG/2ML ENJEKSIYONLUK SOLÜSYON İÇEREN FLAKON,8699828770145,L01CA02,Aktif,72.79
14891,VINCRISTINE SULFATE DBL 1 MG/1 ML ENJEKTABL SOLÜSYON,8699643770122,L01CA02,Pasif,80.48
14892,VINCRISTINE SULFATE DBL 2 MG/2 ML ENJEKTABL SOLÜSYON,8699643770139,L01CA02,Pasif,80.87
14894,VINKO 1MG/ML I.V. INFÜZYON IÇIN ÇÖZELTI IÇEREN FLAKON,8699828690085,L01CA01,Aktif,86.61
14899,VIPRAZOL  200  MG  I.V. İNFüZYONLUK ÇöZELTI İçIN TOZ İçEREN FLAKON,8680199759204,J02AC03,Aktif,80.48
14908,VIRAMUNE 200 MG TABLET,8699693010056,J05AG01,Pasif,81.25
14912,VIREAD 245 MG FILM KAPLı TABLET-TAKEDA,8698760090014,J05AF07,Aktif,73.68
14913,VIREAD 245 MG FILM TABLET-GİLEAD,8698760090014,J05AF07,Aktif,89.15
14914,VIREAD 245 MG FILM TABLET-PANTHEON,8698760090014,J05AF07,Aktif,85.66
14927,VIRON 400 MG FILM KAPLı TABLET,8680833150022,J05AP01,Pasif,78.48
14928,VIRON 600 MG FILM KAPLı TABLET,8680833150022,J05AP01,Pasif,78.06
14936,VISANNE 2 MG TABLET,8699546010035,G03DB08,Aktif,98.87
14944,"VISINE 0.5 MG/ML GÖZ DAMLASI, ÇÖZELTİ",8683873461424,S01GA02,Aktif,77.48
14952,VISUDYNE INFüZYON SOLüSYONU IçIN TOZ 15 MG,8699504260151,S01LA01,Pasif,81.79
14959,VİTACEF 400 MG EFERVESAN TABLET,8699976020840,J01DD08,Pasif,70.54
14964,VITAMIN A-POS GÖZ MERHEMI,8699702441116,S01XA02,Pasif,81.24
14965,VITAMIN-A-POS 250 IU/G GÖZ MERHEMI,8699702441116,S01XA02,Pasif,75.56
14966,VİTASETRON 3MG/3ML İV ENJEKSİYON VE İNFÜZYON İÇİN ÇÖZELTİ İÇEREN AMPUL,8697507750099,A04AA02,Pasif,73.5
14967,VITAX 100 MG/ 16.7 ML IV INFÜZYON IÇIN STERIL KONSANTRE ÇÖZELTI IÇEREN FLAKON,8699769770112,L01CD01,Pasif,79.24
14968,VITAX 30 MG/5 ML IV INFÜZYON IÇIN STERIL KONSANTRE ÇÖZELTI IÇEREN FLAKON,8699769770105,L01CD01,Pasif,77.93
14969,VITAX 300 MG/50 ML IV INFÜZYON IÇIN STERIL KONSANTRE ÇÖZELTI IÇEREN FLAKON,8699769770129,L01CD01,Pasif,79.04
14971,VİTOEL-D3 20.000 I.U. YUMUŞAK KAPSÜL,8680080000392,A11CC05,Aktif,71.32
14972,"VITPSO %0,1 JEL",8699561340056,D05AD02,Aktif,70.81
14974,VITRAKVI 100 MG SERT KAPSÜL,8699546156399,L01EX12,Aktif,83.11
14975,VITRAKVI 20 MG/ML ORAL ÇÖZELTİ,8699546650040,L01EX12,Aktif,81.1
14976,VITRAKVI 25 MG SERT KAPSÜL,8699546156399,L01EX12,Aktif,81.52
14985,VIZIMPRO 15 MG FILM KAPLı TABLET,8681308091130,L01EB07,Aktif,78.49
14986,VIZIMPRO 30 MG FILM KAPLı TABLET,8681308091147,L01EB07,Aktif,78.29
14987,VIZIMPRO 45 MG FILM KAPLı TABLET,8681308091154,L01EB07,Aktif,78.9
14991,VOCHERON 4 MG/2 ML IM/IV ENJEKSIYONLUK/İNFüZYONLUK ÇöZELTI,8680712750022,A04AA01,Pasif,78.32
14992,VOCHERON 8 MG/4 ML IM/IV ENJEKSIYONLUK/İNFÜZYONLUK ÇÖZELTİ,8680712750015,A04AA01,Pasif,78.42
14993,VODELAX 20 MG FILM TABLET,8699536090672,N06AB04,Pasif,83.67
14994,VODELAX 40 MG FILM TABLET,8699536090702,N06AB04,Pasif,83.94
14995,VOGAST 30 MG ENTERIK MIKROPELLET KAPSÜL,8699479160029,A02BC03,Pasif,91.82
14997,VOLEFLOK 500 MG FİLM KAPLI TABLET,8699828090298,J01MA12,Pasif,78.23
14998,VOLEFLOK 500 MG/100 ML I.V. INFÜZYONLUK ÇÖZELTİ,8699828690016,J01MA12,Pasif,80.02
14999,VOLEFLOK 750 MG FILM TABLET,8699828090830,J01MA12,Pasif,74.59
15000,VOLEFLOK 750 MG/150 ML I.V. İNFÜZYON İÇIN ÇÖZELTI İÇEREN FLAKON,8699828690054,J01MA12,Pasif,74.61
15004,VOLFENAKS 75 MG AMPUL,8699508750528,M01AB05,Pasif,79.18
15005,VOLIBRIS 10 MG FILM KAPLI TABLET,8699522091263,C02KX02,Aktif,92.69
15006,VOLIBRIS 5 MG FILM KAPLI TABLET,8699522091171,C02KX02,Aktif,92.65
15007,VOLİMRA 10 MG FİLM KAPLI TABLET,8699525090799,C02KX02,Aktif,77.94
15008,VOLİMRA 5 MG FİLM KAPLI TABLET,8699525090782,C02KX02,Aktif,77.74
15010,VOLPAN 120 MG/5 ML PEDİATRİK ŞURUP,8699570570017,N02BE01,Pasif,84.63
15011,VOLPAN 600 MG SUPOZİTUVAR,8699570010025,N02BE01,Pasif,71.95
15015,VOLPAN TABLET,8699570010025,N02BE01,Pasif,88.44
15023,"VOLTAREN EMULGEL FORTE %2,32 JEL",8681291340420,M02AA15,Aktif,78.52
15025,VOLTAREN SR 75 MG FİLM KAPLI TABLET,8699504030471,M01AB05,Aktif,74.91
15033,VONAXİ 250MCG/5ML İ.V. ENJEKSİYONLUK ÇÖZELTİ İÇEREN FLAKON,8699844771003,A04AA05,Aktif,76.65
15038,VOPAZZI 200 MG FILM KAPLı TABLET,8699525099716,L01EX03,Aktif,83.84
15039,VOPAZZI 400 MG FILM KAPLı TABLET,8699525099723,L01EX03,Aktif,83.52
15047,VORENT 200 MG FILM KAPLI TABLET,8699738090418,J02AC03,Aktif,76.11
15050,VORİGEN 200 MG IV İNFÜZYON ÇÖZELTİSİ İÇİN TOZ,8699783260019,J02AC03,Aktif,76.73
15052,VORIKANDIN 200 MG I.V. INFüZYONLUK çöZELTI HAZıRLAMAK IçIN TOZ,8699606264729,J02AC03,Aktif,87.97
15053,VORISPER 200 MG FILM KAPLı TABLET,8699540022911,J02AC03,Aktif,83.7
15055,VORİX 200MG I.V. İNFÜZYON ÇÖZELTİSİ İÇİN TOZ İÇEREN FLAKON,8681735260086,J02AC03,Aktif,70.45
15056,VORZOL 200 MG FILM TABLET,8699516098995,J02AC03,Pasif,79.34
15057,VORZOL 50 MG FILM TABLET,8699516098988,J02AC03,Pasif,79.07
15059,VOSEVI 400 MG /100 MG /100 MG FILM KAPLı TABLET,8698760090243,J05AP56,Aktif,86.16
15060,VOTRIENT 200 MG FILM KAPLI TABLET,8699504092134,L01EX03,Aktif,90.78
15061,VOTRIENT 400 MG FILM KAPLI TABLET,8699504092165,L01EX03,Aktif,90.41
15062,VOTRON 250 μG / 5 ML İ.V. ENJEKSIYONLUK çöZELTI IçEREN FLAKON,8699702772005,A04AA05,Aktif,95.41
15070,VPRIV 400 ÜNİTE İNFÜZYONLUK ÇÖZELTİ HAZIRLAMAK İÇİN TOZ,8699943790073,A16AB10,Aktif,89.65
15075,"VULGAREX %7,5 JEL",8699738340582,D10AX05,Aktif,88.67
15076,VYNDAQEL  61  MG  YUMUşAK  KAPSüL,8681308191007,N07XX08,Aktif,91.52
15077,VYNDAQEL 20 MG YUMUşAK KAPSüL,8681308191014,N07XX08,Aktif,82.85
15079,"VYZULTA 0,24 MG/ML GöZ DAMLASı, ÇöZELTI",8681738610048,S01EE06,Aktif,98.06
15081,WANSAAR 160 MG FILM TABLET,8680760090231,C09CA03,Pasif,98.75
15082,WANSAAR 320 MG FILM KAPLı TABLET,8680760090248,C09CA03,Pasif,89.79
15083,WANSAAR 80 MG FILM TABLET,8680760090224,C09CA03,Pasif,98.71
15089,WARFMADİN 10 MG TABLET,8699502014138,B01AA03,Aktif,73.97
15090,WARFMADİN 5 MG TABLET,8699502014121,B01AA03,Aktif,70.3
15091,WARSU 5 MG TABLET,8680941002084,B01AA03,Aktif,77.62
15092,"WEGOVY 0,25 MG ENJEKSIYONLUK ÇöZELTI İçEREN KULLANıMA HAZıR KALEM",8699676951321,A10BJ06,Aktif,88.07
15093,"WEGOVY 0,5 MG ENJEKSIYONLUK ÇöZELTI İçEREN KULLANıMA HAZıR KALEM",8699676951338,A10BJ06,Aktif,87.97
15094,WEGOVY 1 MG ENJEKSIYONLUK ÇöZELTI İçEREN KULLANıMA HAZıR KALEM,8699676951345,A10BJ06,Aktif,87.99
15095,"WEGOVY 1,7 MG ENJEKSIYONLUK ÇöZELTI İçEREN KULLANıMA HAZıR KALEM",8699676951352,A10BJ06,Aktif,88.12
15096,"WEGOVY 2,4 MG ENJEKSIYONLUK ÇöZELTI İçEREN KULLANıMA HAZıR KALEM",8699676951369,A10BJ06,Aktif,88.02
15097,WELLBUTRIN XL 150 MG YAVAŞ SALIMLI FILM KAPLI TABLET,8699522032815,N06AX12,Aktif,86.98
15098,WELLBUTRIN XL 300 MG YAVAŞ SALIMLI FILM KAPLI TABLET,8699522032846,N06AX12,Aktif,87.01
15103,WELRIS 1 MG FILM TABLET,8697936092180,N05AX08,Pasif,74.21
15104,WELRIS 2 MG FILM TABLET,8697936092180,N05AX08,Pasif,74.08
15105,WELRIS 3 MG FILM TABLET,8697936092180,N05AX08,Pasif,74.12
15106,WELRIS 4 MG FILM TABLET,8697936092180,N05AX08,Pasif,73.88
15111,WİNCEF 180 MG/5 ML ORAL SÜSPANSIYON HAZIRLAMAK İÇIN KURU TOZ,8697927280411,J01DD14,Pasif,85.37
15112,WINCEF 200MG FILM KAPLI TABLET,8697927090188,J01DD14,Pasif,75.99
15113,WINCEF 400 MG FILM KAPLI TABLET,8697927090164,J01DD14,Aktif,80.01
15114,WİNCEF 90 MG/5 ML ORAL SÜSPANSIYON HAZIRLAMAK İÇIN KURU TOZ,8697927280404,J01DD14,Aktif,84.81
15120,"WİNRHO SDF 1500 IU (300 MCG)/1,3 ML IV/IM ENJEKSİYONLUK ÇÖZELTİ",8699733980769,J06BB01,Aktif,80.62
15121,"WİNRHO SDF 600 IU (120 MCG)/0,5 ML IV/IM ENJEKSİYONLUK ÇÖZELTİ",8699733980769,J06BB01,Aktif,74.06
15127,XADAGO 100 MG FILM KAPLı TABLET,8699769090234,N04BD03,Aktif,79.37
15128,XADAGO 50 MG FILM KAPLı TABLET,8699769090227,N04BD03,Aktif,79.27
15130,"XALACOM %0,005+%0,5 GÖZ DAMLASI, ÇÖZELTİ",8699759610015,S01EE01,Aktif,71.43
15131,"XALATAN %0.005 GÖZ DAMLASI, ÇÖZELTİ",8699759610015,S01EE01,Aktif,81.94
15132,XALFU XL 10 MG UZATILMIŞ SALIMLI TABLET,8699586032707,G04CA01,Aktif,89.01
15133,XALKORI 200 MG KAPSÜL,8681308159151,L01ED01,Aktif,85.42
15134,XALKORI 250 MG KAPSÜL,8681308159168,L01ED01,Aktif,85.52
15135,XAMATE 100 MG FILM KAPLI TABLET,8699293095248,N03AX11,Pasif,80.77
15136,XAMATE 100 MG FILM KAPLI TABLET,8699293095248,N03AX11,Pasif,92.5
15137,XAMATE 200 MG FILM KAPLI TABLET,8699293095248,N03AX11,Pasif,83.48
15138,XAMATE 200 MG FILM KAPLI TABLET,8699293095248,N03AX11,Pasif,94.86
15139,XAMATE 25 MG FILM KAPLI TABLET,8699293095217,N03AX11,Pasif,80.39
15140,XAMATE 25 MG FILM KAPLI TABLET,8699293095248,N03AX11,Pasif,91.87
15141,XAMATE 50 MG FİLM KAPLI TABLET,8699293095248,N03AX11,Pasif,79.5
15142,XAMATE 50 MG FILM KAPLI TABLET,8699293095248,N03AX11,Pasif,80.66
15143,XANAX 0.5 MG TABLET,8699532017802,N05BA12,Aktif,75.13
15144,XANAX 1 MG TABLET,8699532017819,N05BA12,Aktif,74.87
15149,XAPTO 350 MG ENJEKSİYONLUK ÇÖZELTİ HAZIRLAMAK İÇİN TOZ,8681735790644,J01XX09,Aktif,82.79
15150,XAPTO 500 MG ENJEKSİYONLUK ÇÖZELTİ HAZIRLAMAK İÇİN TOZ,8681735790644,J01XX09,Aktif,85.69
15151,XARELTO 10 MG FİLM KAPLI TABLET,8699546093885,B01AF01,Aktif,76.26
15152,XARELTO 15 MG FILM KAPLI TABLET,8699546090136,B01AF01,Pasif,78.77
15153,"XARELTO 2,5 MG FILM KAPLI TABLET",8699546090150,B01AF01,Pasif,82.39
15154,XARELTO 20 MG FILM KAPLI TABLET,8699546090150,B01AF01,Pasif,78.53
15160,XATRAL XL 10 MG  DENETIMLI SALıMLı TABLET,8699809037748,G04CA01,Aktif,74.08
15163,XELJANZ 5 MG FİLM KAPLI TABLET,8681308090003,L04AF01,Aktif,74.63
15164,XELJANZ XR 11 MG UZATILMIŞ SALIMLI FILM KAPLI TABLET,8681308031044,L04AF01,Aktif,81.17
15165,XELTABİN 150 MG FİLM KAPLI TABLET,8699638093854,L01BC06,Aktif,73.72
15166,XELTABİN 500 MG FİLM KAPLI TABLET,8699638093861,L01BC06,Aktif,72.65
15173,XENABİ FORTE 120 MG KAPSÜL,8681801150914,A08AB01,Pasif,96.16
15176,XENDRO 5 MG/100 ML IV İNFÜZYON İÇİN ÇÖZELTİ İÇEREN FLAKON,8681735690296,M05BA08,Aktif,80.51
15177,XENETIX 300 (300 MG IYOT/ML) ENJEKSIYONLUK SOLÜSYON,8699679774101,V08AB11,Pasif,73.19
15178,XENETIX 350 (350 MG İYOT/ML) ENJEKSIYONLUK SOLÜSYON,8699679774200,V08AB11,Pasif,74.62
15179,XENICAL 120 MG SERT KAPSÜL,8682340179046,A08AB01,Aktif,92.84
15181,XEPLİON 100 MG/1 ML İ.M. ENJEKSİYON İÇİN UZUN SALIMLI SÜSPANSİYON İÇEREN KULLANIMA HAZIR ENJEKTÖR,8699593950063,N05AX13,Aktif,72.34
15182,XEPLİON 150 MG/1.50 ML İ.M. ENJEKSİYON İÇİN UZUN SALIMLI SÜSPANSİYON İÇEREN KULLANIMA HAZIR ENJEKTÖR,8699593950070,N05AX13,Aktif,72.68
15183,XEPLİON 50 MG/0.5 ML İ.M. ENJEKSİYON İÇİN UZUN SALIMLI SÜSPANSİYON İÇEREN KULLANIMA HAZIR ENJEKTÖR,8699593950049,N05AX13,Aktif,72.44
15184,XEPLİON 75 MG/0.75 ML İ.M. ENJEKSİYON İÇİN UZUN SALIMLI SÜSPANSİYON İÇEREN KULLANIMA HAZIR ENJEKTÖR,8699593950056,N05AX13,Aktif,72.81
15187,XFEBRİL 10 MG/ML İ.V. İNFÜZYON İÇİN KONSANTRE ÇÖZELTİ İÇEREN FLAKON,8681735690159,N02BE01,Aktif,72.84
15188,XGEVA 120 MG SC ENJEKSİYONLUK ÇÖZELTİ,8699862770125,M05BX04,Aktif,93.62
15196,XOLAIR 150 MG/ML ENJEKSIYONLUK ÇÖZELTI İÇEREN KULLANIMA HAZIR ENJEKTÖR,8699504270204,R03DX05,Aktif,93.64
15197,XOLAIR 75 MG/0.5 ML ENJEKSIYONLUK ÇÖZELTI İÇEREN KULLANIMA HAZIR ENJEKTÖR,8699504270211,R03DX05,Aktif,93.71
15206,XOSPATA  40  MG  FILM  KAPLı  TABLET,8699043890468,L01EX13,Aktif,97.06
15209,XPECTO PLUS 600 MG SAŞE,8699580240078,R05CB01,Pasif,70.56
15216,XTANDİ 40 MG YUMUŞAK KAPSÜL,8699043890017,L02BB04,Aktif,81.77
15217,XULTOPHY 100U/ML+3.6MG/ML SC ENJEKSIYONLUK ÇöZELTI İÇEREN KULLANIMA HAZIR KALEM,8699676950164,A10BJ02,Aktif,71.72
15222,YASMIN PLUS 3 MG/30 MCG/451 MCG+451 MCG FILM KAPLı TABLET,8699546093977,G03AA12,Aktif,83.4
15223,YASMIN® 3 MG/30 MCG FILM KAPLı TABLET,8699546093953,G03AA12,Aktif,72.59
15224,"YAZZ 3 MG/0,02 MG FILM KAPLI TABLET",8699546090051,G03AA12,Aktif,81.39
15229,YERVOY 200MG/40ML IV İNFÜZYONLUK ÇÖZELTİ KONSANTRESİ İÇEREN FLAKON,8699726764109,L01FX04,Aktif,85.19
15230,YERVOY 50MG/10ML  IV İNFÜZYONLUK ÇÖZELTİ KONSANTRESİ İÇEREN FLAKON,8699726764505,L01FX04,Aktif,84.95
15231,YESAFILI 40 MG/ML İNTRAVITREAL ENJEKSIYONLUK  ÇöZELTI,8699514770008,S01LA05,Aktif,87.19
15236,YOMESAN 500 MG TABLET,8699546011247,P02DA01,Aktif,70.65
15237,YONDELIS 1 MG IV KONSANTRE İNFüZYONLUK ÇöZELTI İçIN TOZ,8699650772737,L01CX01,Aktif,77.68
15238,YULAREB 100 MG FİLM KAPLI TABLET,8699673098289,L01EF03,Aktif,70.82
15239,YULAREB 150 MG FILM KAPLI TABLET,8699673098340,L01EF03,Aktif,73.68
15240,YULAREB 50 MG FİLM KAPLI TABLET,8699673098227,L01EF03,Aktif,70.71
15246,"ZADITEN % 0,025 GöZ DAMLASı, çöZELTI",8680177220023,S01GX08,Aktif,93.33
15247,ZADITEN 1 MG TABLET,8699504011050,R06AX17,Pasif,81.39
15249,ZADITEN SRO FILM TABLET,8699504030358,R06AX17,Pasif,83.13
15250,ZADITEN ŞURUP,8699504011050,R06AX17,Pasif,74.68
15251,ZADOSS 10 MG/10 ML İ.V. ENJEKSİYONLUK  ÇÖZELTİ  İÇEREN  FLAKON,8699511770025,L01DB06,Aktif,72.12
15258,ZALAIN %2 KREM,8699587352187,D01AC14,Aktif,71.22
15266,ZALTRAP 100 MG/4 ML I.V. INFüZYONLUK çöZELTI HAZıRLAMAK IçIN KONSANTRE,8699809980037,L01XX44,Aktif,73.83
15267,ZALTRAP 200 MG/8 ML I.V. INFüZYONLUK çöZELTI HAZıRLAMAK IçIN KONSANTRE,8699809980020,L01XX44,Aktif,73.45
15271,ZANIPRESS 20 MG/20 MG FILM KAPLI TABLET,8699559090819,C09BB02,Aktif,79.61
15274,ZANNACEF 750 MG IM ENJEKSİYONLUK ÇÖZELTİ HAZIRLAMAK İÇİN TOZ VE ÇÖZÜCÜ,8680712270261,J01DC02,Pasif,78.74
15275,ZANNACEF 750 MG IM/IV ENJEKSIYONLUK ÇÖZELTİ HAZıRLAMAK İÇİN TOZ VE ÇÖZÜCÜ,8680712270261,J01DC02,Pasif,83.24
15276,ZANTAC 150 MG EFERVESAN TABLET,8699522574322,A02BA02,Pasif,74.88
15281,"ZARIDINEX % 0.3 STERIL GöZ DAMLASı, ÇöZELTI",8699702611540,S01AE01,Aktif,80.06
15282,"ZARZİO 30 MU/0,5 ML ENJEKSIYONLUK/INFüZYONLUK ÇÖZELTI İÇEREN KULLANIMA HAZIR ENJEKTöR",8681428951086,L03AA02,Aktif,91.16
15283,"ZARZİO 48 MU/0,5 ML ENJEKSIYONLUK/INFüZYONLUK ÇÖZELTİ İÇEREN KULLANıMA HAZıR ENJEKTöR",8681428951109,L03AA02,Aktif,91.45
15284,ZATERON 250 MG FİLM KAPLI TABLET,8699828091479,L02BX03,Aktif,77.41
15285,"ZATİFEX 1 MG/ML ORAL DAMLA, ÇöZELTI",8699705590057,R06AX17,Aktif,70.36
15288,ZAVESCA 100 MG KAPSÜL,8699593151262,A16AX06,Aktif,89.0
15289,"ZAVICEFTA 2 G/ 0,5 G INFüZYONLUK ÇÖZELTI HAZıRLAMAK IÇIN TOZ",8681308261007,J01DD52,Aktif,72.79
15292,ZEDPREX 20 MG KAPSÜL,8699587151841,N06AB03,Pasif,70.35
15294,ZEFFIX 100 MG FILM KAPLı TABLET,8699522096008,J05AF05,Aktif,86.36
15295,ZEFOMEN 100 MG FİLM TABLET,8699541093903,J05AF05,Pasif,79.76
15296,ZEJULA 100 MG FILM KAPLI TABLET,8699522099559,L01XK02,Aktif,77.39
15297,ZEJULA 100 MG SERT KAPSÜL,8699522154210,L01XK02,Aktif,80.71
15298,"ZELASS %0.05 GöZ DAMLASı, ÇöZELTI",8699525610065,S01GX07,Aktif,76.2
15299,"ZELASS-M % 0,05 GÖZ DAMLASI",8699525610065,S01GX07,Aktif,81.63
15300,ZELBORAF 240 MG FİLM KAPLI TABLET,8699505092560,L01EC01,Aktif,93.61
15301,ZELDOX 20 MG KAPSÜL,8699532151797,N05AE04,Aktif,74.3
15302,ZELDOX 40 MG KAPSÜL,8699532151810,N05AE04,Aktif,74.67
15303,ZELDOX 60 MG KAPSÜL,8699532151834,N05AE04,Aktif,74.67
15304,ZELDOX 80 MG KAPSÜL,8699532151858,N05AE04,Aktif,75.05
15308,ZEMPLAR 1 MIKROGRAM YUMUŞAK KAPSÜL,8680656080223,H05BX02,Pasif,76.53
15309,ZEMPLAR 2 MCG/ML I.V. ENJEKSIYONLUK ÇÖZELTI İÇEREN AMPUL 1 ML,8680656080261,H05BX02,Pasif,83.89
15310,ZEMPLAR 2 MIKROGRAM YUMUŞAK KAPSÜL,8680656080230,H05BX02,Pasif,76.59
15311,ZEMPLAR 4 MIKROGRAM YUMUŞAK KAPSÜL,8680656080223,H05BX02,Pasif,75.92
15316,"ZENALB %20, 100 ML IV İNFÜZYONLUK ÇöZELTİ",8697507980021,B05AA01,Aktif,82.58
15317,"ZENALB %20, 50 ML IV İNFÜZYONLUK ÇÖZELTİ",8697507980021,B05AA01,Aktif,81.54
15320,"ZENDOR 10 MG/ML ORAL DAMLA, ÇÖZELTİ",8699536590035,N06AB10,Pasif,75.66
15329,ZENO 180 MG FILM KAPLı TABLET,8699540023482,V03AC03,Aktif,86.85
15330,ZENO 360 MG FİLM KAPLI TABLET,8699540023499,V03AC03,Aktif,80.04
15331,ZENO 90 MG FİLM KAPLI TABLET,8699540023475,V03AC03,Aktif,78.17
15332,ZENO S 125 MG DAĞILABLİR TABLET,8699540030886,V03AC03,Aktif,74.87
15333,ZENO S 250 MG DAĞILABLİR TABLET,8699540030893,V03AC03,Aktif,74.25
15334,ZENO S 500 MG DAĞILABLİR TABLET,8699540030909,V03AC03,Aktif,73.93
15341,ZENUM 625 MG FİLM TABLET,8699680090818,C10AC04,Pasif,74.02
15342,ZEPAHEX 125 MG FILM KAPLI TABLET,8699502094086,C02KX01,Pasif,80.36
15343,ZEPAHEX 62.5 MG FILM TABLET,8699502094055,C02KX01,Pasif,82.44
15344,"ZEPOSIA 0,23MG VE 0,46MG SERT KAPSÜL TEDAVİYE BAŞLANGIÇ PAKETİ",8699726156102,L04AE02,Aktif,84.58
15345,"ZEPOSIA 0,92 MG SERT KAPSÜL",8699726156201,L04AE02,Aktif,90.71
15346,ZEPRID 200 MG TABLET,8699540014930,N05AL01,Pasif,86.77
15347,ZEPRID 50 MG KAPSÜL,8699540152304,N05AL01,Pasif,92.27
15349,ZERO-P 100 MG FİLM KAPLI TABLET,8699525095732,M01AE09,Aktif,80.33
15350,ZERO-P 200MG SR MIKROPELLET KAPSÜL,8699525178206,M01AE09,Aktif,94.26
15351,ZERONAT 3G SAŞE,8680053240015,J01XX01,Pasif,83.27
15352,ZESPIRA 10MG FILM KAPLI TABLET,8699569090502,R03DC03,Aktif,85.65
15353,ZESPİRA 4 MG ÇİĞNEME TABLETİ,8699569080091,R03DC03,Aktif,74.4
15354,ZESPIRA 4MG PEDIYATRIK ORAL GRANÜL İÇEREN SAŞE,8699569240082,R03DC03,Aktif,87.99
15355,ZESPIRA 5MG ÇIĞNEME TABLETI,8699569080060,R03DC03,Aktif,85.22
15358,ZESTAT 15 MG AğıZDA DAğıLAN TABLET,8699514070016,N06AX11,Aktif,75.45
15359,ZESTAT 15 MG/ML ORAL ÇÖZELTI,8699514650041,N06AX11,Aktif,70.43
15360,ZESTAT 30 MG AğıZDA DAğıLAN TABLET,8699514070023,N06AX11,Aktif,75.52
15361,ZESTAT 45 MG AğıZDA DAğıLAN TABLET,8699514070030,N06AX11,Aktif,76.02
15370,ZHEDON 10 MG FİLM KAPLI TABLET,8699566093346,N06DA02,Aktif,72.45
15371,ZHEDON 5 MG FİLM KAPLI TABLET,8699566093339,N06DA02,Pasif,71.68
15373,ZIAGEN 300 MG FİLM KAPLI TABLET,8699522096107,J05AF06,Aktif,70.7
15374,ZIAGEN ORAL SOLÜSYON 300 MG/15 ML,8699522096107,J05AF06,Aktif,72.88
15375,ZIAXE 250 MCG / 5 ML I.V. ENJEKSIYONLUK ÇöZELTI,8699606776642,A04AA05,Aktif,76.63
15379,ZİEXTENZO 6 MG/0.6 ML S.C. ENJEKSİYON İÇİN ÇÖZELTİ İÇEREN KULLANIMA HAZIR ENJEKTÖR,8681428951680,L03AA13,Aktif,85.99
15393,ZİNC-BEG 15 MG/5 ML PEDİYATRİK ŞURUP,8683801681009,A12CB01,Aktif,72.33
15399,ZINCO 220 KAPSÜL,8699591150267,A12CB01,Aktif,80.86
15405,ZINCO-KAŞIK 15MG/5ML ŞURUP,8699591570386,A12CB01,Aktif,78.08
15406,ZİNCOPLEX 15 MG / 5 ML ŞURUP,8681144039006,A12CB01,Aktif,76.45
15407,ZİNCOPLEX FORT 30 MG/5 ML ŞURUP,8681144039013,A12CB01,Aktif,77.16
15409,ZİNCOVER 15 MG/5 ML PEDIATRIK şURUP,8697675570017,A12CB01,Aktif,71.97
15410,ZİNFORT 110 MG/5 ML ŞURUP,8698613572018,A12CB01,Pasif,72.1
15415,ZINOMAG 30 MG/300 MG FILM KAPLı TABLET,8680150090018,A12C,Aktif,73.61
15422,ZİRABEV 100MG/4ML İNFÜZYONLUK ÇÖZELTİ,8681308771087,L01FG01,Aktif,72.84
15423,ZİRABEV 400MG/16ML İNFÜZYONLUK ÇÖZELTİ,8681308771094,L01FG01,Aktif,71.04
15437,ZIZOLID 100MG/5 ML İNFÜZYON ÇÖZELTISI İÇEREN FLAKON,8699578695217,J01XX08,Pasif,78.6
15438,ZIZOLID 2MG/ML İNFÜZYON ÇÖZELTISI İÇEREN FLAKON,8699578695217,J01XX08,Pasif,86.03
15439,ZIZOLID 400MG FILM TABLET,8699578285210,J01XX08,Pasif,78.01
15440,ZIZOLID 600 MG FILM TABLET,8699578285210,J01XX08,Pasif,81.49
15445,ZLYNDA 4 MG FILM KAPLı TABLET,8681026050914,G03AC10,Aktif,84.57
15447,ZOFER 4 MG FILM KAPLI TABLET,8699587091727,A04AA01,Aktif,94.33
15448,ZOFER 4 MG/2ML ENJEKSIYONLUK ÇöZELTI,8699587751706,A04AA01,Aktif,88.3
15449,ZOFER 8 MG FILM TABLET,8699587091734,A04AA01,Aktif,97.22
15450,ZOFER 8 MG/4 ML ENJEKSIYONLUK ÇöZELTI,8699587751713,A04AA01,Aktif,93.14
15455,ZOFRAN ZYDIS 4 MG HIZLI ÇÖZÜNEN DİL ÜSTÜ TABLET,8681428050710,A04AA01,Pasif,93.83
15456,ZOFRAN ZYDIS 8 MG HIZLI ÇÖZÜNEN DİL ÜSTÜ TABLET,8681428050710,A04AA01,Pasif,94.87
15458,ZOLADEX 3.6 MG DEPOT SUBKUTAN IMPLANT İÇEREN KULLANIMA HAZIR ENJEKTÖR,8699786880016,L02AE03,Aktif,86.34
15459,ZOLADEX LA 10.8MG DEPOT SUBKUTAN IMPLANT İÇEREN KULLANIMA HAZIR ENJEKTÖR,8699786880023,L02AE03,Aktif,82.74
15460,ZOLAMİD 15 MG / 3 ML IV/IM REKTAL KULLANIM İÇİN ÇÖZELTİ İÇEREN AMPUL,8681697750151,N05CD08,Aktif,71.32
15461,ZOLAMİD 5 MG / 5 ML IV/IM REKTAL KULLANIM İÇİN ÇÖZELTİ İÇEREN AMPUL,8681697750144,N05CD08,Pasif,70.8
15462,ZOLAMİD 50 MG / 10 ML IV / IM REKTAL KULLANIM İÇİN ÇÖZELTİ İÇEREN AMPUL,8681697750168,N05CD08,Pasif,70.98
15464,ZOLAPİNE 10 MG TABLET,8699523010539,N05AH03,Pasif,74.6
15465,ZOLAPİNE 15 MG TABLET,8699523010546,N05AH03,Pasif,75.07
15467,ZOLAPİNE 2.5 MG TABLET,8699523010515,N05AH03,Pasif,74.74
15469,ZOLAPİNE 20 MG TABLET,8699523010553,N05AH03,Pasif,74.7
15470,ZOLAPİNE 5 MG TABLET,8699523010522,N05AH03,Pasif,74.37
15473,ZOLAX  50 MG KAPSÜL,8699536150079,J02AC01,Aktif,78.31
15474,ZOLAX 100 MG KAPSÜL,8699536150109,J02AC01,Aktif,78.48
15476,ZOLAX 150 MG 1 KAPSÜL,8699536150086,J02AC01,Aktif,80.96
15477,ZOLAX 200 MG KAPSÜL,8699536150116,J02AC01,Aktif,78.76
15481,ZOLDRİA 4MG/5ML IV İNFÜZYON İÇİN KONSANTRE ÇÖZELTİ İÇEREN FLAKON,8681697760013,M05BA08,Pasif,70.22
15482,ZOLEDRIN 4 MG/5 ML I.V. İNFÜZYON İÇIN KONSANTRE ÇÖZELTI İÇEREN FLAKON,8699525766250,M05BA08,Pasif,72.65
15483,ZOLEGEN 4 MG/5 ML I.V. INFüZYON IçIN KONSANTRE çöZELTI IçEREN FLAKON,8699541760010,M05BA08,Aktif,70.99
15484,ZOLENAT IV 4MG/5 ML INFÜZYON IÇIN KONSANTRE ÇÖZELTI IÇEREN FLAKON,8699541760010,M05BA08,Aktif,88.06
15485,ZOLERİP 10 MG TABLET (İSTANBUL),8699638013883,N05AX12,Pasif,75.88
15486,ZOLERİP 10 MG TABLET (KOCAELİ),8699638013883,N05AX12,Pasif,76.23
15487,ZOLERİP 15 MG TABLET (İSTANBUL),8699638013890,N05AX12,Pasif,76.33
15488,ZOLERİP 15 MG TABLET (KOCAELİ),8699638013890,N05AX12,Pasif,76.67
15489,ZOLERİP 30 MG TABLET (İSTANBUL),8699638013906,N05AX12,Pasif,75.95
15490,ZOLERİP 30 MG TABLET (KOCAELİ),8699638013906,N05AX12,Pasif,76.29
15491,ZOLERİP 5 MG ÇENTİKLİ TABLET,8699638013876,N05AX12,Pasif,77.44
15494,ZOLESTO 5 MG/100 ML IV İNFÜZYONLUK ÇÖZELTİ,8699717690059,M05BA08,Aktif,78.59
15498,ZOLKA 5MG/100ML I.V. İNFÜZYON İÇİN KONSANTRE ÇÖZELTİ İÇEREN FLAKON,8680941002046,M05BA08,Pasif,74.74
15500,ZOLOPOROZ 5MG/100ML İV İNFÜZYON İÇİN ÇÖZELTİ İÇEREN FLAKON,8681697690013,M05BA08,Pasif,74.39
15501,ZOLTASTA 4MG/5ML I.V. İNFÜZYON İÇİN KONSANTRE ÇÖZELTİ İÇEREN FLAKON,8680199760088,M05BA08,Pasif,76.06
15502,ZOLTASTA 4MG/5ML I.V. İNFÜZYON İÇİN KONSANTRE ÇÖZELTİ İÇEREN FLAKON,8680199760088,M05BA08,Pasif,73.55
15504,ZOLTEM 4 MG/ 2 ML IV AMPUL,8699540752900,A04AA01,Pasif,90.05
15506,ZOLTEM 8 MG/ 4 ML IV AMPUL,8699540752900,A04AA01,Pasif,89.33
15507,ZOLTONAR 5 MG/100 ML İ.V. INFüZYON çöZELTISI IçEREN FLAKON,8680199690095,M05BA08,Aktif,86.71
15508,ZOMEBON 4MG/5ML INFÜZYON IÇIN KONSANTRE ÇÖZELTI,8699828760016,M05BA08,Pasif,73.28
15509,ZOMIG RAPILMENT 2.5MG TABLET,8699786090101,N02CC03,Pasif,85.87
15515,ZONTRON 4 MG/ 2 ML ENJEKSİYONLUK  ÇÖZELTİ,8699508750764,A04AA01,Pasif,83.69
15516,ZONTRON 8 MG/ 4 ML ENJEKSİYONLUK ÇÖZELTİ,8699508750771,A04AA01,Pasif,83.83
15517,ZOPHRALEN 4 MG/2 ML I.V. AMPUL,8699769750107,A04AA01,Pasif,89.98
15518,ZOPHRALEN 8 MG/4 ML I.V. AMPUL,8699769750114,A04AA01,Pasif,84.08
15519,ZOPROL 30 MG MIKROPELLET KAPSüL,8699622160265,A02BC03,Pasif,96.21
15520,ZOPROTEC 15 MG FİLM KAPLI TABLET,8699832090024,C09AA15,Aktif,82.6
15521,ZOPROTEC 30 MG FİLM KAPLI TABLET,8699832090048,C09AA15,Aktif,81.04
15523,ZORANTE %0.1 JEL,8699738340568,D05AX05,Aktif,85.44
15524,ZORANTE %0.1 KREM,8699738350703,D05AX05,Aktif,85.78
15526,ZORETANIN 10 MG YUMUŞAK JELATIN KAPSÜL,8699580190052,D10BA01,Aktif,77.88
15527,ZORETANIN 20 MG YUMUŞAK JELATIN KAPSÜL,8699580190069,D10BA01,Aktif,77.92
15528,ZORONIC 4MG/5ML IV İNFÜZYON İÇIN KONSANTRE ÇÖZELTI İÇEREN FLAKON,8699262760016,M05BA08,Pasif,77.13
15530,ZOVALOX  250  MG  İNFÜZYONLUK  ÇÖZELTI  HAZIRLAMADA KULLANILACAK KONSANTRE İÇİN TOZ,8680222790228,J05AB01,Pasif,82.6
15534,ZOVIRAX 200 MG/5 ML SÜSPANSIYON,8699522702398,J05AB01,Pasif,80.95
15535,ZOVIRAX 250 MG FLAKON,8699522792030,J05AB01,Pasif,86.07
15536,ZOVIRAX 400 MG TABLET,8699522792030,J05AB01,Pasif,79.24
15537,ZOVIRAX FORTE 400 MG/5 ML SÜSPANSIYON,8699522702398,J05AB01,Pasif,86.48
15539,ZPREXA VELOTAB15 MG AĞIZDA DAĞILABILIR TABLET,8699673057163,N05AH03,Aktif,79.53
15542,ZUTECTRA 500 IU/1 ML ENJEKSİYONLUK ÇÖZELTİ İÇEREN KULLANIMA HAZIR ENJEKTÖR,8699535980523,J06BB04,Aktif,92.27
15544,ZYDENA 100 MG FILM TABLET,8699514091424,G04BE11,Pasif,99.44
15546,ZYKADİA 150 MG KAPSÜL,8699504152050,L01ED02,Aktif,75.86
15553,ZYPREXA 10 MG IM ENJEKSIYONLUK SOLÜSYON İÇIN TOZ,8699673098043,N05AH03,Aktif,73.21
15555,"ZYPREXA 7,5 MG FILM KAPLI TABLET",8699673795133,N05AH03,Pasif,72.57
15556,ZYPREXA VELOTAB 10 MG AĞIZDA DAĞILABILIR TABLET,8699673057156,N05AH03,Aktif,70.95
15557,ZYPREXA VELOTAB 15 MG AĞIZDA DAĞILABILIR TABLET,8699673057163,N05AH03,Aktif,71.18
15558,ZYPREXA VELOTAB 20 MG AĞIZDA DAĞILABILIR TABLET,8699673057170,N05AH03,Aktif,70.99
15559,ZYPREXA VELOTAB 5 MG AĞIZDA DAĞILABILIR TABLET,8699673057149,N05AH03,Aktif,70.85
15563,ZYTIGA 250 MG TABLET,8699593015304,L02BX03,Aktif,88.11
15564,ZYTIGA 500 MG FILM KAPLı TABLET,8699593095450,L02BX03,Aktif,91.52
15565,ZYVOXID 20MG/ML ORAL SÜSPANSIYON İÇIN GRANÜL,8699532708380,J01XX08,Pasif,74.14
15566,ZYVOXID 600 MG FILM KAPLI TABLET,8681308091031,J01XX08,Aktif,95.03
15567,ZYZAPİN 10 MG FİLM  KAPLI TABLET,8699578095222,N05AH03,Aktif,79.4
15568,ZYZAPIN 15 MG FİLM KAPLI TABLET,8699578095314,N05AH03,Aktif,87.53
15569,ZYZAPİN 2.5 MG FİLM TABLET,8699578095291,N05AH03,Aktif,76.6
15570,ZYZAPIN 20 MG FİLM TABLET,8699578095352,N05AH03,Pasif,85.37
15571,ZYZAPIN 5 MG FILM TABLET,8699578095277,N05AH03,Pasif,92.19
15572,"ZYZAPİN 7,5 MG FİLM TABLET",8699578095307,N05AH03,Aktif,76.92
